x_value,intercept,slope,r_squared
1.0559546323493123,0.1156043835825189,0.2047654221761872,0.5496925173092712
1.6460226718336344,0.3170174875014888,0.42203458549707473,0.5983726214112324
0.1654875911772251,0.003475353140958496,0.07720952665590593,0.3005615809602054
-0.5696596810594201,1.094277414560835e-4,0.03663221362053324,0.08752020840587875
-1.91322161257267,-0.010189497018868225,0.02346579707460643,0.03304292528046346
-1.3300749910995364,-0.02376761973979605,0.04234878918762746,0.08774390603338565
0.9940114542841911,0.08178097464895868,0.16151448975247182,0.5874511372972927
0.4645878095179796,0.031436435671997866,0.09479390940763036,0.3010886993558252
1.6062435852363706,0.28681429671720066,0.3626591015630063,0.43096178032781346
1.5370300700888038,0.23851716711523543,0.25989703776737877,0.48713088827003354
-0.19500907324254513,-0.0039917832914305226,0.06985141610715316,0.2362340615558955
1.868882884271443,0.4339516067228277,0.44742075629448186,0.640350827044711
1.0273842280730605,0.10324657822304453,0.2623923234214927,0.6450006853120372
0.018453452736139297,0.009307953706483935,0.08002159241200985,0.2345220542281722
1.4938080413267016,0.2320793470656442,0.27660358044470396,0.49195648019210275
1.050357879139483,0.09187734960744318,0.15850857548224856,0.5487345804930185
0.3388914940878749,0.017784381544863056,0.17163326596945336,0.3704986475788145
0.5543178478255868,0.04412811148581632,0.15964550190645946,0.4670698347477374
1.8911317409947515,0.4288443115867163,0.3871255590591567,0.6142497861175505
0.12075510248541832,0.0118295434411369,0.0959833038428997,0.22513119969261283
-0.4279324598610401,0.0013526088867573023,0.035072994103487826,0.06019173412810159
0.10281046945601702,-8.982052224083096e-5,0.11682547998932248,0.5063529725262828
-0.36873119696974754,0.0016266913790360812,0.0038481063854259416,9.230088687914693e-4
0.6825464768335223,0.05540879102717842,0.1538866729781674,0.5118542045323371
1.0536231370642781,0.09132281438873396,0.13675217599212597,0.37034703976549405
-0.04645300377160311,0.0011274240975682676,0.07381905611600721,0.20573199156005434
1.8577180206775665,0.3902725600158559,0.43963125162250155,0.5812291182061211
-1.305181808769703,-0.020557821953789267,0.06853751437317013,0.16969318697875557
-1.1153339091688395,-0.0042824458680831455,0.017119705145597054,0.021684683189286295
1.5128338979557157,0.22506786134641582,0.37959252049158515,0.61962340885709
0.14567958004772663,0.004046692219424062,0.06883012765626764,0.20772459718071482
-0.8147902991622686,-0.001080888605972411,0.07192237681328528,0.23672028981166213
-0.9483598964288831,-0.008849547565593727,0.029906579187934518,0.05746984017988996
-1.6928334571421146,-0.02637277973963894,0.061964393324790215,0.15576987209977375
-0.3532482720911503,-0.018250167248586607,0.1495265771817784,0.46022330540099743
1.2374841310083866,0.1585432515836364,0.29239912209620894,0.5638702040534703
0.9691744102165103,0.0999418675984616,0.297060042434371,0.556717761871692
-0.4564592642709613,-0.019905303251885484,0.05625796459850482,0.2162480033448282
-0.8802323266863823,-0.019113094434706598,0.058284514233593716,0.14267593514446508
-1.2564713843166828,-0.03155212874083918,0.08221145237393401,0.2289070793373432
0.6888947850093246,0.06689166402586552,0.23083102398440125,0.5244333297744659
0.7622068980708718,0.07301809369479187,0.18662178065537918,0.5202562479144203
0.5386389996856451,0.029621080690667906,0.15336365563241547,0.5322293092574771
-1.7363171577453613,-0.019858538260508256,0.10559522133084392,0.24067238175677846
-0.1993826050311327,-0.0024839021127882736,0.07676323143970683,0.23133009749484443
1.8548422241583467,0.42097873494691357,0.3997107806462014,0.6539986065027188
-0.4041648106649518,-0.00796218510213171,0.055464522076580744,0.15538090102577953
0.02545048203319311,0.006888883728984633,0.05762956861127896,0.166343150448413
1.7388703431934118,0.3912036057170833,0.4586268162047745,0.643336122246281
1.1932320343330503,0.11156608161676007,0.13710783102172786,0.41995482427211545
1.5530157024040818,0.2555690511409862,0.29422254015610494,0.4353372927960147
-1.0019494630396366,-0.009746092158885921,0.039216289308320974,0.079492182039893
-1.3347149454057217,-2.359709012810055e-5,0.029784021682811076,0.04503887816845169
1.856507665477693,0.41031537853199646,0.4106909855717922,0.6717195101459842
1.770075859501958,0.3179272108210979,0.2503650606070352,0.4902913508830445
-0.05868871230632067,-6.292813767555118e-4,0.053632301103861635,0.14369994556912508
-1.981585055589676,-0.02468728689709484,0.06558930749599672,0.15163920099111403
-0.6827337415888906,-0.030080536996123886,0.07352772157971668,0.15618225778190872
-1.2205808330327272,-0.020789079803260047,0.07255198749314554,0.23439252530038818
1.3086409410461783,0.1689097798227835,0.2147054397069058,0.439890635507312
-1.981690333224833,-0.006014382596763497,0.016503421147328116,0.019551660589251316
1.6634418992325664,0.3159722022347648,0.4150502254423663,0.5544005707948357
0.46604083850979805,0.03556882895655366,0.11218510074612835,0.4009964800945962
-1.617138990201056,-0.007775339835658533,0.030017374125520097,0.053364999800749595
1.8211640575900674,0.4049484863640596,0.32147956109717934,0.5004488591382594
1.373109425418079,0.1869580973700733,0.26619779190144893,0.44746838684908924
-0.39890385419130325,-0.017739105608274023,0.0953195152963231,0.37154145157134916
-1.4307015463709831,-0.02326315195458198,0.07411728058777603,0.2990209017299914
-0.06152646616101265,-0.00613273126674277,0.05008433717745928,0.13705612253753818
-0.09835008531808853,-0.0036008803009840934,0.07522811861107893,0.22752039889780845
-0.670864068903029,-0.008438873290853247,0.06327436952934437,0.23218135536564058
1.404408517293632,0.2102268109987367,0.2900574785928159,0.5706205210546148
0.6791006084531546,0.04788110717232519,0.16702797715981266,0.5829515798248194
1.4079291857779026,0.22127113859990394,0.3081992107266707,0.5879078494237664
-1.82729169446975,-0.021125997736229175,0.015855646070532036,0.016076952291385203
0.852188054472208,0.06498305782791088,0.20910067281554148,0.5908280557901185
0.9697492877021432,0.10939047244800867,0.2660634785538254,0.5753713298459301
-0.7973846197128296,-0.014991273591611976,0.04919947198708453,0.13620986106415897
0.8101210063323379,0.05947344978047938,0.12453208834558487,0.29582072579717
1.3661732450127602,0.20363216084080368,0.3805526858067928,0.6080973442608852
0.07812256086617708,0.016062413876660662,0.07121250969528807,0.1843481562562896
0.9860497824847698,0.10502175472657767,0.18707742251016654,0.4983383606916124
-1.008160412311554,-0.02331986580584586,0.06409639403298399,0.15273875996672534
-1.0311252558603883,-0.017181958479254092,0.07337028960014319,0.116636721924211
0.629339100793004,0.030113274434070754,0.12643701993282463,0.3950993860804271
-1.2371015520766377,-0.010966808279452806,0.012470645441208033,0.007658225157912303
0.5190853634849191,0.017721947538210867,0.12070422618956662,0.3415605708492362
0.4461408657953143,0.01800407804688225,0.14769781410009775,0.3713723207891399
-0.7812269013375044,-0.011427724537929408,0.03572898808873274,0.07698023652424489
-1.794845568947494,-0.007353265030734207,0.05117687117410816,0.15192975884896978
1.3991231443360448,0.21147904671623136,0.395987495913779,0.7044968708762167
0.8820502357557416,0.06102554070848019,0.21047525838633704,0.5919038798317758
1.0059495847672224,0.09853733054760506,0.1673832808843361,0.49676276030283034
1.8397241681814194,0.4087869939833754,0.4086053257069419,0.460340314844426
-0.524103619158268,-0.017388236972031196,0.04770517299586189,0.10581929754118746
-1.1674167709425092,-0.024505772189612217,0.03431374286137368,0.05627275971740097
1.5592527780681849,0.2527475063807761,0.28019056891232874,0.6047548452254956
0.20329434145241976,3.111399389619324e-4,0.08693327429286815,0.28972625609229835
0.42635167110711336,0.030350069640102468,0.11166013809719773,0.39964004123522334
0.13959218934178352,0.010156239928794868,0.07561226993105918,0.20033992356632638
0.018709677271544933,-0.008332580214509121,0.12229303623643178,0.4267418243159175
-1.3967935480177402,-0.017103664425176333,0.017074900475013994,0.02050222204215905
1.1525333197787404,0.11134962606787802,0.27300693824329886,0.6595449097597349
1.8356923572719097,0.3616326984687752,0.2689172990149901,0.4903797455006711
-0.0509404931217432,0.010501230707777722,0.08458784856185395,0.30445938424983954
-1.429890145547688,-0.017540794301089683,0.0025395781825682125,7.053322897170453e-4
1.4566272757947445,0.23360972330441654,0.2610709884964509,0.5084275461937403
0.5015628328546882,0.04817464869122558,0.2006171039046018,0.6220250571444057
-1.4560071704909205,-0.015149832243083064,0.02639363776814359,0.04664330877460372
-0.8261374570429325,-0.01061940630773479,0.05332084565181746,0.09907973158076988
1.496450082398951,0.2225366072665679,0.3729593955867809,0.5552970695082504
-1.7463604919612408,-0.0020752252340255194,0.03898228583018897,0.08290616516655146
1.3697784403339028,0.1961619157892516,0.2893144811360198,0.5909261957024808
1.4873204035684466,0.23328413545561397,0.30629769323498235,0.5683118439589981
0.38387272227555513,0.0071593551062609255,0.10318659302300376,0.38952921887764846
0.8043844001367688,0.06621091550453322,0.16974576393202825,0.5280209243516154
1.904901884496212,0.43356925950330744,0.33918840643996867,0.44642215928663564
-1.19157902803272,-0.012469072268428014,0.13584746403299824,0.3900035368035686
1.344115111976862,0.17707088793423334,0.2331546841507666,0.47735087209867205
-1.981643601320684,-0.015584091971258285,0.01513037641274927,0.016302197162054787
1.1720561161637306,0.10588216230641104,0.2576075437973396,0.6190161271461455
0.027291531674563885,-0.009169187238501648,0.07029174477420379,0.19493264319423925
-1.2984757218509912,-0.018518989548801306,0.01575949710175487,0.0186290565234814
1.8077048882842064,0.38606021965775233,0.3688279769119333,0.5976882469142403
0.8912838194519281,0.09523618874807437,0.2704215211699904,0.5334578147350238
1.2037386493757367,0.14768754304622864,0.19156807050496993,0.4968413601051705
-1.2052264902740717,-0.018255142298265328,0.14955141113425383,0.435399422091677
-0.5960038229823112,-0.011288588151927629,0.05117904911428383,0.11819490111001707
-0.16999090556055307,-0.00791183498581043,0.05842051850234787,0.18091790581120298
-1.8315931679680943,-0.013356997115562893,0.01141794795867409,0.005871759900321751
-0.872320769354701,-0.009683704378245398,0.05218587412128651,0.17188879921887265
0.35945678781718016,0.0032789095140824363,0.1240143019903962,0.37584951875714123
0.766055054962635,0.06585693765182851,0.15718661978582057,0.37508351352794006
1.3933087475597858,0.19609687883431395,0.24932240723956253,0.5757390197286468
1.0470647877082229,0.11638829056307112,0.3044263586425827,0.5824879577151577
-1.569362255744636,-0.012274066376266261,0.0015663152474941924,2.0855941246624387e-4
0.9718899158760905,0.09277176358982497,0.25557458656605647,0.6238967995639623
1.1914468863978982,0.1207913112513201,0.26772385578427793,0.6994139358733111
-1.048352025449276,-0.028416756996020236,0.07332804061404348,0.21853354320530805
1.4125139489769936,0.194116047732465,0.23360465698792465,0.4533234514121869
-1.7246536770835519,-0.009817640010729793,0.0547842806780059,0.08913428731683963
0.8041019905358553,0.07141143863044445,0.1544780080876905,0.42437232260636654
-1.9284330513328314,-0.007369594608764886,0.03214150650810799,0.0721566312268309
-1.5612272806465626,-0.00781615973261711,-0.005045765031721886,0.001249574047856081
1.6710722045972943,0.31594649874450254,0.2850574988799431,0.5470137315321084
-1.2362626679241657,-0.019648850307919467,0.04012808982199626,0.12287670874285263
-1.9799902476370335,-0.013205160911257416,0.039268990076270445,0.09515394894786275
0.6700471378862858,0.047853108584459784,0.1729718199085035,0.5433648138273715
-1.63379942253232,-0.015645720753504573,0.05997634329778562,0.18976747959077953
-1.802869401872158,-0.021514631470192717,0.07784345226940985,0.19375383745293445
-1.4243813967332244,-0.012625786842921202,0.025138373563030825,0.022149169554661074
-0.6170928999781609,-0.017848203499571558,0.06075624197718691,0.19726831172176
-1.5298285726457834,-0.019561471347562115,0.048693868456499444,0.1150993387402048
-1.7306016059592366,-0.017674287474768256,0.03794486815800999,0.08082073568761637
-1.9829215668141842,-0.006684037072735065,0.027717329296315263,0.050720440086887676
0.5425610579550266,0.035257864218687714,0.06542715133863616,0.19396785576183576
1.0877599706873298,0.13048917537723254,0.24781609522134476,0.6503429863981506
0.5389045383781195,0.020430516056421846,0.1461086835640315,0.4814828720358995
0.9727049423381686,0.08649527198396023,0.17386983534140224,0.42491126782309224
1.9399545462802052,0.4945473816470292,0.43964361960023096,0.6210943805813497
-1.4377320604398847,-0.0072689369196314215,0.07842424805777784,0.17714434664064987
0.9786271676421165,0.09505423997674228,0.20610772663151827,0.5217870278007493
-0.004690481349825859,0.0017974678148606703,0.07008452096489148,0.22814862691768795
0.8842852199450135,0.06225802750421535,0.11523003689268682,0.3580854098390686
0.22775206156075,0.02327442963816386,0.13350648611739693,0.39464343736589774
-1.6551728723570704,-0.023085922003839444,0.0285607678707744,0.03610489652096585
-0.7309646103531122,-0.009798771538913115,0.03505803380130433,0.07416419624463531
-1.0189134199172258,-0.008133281510066197,0.0463471974783657,0.07953044100087481
-0.039127156138420105,-0.0017773492140018786,0.09978533267887982,0.29342555172557677
0.40937716607004404,0.026120497061760138,0.12291520617486994,0.3116858435350547
0.9732188852503896,0.06736740429022611,0.13950480774458954,0.3620789293300144
0.3407342145219445,0.021026065542549453,0.1416056461320777,0.4213796603042348
-0.8458550879731774,-0.007350005115556446,0.035019100381161246,0.07725896471197019
1.809887571260333,0.36779178037370397,0.3774492905777433,0.5205656538850651
-1.3706678040325642,-0.00639884979507027,0.008402741852996418,0.004305486028703681
1.2491476694121957,0.1546867705005823,0.2737632998077489,0.5226499715846016
1.8329854989424348,0.3606911746984821,0.3406565772549624,0.4648145987431802
-1.1673550121486187,-0.008043780925936281,0.01110532866573279,0.006205278605450519
-1.3953377213329077,-0.01229656537770092,0.049040543787625505,0.13348475860377246
0.4235515780746937,0.020934231795470545,0.08671785633412582,0.3232775833445572
-0.6112185409292579,-0.010323211498591198,0.060162079552454714,0.10595682096749093
0.15584935247898102,0.00829547268909172,0.11085620081084249,0.34544197756213363
-1.9306257208809257,-0.02029293080475599,0.03102545366909445,0.029183990974791494
-1.1712994333356619,-0.01986202303790155,0.12385364974432536,0.37422290006467845
-1.896027316339314,-0.012726496011763391,0.02001034410613164,0.020660559983154015
-1.6862158849835396,-0.024450549135282152,0.015480300367655507,0.013408958902931272
-1.4087951574474573,-0.0132864708228644,0.023546485823272977,0.03667363429188206
-1.536126104183495,-0.022747128741722893,0.028891361193096727,0.051206768275484024
1.9109102440997958,0.43571434126707514,0.44334553356428313,0.5494996788536108
-0.4492521518841386,-0.015191312448296062,0.07712521154994195,0.1572653390313179
0.5009408425539732,0.02646937510144009,0.15232226979250155,0.56881354172622
-0.08663374278694391,1.0490699623868645e-4,0.11414188601996779,0.46028628522852566
0.7721768608316779,0.04312141090659257,0.13267037009841626,0.3885805574644747
-1.576279983855784,-0.037130058496715676,0.028827669478435625,0.057712247899995114
-1.7343973768875003,-0.018671645566148264,0.027390434641966332,0.043012745862886725
-1.529408236965537,-0.01767398029581941,0.08312089566926838,0.25744547566606113
0.970838793553412,0.0863069966039463,0.17735102624619076,0.4967005180224772
-1.169004451483488,-0.018038815355630497,0.10764949018828626,0.2583151005509531
-1.6865162830799818,-0.01963427638121882,0.056979975300882245,0.15416809244850865
0.5408813366666436,0.03705057414835321,0.14110433469947575,0.49282099953741987
