cruise,sample_n,stn_n
320620000000,3428,320
32H120020505,675,31
32H120020718,821,41
32H120040515,571,33
32H120040718,1297,58
33RR20160321,25,25
93F,1683,210
93G,1721,211
94H,1455,166
AE1032,15,5
AMT-11,75,25
AMT-13,33,10
BC5,1,1
BC9,3,1
BG9521,14,3
BG9522,13,3
BG9714C,144,23
BG9815C,57,10
BG9919B,6,3
BHS8,2,1
BIOMET2,27,27
BIOMET3,28,28
CD114A,35,6
CD114B,48,6
CH115A,6,6
Chang,11,6
Colville 2,1,1
D210,468,43
D212,507,48
DANCE,72,12
DB04 N54,1,1
DB04-9,2,1
Eppley1973,18,3
Eppley1977,19,7
FGRR-11a,6,1
FGRR-12,6,1
FGRR-13,6,1
FGRR-14a,6,1
FGRR-15,6,1
FGRR-21,2,1
FGRR-22,4,1
FGRR-23,6,1
FGRR-24,5,1
FGRR-25a,6,1
FGRR-31,6,1
FGRR-32,6,1
FGRR-33,3,1
FGRR-34,6,1
FGRR-35,5,1
FGRR-41,5,1
FGRR-42,5,1
FGRR-43,5,1
FGRR-44a,5,1
FGRR-45,3,1
FGRR-51,4,1
FGRR-52,5,1
FGRR-53,4,1
FGRR-54,5,1
FGRR-55,5,1
HOE-DYLAN-IX,69,2
HOE-DYLAN-V,92,7
HOE-DYLAN-VII,7,1
HRS1610,68,24
HS1,2,1
HS10,3,1
HX106,258,32
HX203,197,27
HX205,146,18
HX208,231,25
HX211,344,45
HX74,125,16
JR20030512,81,18
JR20040428,130,36
Joubert2011,60,12
Jul2008_Chem.csv,35,1
KM1314,57,21
Kokkinakis,14,14
Kuparuk 3,1,1
L1S1,4,1
L1S2,4,1
L1S3,5,1
L1S4,5,1
L1S5,5,1
L1S6,6,1
L2S1,4,1
L2S3,6,1
L3S1,4,1
L3S2,4,1
L3S3,4,1
LMG1801,102,34
Lim,11,11
Lower_Bay,22,1
Lower_Choptank,2,1
MCH_M00_M14,6869,1433
MI,22,2
MICRODYN/1,3,3
MICRODYN/2,3,3
MICRODYN/3,3,3
MICRODYN/4,3,3
MR19-04,671,38
May2007_Chem,50,5
McMurdo,7,5
Mengesha1998,4,4
OA,11,1
OMEX1NA,27,6
OMEX2,207,36
Oct2007_Chem,48,4
Off Nome,1,1
PANGAEA.112033,23,1
PANGAEA.112034,25,1
PANGAEA.112035,25,1
PANGAEA.112036,28,1
PANGAEA.112037,23,1
PANGAEA.112038,25,1
PANGAEA.112039,25,1
PANGAEA.112040,26,1
PANGAEA.112041,27,1
PANGAEA.112042,27,1
PANGAEA.112043,29,1
PANGAEA.112044,28,1
PANGAEA.112045,30,1
PANGAEA.118606,6,1
PANGAEA.118608,8,1
PANGAEA.118611,7,1
PANGAEA.118612,8,1
PANGAEA.118613,8,1
PANGAEA.118615,8,1
PANGAEA.118618,8,1
PANGAEA.118619,8,1
PANGAEA.118620,4,1
PANGAEA.118622,8,1
PANGAEA.118623,8,1
PANGAEA.118624,8,1
PANGAEA.118629,8,1
PANGAEA.118630,8,1
PANGAEA.118632,8,1
PANGAEA.118657,1,1
PANGAEA.118658,2,1
PANGAEA.118660,3,1
PANGAEA.118661,3,1
PANGAEA.122121,1,1
PANGAEA.122127,7,1
PANGAEA.122131,13,1
PANGAEA.122132,20,1
PANGAEA.122133,16,1
PANGAEA.122134,24,1
PANGAEA.122135,23,1
PANGAEA.122136,22,1
PANGAEA.122137,23,1
PANGAEA.122138,18,1
PANGAEA.122139,14,1
PANGAEA.122144,24,1
PANGAEA.122145,17,1
PANGAEA.122146,23,1
PANGAEA.122147,24,1
PANGAEA.122148,23,1
PANGAEA.122149,24,1
PANGAEA.122150,24,1
PANGAEA.122151,23,1
PANGAEA.122158,24,1
PANGAEA.122159,24,1
PANGAEA.122160,10,1
PANGAEA.122165,12,1
PANGAEA.122166,14,1
PANGAEA.122167,17,1
PANGAEA.122173,22,1
PANGAEA.122174,24,1
PANGAEA.122175,17,1
PANGAEA.122176,20,1
PANGAEA.122177,19,1
PANGAEA.122178,20,1
PANGAEA.122179,16,1
PANGAEA.122180,24,1
PANGAEA.122181,23,1
PANGAEA.122182,23,1
PANGAEA.122187,15,1
PANGAEA.122188,7,1
PANGAEA.122189,21,1
PANGAEA.122190,15,1
PANGAEA.122191,15,1
PANGAEA.122192,18,1
PANGAEA.122193,20,1
PANGAEA.122196,16,1
PANGAEA.122197,15,1
PANGAEA.122198,21,1
PANGAEA.122200,18,1
PANGAEA.122201,18,1
PANGAEA.122202,18,1
PANGAEA.122203,19,1
PANGAEA.122204,22,1
PANGAEA.122205,24,1
PANGAEA.122206,22,1
PANGAEA.122207,23,1
PANGAEA.122208,22,1
PANGAEA.122209,22,1
PANGAEA.122296,17,1
PANGAEA.128105,5,1
PANGAEA.128106,7,1
PANGAEA.128107,7,1
PANGAEA.128108,3,1
PANGAEA.128109,7,1
PANGAEA.128110,7,1
PANGAEA.128112,1,1
PANGAEA.128113,6,1
PANGAEA.128114,3,1
PANGAEA.128115,3,1
PANGAEA.128116,1,1
PANGAEA.128117,3,1
PANGAEA.128118,3,1
PANGAEA.128119,6,1
PANGAEA.128120,4,1
PANGAEA.128121,6,1
PANGAEA.128122,3,1
PANGAEA.128123,3,1
PANGAEA.128124,1,1
PANGAEA.128125,2,1
PANGAEA.128126,5,1
PANGAEA.128127,1,1
PANGAEA.128128,1,1
PANGAEA.128129,1,1
PANGAEA.128130,3,1
PANGAEA.128131,3,1
PANGAEA.128132,6,1
PANGAEA.128133,6,1
PANGAEA.128134,6,1
PANGAEA.128135,6,1
PANGAEA.128136,6,1
PANGAEA.128137,6,1
PANGAEA.128138,6,1
PANGAEA.128139,1,1
PANGAEA.128140,6,1
PANGAEA.128141,6,1
PANGAEA.128142,6,1
PANGAEA.128143,6,1
PANGAEA.128144,6,1
PANGAEA.128145,6,1
PANGAEA.128146,1,1
PANGAEA.128147,1,1
PANGAEA.128148,6,1
PANGAEA.128149,6,1
PANGAEA.128150,6,1
PANGAEA.128152,1,1
PANGAEA.128153,1,1
PANGAEA.128154,3,1
PANGAEA.128155,3,1
PANGAEA.128156,2,1
PANGAEA.132089,3,1
PANGAEA.132090,5,1
PANGAEA.132091,5,1
PANGAEA.132092,3,1
PANGAEA.132093,5,1
PANGAEA.132094,5,1
PANGAEA.132095,6,1
PANGAEA.132096,3,1
PANGAEA.132097,5,1
PANGAEA.132098,4,1
PANGAEA.132099,3,1
PANGAEA.132100,5,1
PANGAEA.132101,3,1
PANGAEA.132102,5,1
PANGAEA.132103,3,1
PANGAEA.132104,5,1
PANGAEA.132105,1,1
PANGAEA.132106,5,1
PANGAEA.132107,2,1
PANGAEA.132108,3,1
PANGAEA.132109,3,1
PANGAEA.132110,5,1
PANGAEA.132111,2,1
PANGAEA.132112,7,1
PANGAEA.132113,8,1
PANGAEA.132114,3,1
PANGAEA.132115,5,1
PANGAEA.132116,6,1
PANGAEA.132117,6,1
PANGAEA.132118,2,1
PANGAEA.132119,5,1
PANGAEA.132120,8,1
PANGAEA.132121,8,1
PANGAEA.132122,8,1
PANGAEA.132123,8,1
PANGAEA.132124,7,1
PANGAEA.132125,8,1
PANGAEA.132126,8,1
PANGAEA.132127,8,1
PANGAEA.132128,8,1
PANGAEA.132129,4,1
PANGAEA.132130,8,1
PANGAEA.132132,4,1
PANGAEA.132133,5,1
PANGAEA.132134,8,1
PANGAEA.132135,7,1
PANGAEA.132136,8,1
PANGAEA.132137,4,1
PANGAEA.132138,8,1
PANGAEA.132139,3,1
PANGAEA.132140,8,1
PANGAEA.132141,4,1
PANGAEA.135422; PANGAEA.135901,2,1
PANGAEA.135425; PANGAEA.135923,2,1
PANGAEA.135426; PANGAEA.135947,2,1
PANGAEA.135427; PANGAEA.135955,2,1
PANGAEA.135431; PANGAEA.135977,2,1
PANGAEA.135432; PANGAEA.135979,1,1
PANGAEA.135434; PANGAEA.135985,2,1
PANGAEA.135435; PANGAEA.135986,3,1
PANGAEA.135436; PANGAEA.135990,2,1
PANGAEA.135437; PANGAEA.135993,2,1
PANGAEA.135438; PANGAEA.135997,5,1
PANGAEA.135899,10,1
PANGAEA.135900,12,1
PANGAEA.135901,10,1
PANGAEA.135902,9,1
PANGAEA.135903,12,1
PANGAEA.135910,12,1
PANGAEA.135912,2,1
PANGAEA.135913,12,1
PANGAEA.135914,24,1
PANGAEA.135915,12,1
PANGAEA.135916,10,1
PANGAEA.135917,12,1
PANGAEA.135918,12,1
PANGAEA.135919,10,1
PANGAEA.135920,12,1
PANGAEA.135921,12,1
PANGAEA.135922,20,1
PANGAEA.135923,10,1
PANGAEA.135924,19,1
PANGAEA.135925,21,1
PANGAEA.135927,12,1
PANGAEA.135930,12,1
PANGAEA.135934,10,1
PANGAEA.135935,12,1
PANGAEA.135936,12,1
PANGAEA.135937,10,1
PANGAEA.135940,10,1
PANGAEA.135941,12,1
PANGAEA.135942,22,1
PANGAEA.135943,10,1
PANGAEA.135944,10,1
PANGAEA.135945,12,1
PANGAEA.135946,12,1
PANGAEA.135947,10,1
PANGAEA.135948,10,1
PANGAEA.135949,24,1
PANGAEA.135950,16,1
PANGAEA.135951,10,1
PANGAEA.135952,10,1
PANGAEA.135953,12,1
PANGAEA.135955,10,1
PANGAEA.135956,12,1
PANGAEA.135957,12,1
PANGAEA.135958,24,1
PANGAEA.135960,10,1
PANGAEA.135962,10,1
PANGAEA.135963,12,1
PANGAEA.135964,10,1
PANGAEA.135965,10,1
PANGAEA.135966,24,1
PANGAEA.135967,10,1
PANGAEA.135971,11,1
PANGAEA.135972,24,1
PANGAEA.135973,12,1
PANGAEA.135974,10,1
PANGAEA.135975,24,1
PANGAEA.135977,9,1
PANGAEA.135978,10,1
PANGAEA.135979,11,1
PANGAEA.135980,10,1
PANGAEA.135983,12,1
PANGAEA.135984,12,1
PANGAEA.135985,10,1
PANGAEA.135986,21,1
PANGAEA.135987,6,1
PANGAEA.135988,11,1
PANGAEA.135989,21,1
PANGAEA.135990,10,1
PANGAEA.135991,10,1
PANGAEA.135992,12,1
PANGAEA.135993,10,1
PANGAEA.135994,12,1
PANGAEA.135995,2,1
PANGAEA.135996,8,1
PANGAEA.135997,5,1
PANGAEA.135999,10,1
PANGAEA.136156,12,1
PANGAEA.194773,4089,4088
PANGAEA.385571,1,1
PANGAEA.385573,4,1
PANGAEA.385577,2,1
PANGAEA.755658,26,25
PANGAEA.806107,13,3
PANGAEA.806109,14,3
PANGAEA.81038,6,1
PANGAEA.81039,6,1
PANGAEA.81040,6,1
PANGAEA.81041,6,1
PANGAEA.81042,6,1
PANGAEA.81049,7,1
PANGAEA.81050,6,1
PANGAEA.81051,6,1
PANGAEA.81052,6,1
PANGAEA.81059,6,1
PANGAEA.81060,8,1
PANGAEA.81061,6,1
PANGAEA.81062,1,1
PANGAEA.81063,6,1
PANGAEA.81069,6,1
PANGAEA.81070,6,1
PANGAEA.81071,6,1
PANGAEA.81072,6,1
PANGAEA.81073,6,1
PANGAEA.81074,6,1
PANGAEA.81075,6,1
PANGAEA.81086,8,1
PANGAEA.81087,7,1
PANGAEA.81088,6,1
PANGAEA.81089,6,1
PANGAEA.81090,6,1
PANGAEA.81102,6,1
PANGAEA.816674,61,5
PANGAEA.816724,24,3
PANGAEA.816725,85,5
PANGAEA.816726,76,4
PANGAEA.816727,49,3
PANGAEA.816728,41,3
PANGAEA.816729,52,3
PANGAEA.816730,61,4
PANGAEA.816732,80,7
PANGAEA.818425,11,1
PANGAEA.818432,6,1
PANGAEA.818760,8,1
PANGAEA.971264,6,1
PEGASE 98,17,17
PEL 2000,38,38
PEL 2001,47,47
PF,21,2
PLAGIA 6,14,14
PLAGIA1,12,12
PLAGIA2,12,12
PLAGIA3,11,11
PLAGIA4,12,12
PLAGIA5,12,12
PS1809,361,64
Price,10,3
Probyn-1985,7,7
Probyn1988,8,2
QUICKSEINE 98,8,8
REU01_L1S2,6,1
REU01_L1S3,9,1
REU01_L2S1,6,1
REU01_L2S2,9,1
REU01_L2S3,9,1
REU01_L2S4,13,1
REU01_L2S5,13,1
REU17_L1S2a,13,1
REU17_L1S3,13,1
REU17_L1S4,13,1
REU17_L1S5,13,1
REU17_L1S6,13,1
REU17_L2S1,12,1
REU17_L2S2,13,1
REU17_L2S3,13,1
REU17_L2S4,13,1
REU17_L2S5,12,1
REU17_L3S1,13,1
REU17_L3S2,12,1
REU17_L3S3,13,1
REU17_TEST,12,1
REU_L2S1A,7,1
Remsen1971,32,31
Riegman,24,24
SA,30,3
SAV-11-30,1,1
SAV-14-08,5,2
SAV-14-11,4,2
SAV-14-18,20,11
SAV-14-19,17,9
SAV-14-23,20,9
SAV-14-28,15,7
SAV-17-16,31,9
SPOT,86,1
ST,41,4
SV23C,2,2
SV24B,3,3
Sargasso_Sea,4,1
Sato2025,7,7
Shiozaki,28,7
Smith-2022,7,7
Stanley2023,120,45
Station 1,3,2
Station 10,1,1
Station 1A,1,1
Station 2,2,1
Station 6,2,1
Station 9,1,1
TN278,193,20
TTN007,1059,55
Takeda2020,18,2
Thomalla,29,5
Varela1999,140,5
W1,1,1
WNS 3,1,1
WT1,4,2
WT9,2,1
Wan2021,42,4
Wan2024,89,11
NA,19,8
