month,lat01,lon01,mean_ADG
1,-78.08,-176.42,0.01443741685786965
1,-76.58,-178.25,0.02226421819977986
1,-76.58,-178.08,0.028530167959946662
1,-76.58,168.92,0.014672959556391592
1,-76.58,175.92,0.02536439435083594
1,-76.58,176.08,0.022995213016838534
1,-76.58,176.92,0.025319084283837584
1,-74.08,176.92,0.012619265805388212
1,-69.42,-76.42,0.016819628393971064
1,-68.92,-77.25,0.010768880767702486
1,-68.42,-78.42,0.010897556336001596
1,-68.42,-75.25,0.012299106795002112
1,-67.92,-76.42,0.011072692929503872
1,-67.92,-73.42,0.014224489939806515
1,-67.92,-70.08,0.02398784432601108
1,-67.58,-71.08,0.02604902705115819
1,-67.42,-74.58,0.011579791003431966
1,-67.25,-71.58,0.033637034353511085
1,-67.08,-69.08,0.012137734111117786
1,-66.75,-72.92,0.012545794913318422
1,-66.58,-69.58,0.015322703149943282
1,-66.08,-68.42,0.015458594515538687
1,-65.92,-71.58,0.011255540537010682
1,-65.58,-66.42,0.02175666407875523
1,-65.42,-69.92,0.011862366530597988
1,-65.42,-66.92,0.016602985288458157
1,-65.42,52.92,0.009051647342243035
1,-65.42,53.08,0.009384988844330007
1,-65.08,-67.08,0.01505060810094174
1,-65.08,-64.75,0.014277840724389534
1,-65.08,-64.58,0.01658019983155449
1,-64.92,52.92,0.009624121999818712
1,-64.75,-68.42,0.012303629288017148
1,-64.08,-64.08,0.011970835118708048
1,-63.58,53.58,0.0084747277991846209
1,-62.25,53.92,0.00833561982959509
1,-60.25,54.58,0.008653951813466848
1,-58.42,55.08,0.00998263138346374
1,-56.42,55.58,0.010263620046898722
1,-54.08,56.42,0.011058518285863102
1,-50.92,57.42,0.012304824385792015
1,-48.75,57.75,0.011939987814985216
1,-48.08,57.58,0.01248595165554434
1,-45.08,57.58,0.013939822362735868
1,-43.08,8.42,0.011972745959647
1,-42.25,57.58,0.01686956490855664
1,-40.42,57.58,0.016022312846034767
1,-38.42,57.58,0.012449996168725191
1,-36.42,57.42,0.009298110506497323
1,-35.08,57.25,0.007705877809785306
1,-32.25,57.08,0.006120432028546929
1,-30.42,55.08,0.006048854705877602
1,-23.08,-120.08,0.0023789797525387256
1,-23.08,-100.08,0.003136479747481644
1,27.92,-155.08,0.008005687943659722
1,33.42,-118.58,0.036865853709168735
1,45.25,-1.58,0.06000638314522803
1,45.42,-2.08,0.040668715283973145
1,45.42,-1.92,0.05059888266725466
1,45.42,-1.75,0.06558139617787674
1,45.42,-1.58,0.08264368607429788
1,45.42,-1.42,0.09000388890737668
1,45.58,-2.58,0.028584485443716404
1,45.58,-1.92,0.05170179077191278
1,45.58,-1.58,0.07733089437708258
1,45.75,-2.25,0.041827620353433306
1,45.75,-1.75,0.07260392201074865
1,45.92,-2.42,0.03827474530728068
1,45.92,-2.08,0.055740790840936826
1,45.92,-1.92,0.06806478646292817
1,46.08,-2.92,0.03218022509710863
1,46.08,-2.58,0.041010320815257725
1,46.08,-1.92,0.06578479028365108
1,46.25,-2.42,0.05987228821206372
1,46.25,-2.08,0.07306703181413468
2,-78.08,-176.08,0.014080836514485596
2,-76.58,-178.42,0.015231308286418327
2,-76.58,-178.08,0.01411292013385958
2,-76.42,163.25,0.015550062741177888
2,-76.08,163.08,0.001748872651140638
2,-66.25,-168.92,0.010872140779004743
2,-64.92,-169.42,0.010493199993409991
2,-63.25,-170.08,0.010150808717298789
2,-60.42,-170.25,0.010074144231718188
2,-58.58,-170.08,0.010199369067170968
2,-57.08,-170.42,0.00980161457361343
2,-53.08,-174.92,0.011972788503044283
2,-2.08,-140.25,0.009890861489111558
2,-1.25,-140.58,0.010992857981667234
2,-1.08,-140.42,0.01130145177982437
2,-1.08,-140.08,0.011294420561171137
2,-0.08,-140.58,0.012172719104758777
2,-0.08,-140.42,0.01225422952362957
2,-0.08,-140.25,0.01219172946487864
2,0.92,-140.42,0.011176885745953768
2,1.08,-140.42,0.01090978508000262
2,1.08,-140.08,0.010988170445974296
2,1.25,-140.42,0.010708656564626532
2,1.75,-140.08,0.010019750324621176
2,1.92,-140.08,0.00978825735122276
2,2.92,-140.08,0.009057360759470612
2,4.92,-140.08,0.008589537052709298
2,6.92,-140.08,0.008479924062460972
2,9.08,-140.25,0.007416697345130767
2,11.92,-140.08,0.007272270663330953
2,27.92,-155.08,0.008233034595226249
2,27.92,154.92,0.012223500346105236
2,33.42,-118.58,0.03783191151160281
2,44.92,-2.08,0.03461074807758754
2,44.92,-1.92,0.04097868301808679
2,44.92,-1.58,0.05981428733017916
2,45.08,-2.42,0.029885652775798615
2,45.08,-2.08,0.04103231010473488
2,45.08,-1.58,0.06163747457806797
2,45.25,-1.92,0.054704575954626
2,45.25,-1.58,0.07047675421927124
2,45.42,-2.08,0.05265237101896977
2,45.42,-1.92,0.061761988850776106
2,45.42,-1.75,0.0737925956879432
2,45.42,-1.58,0.07891230089201902
2,45.42,-1.42,0.08893511253215063
2,45.58,-2.25,0.049708322585502174
2,45.58,-2.08,0.057702431125411145
2,45.58,-1.58,0.08874233136884868
2,45.75,-1.75,0.08075236472359393
2,48.42,-126.92,0.027643443512109418
2,48.92,-130.92,0.018010444694179267
2,49.08,-138.92,0.018440546724984113
2,49.42,-138.92,0.01728745427438601
2,49.58,-142.58,0.016701377142453566
2,49.92,-145.08,0.016507654033678893
2,49.92,-134.92,0.017555600770720048
3,-71.42,-166.08,0.01463834087520478
3,-70.58,-166.08,0.014776225845054844
3,-69.42,-168.58,0.0104731239288495
3,-67.58,-170.08,0.009541129532181005
3,-66.25,-169.92,0.009006096648388646
3,-64.92,-169.42,0.008450703976753479
3,-63.25,-170.08,0.008603986890174132
3,-61.92,-170.25,0.008193613370071705
3,-57.58,-0.08,0.009527627400147093
3,-55.58,-0.08,0.0104478404893981
3,-54.42,-173.42,0.009740413781745654
3,-51.92,-0.08,0.010332371338613724
3,-50.42,1.08,0.011117218959292298
3,-49.08,2.58,0.010024496501213623
3,-47.58,4.25,0.008895018434544143
3,-46.08,5.75,0.010051721692281334
3,-45.08,6.42,0.010326536578175269
3,-44.92,6.58,0.010258505463992295
3,-42.58,8.75,0.01080410893222219
3,-41.25,9.75,0.013242080361631357
3,-36.58,12.92,0.013144536512462716
3,-34.58,14.25,0.013032617640534514
3,-26.58,94.92,0.004106554264006646
3,-24.92,94.92,0.004197694647959188
3,-22.58,94.92,0.004384887620414558
3,-20.92,94.92,0.0046380454649854646
3,-17.58,94.92,0.005022579757496715
3,-12.42,-134.92,0.006386690677486752
3,-12.25,-135.08,0.006511278563228092
3,-12.25,-134.92,0.00650664192967509
3,-12.25,-134.58,0.006595940184534381
3,-12.08,-135.08,0.0065071682862349245
3,-9.08,-137.42,0.007608264669972031
3,-7.08,-80.92,0.102237253518481
3,-5.25,-140.25,0.00828297528879423
3,-5.25,-140.08,0.008203133176031866
3,-5.08,-140.08,0.008309624393127466
3,-3.42,-80.92,0.03970251831373102
3,-3.08,-140.08,0.008387168241958868
3,-3.08,-80.92,0.03545835197560097
3,-2.92,-80.92,0.03359354474630795
3,-2.58,-81.25,0.029115018483839537
3,-2.42,-81.42,0.026806465810851048
3,-2.08,-140.92,0.008948703267072377
3,-2.08,-140.58,0.008900852447473689
3,-0.58,-80.92,0.023171641442336535
3,-0.42,-80.75,0.02242361516936829
3,-0.08,-80.75,0.020713980785129885
3,0.08,-80.75,0.020408376017095227
3,0.58,-80.42,0.02067180232782113
3,1.42,-79.58,0.03380033168390295
3,1.58,-79.42,0.033091625622718744
3,1.92,-79.25,0.029522092503152395
3,2.42,-79.08,0.026055397367791125
3,2.92,-78.75,0.02618528869689295
3,3.08,-78.42,0.03832310625400982
3,3.25,-78.42,0.031088954945536037
3,3.58,-78.08,0.0277066705356303
3,4.08,-77.92,0.029453472391163048
3,4.25,-77.92,0.03249760500498508
3,4.58,-78.08,0.02946001844186532
3,5.58,-78.08,0.02917973396221274
3,5.92,-78.42,0.031284694765743457
3,6.92,-78.75,0.04592558696964069
3,7.25,-78.92,0.05053740486894783
3,7.58,-79.08,0.051918019991564125
3,7.92,-79.08,0.04906748967539323
3,9.92,64.75,0.009536768795040094
3,14.42,64.75,0.022272421444435357
3,14.58,64.08,0.027088889390181163
3,15.08,63.42,0.03497815912246312
3,15.25,68.58,0.01524293551123456
3,15.92,61.92,0.03981432259867066
3,18.08,67.42,0.02626465318822547
3,19.08,66.92,0.032213417832788666
3,19.08,67.08,0.0320945653770315
3,28.42,-91.08,0.06511914983979966
3,28.42,-90.92,0.065263832929103
3,28.42,-90.75,0.06825957224753341
3,28.42,-90.58,0.07296644332573603
3,28.58,-92.42,0.042865851217586744
3,28.58,-92.25,0.04409050052299311
3,28.58,-92.08,0.04761918464577512
3,28.58,-91.92,0.05826611364946554
3,28.58,-91.58,0.09110944733807916
3,28.58,-91.42,0.1079337451214853
3,28.58,-91.08,0.1366328160327516
3,28.58,-90.92,0.12817600401804635
3,28.58,-90.75,0.13615458626300098
3,28.58,-90.58,0.13579304086926736
3,28.75,-92.58,0.06247128991312102
3,28.75,-92.42,0.07102637656621243
3,28.75,-92.25,0.0804575789621786
3,28.75,-92.08,0.08953427196921486
3,28.75,-91.92,0.10632012262940407
3,28.75,-90.58,0.22741514400235915
3,28.75,-90.42,0.21839757171508511
3,28.92,-93.08,0.07527350432386523
3,28.92,-92.58,0.11162848254959834
3,28.92,-92.42,0.13492580551261965
3,28.92,-92.25,0.1482326039799342
3,28.92,-92.08,0.17513198796659707
3,28.92,-91.92,0.19927869780283225
3,28.92,-91.58,0.2413475763052702
3,28.92,-90.75,0.32319768743687555
3,28.92,-90.58,0.3203595078305194
3,28.92,-90.08,0.34305461519397795
3,28.92,-89.92,0.40085317896139855
3,28.92,-89.75,0.45888375545067617
3,28.92,-89.58,0.5023584671612633
3,29.08,-93.08,0.09825337660547934
3,29.08,-92.92,0.10895085083810908
3,29.08,-92.75,0.13206120019680576
3,29.08,-92.58,0.16094172627321984
3,29.08,-92.42,0.19880600576534083
3,29.08,-89.92,0.4967234497399707
3,33.42,-118.58,0.044838921456156595
3,45.08,-1.58,0.06458452764506403
3,45.25,-1.58,0.07091416274442484
3,45.42,-1.92,0.05765734231589656
3,45.42,-1.75,0.06758062014062154
3,45.42,-1.58,0.07962310984730721
3,45.58,-2.08,0.05146055505365917
3,45.58,-1.92,0.06091834001831318
3,45.75,-2.42,0.04532927257057868
3,45.75,-2.08,0.05727576405104054
3,45.75,-1.75,0.07664042291672606
3,45.92,-2.42,0.05158014971958964
3,45.92,-1.92,0.07125223988152453
3,45.92,-1.58,0.10150086800690349
3,46.08,-2.42,0.06039731316268444
3,46.08,-2.25,0.06190128898934314
3,46.08,-1.92,0.07670075043202623
3,46.25,-1.92,0.08582725320011378
3,46.42,-2.42,0.07372128958568762
3,48.42,-126.92,0.0336250623148915
3,48.92,-130.92,0.022576863588275094
3,49.08,-138.92,0.02075979941475548
3,49.42,-138.92,0.02045343976075712
3,49.58,-0.42,0.09672591176472212
3,49.92,-145.08,0.019485676945432236
3,49.92,-134.92,0.021564931020532783
3,57.92,-147.92,0.028766992357314416
3,58.08,-148.08,0.030347500444929065
3,58.25,-148.25,0.03221009367292649
3,58.42,-148.42,0.03529655386840826
3,58.58,-148.58,0.03808085161604379
3,58.92,-148.92,0.041524009388185255
3,58.92,-148.75,0.04045444793484517
3,58.92,-148.08,0.03983817595596376
3,59.08,-149.08,0.04423789127092612
3,59.08,-148.92,0.04307952138448232
3,59.08,-148.08,0.04198471117568643
3,59.25,-149.25,0.045437605943726866
3,59.25,-148.08,0.04365210874545339
3,59.42,-149.42,0.04462705733695705
3,59.42,-149.25,0.04498056660063173
3,59.42,-148.92,0.04442725503130963
3,59.42,-148.08,0.044523044741761525
3,59.58,-149.42,0.0411271852686217
3,59.58,-148.92,0.04252532523517546
3,59.58,-148.08,0.04647772780229007
4,-47.08,-50.42,0.016485755339751697
4,-41.58,9.58,0.011649197118671297
4,-40.08,10.58,0.01370870548167399
4,-31.42,43.92,0.007467811915104265
4,-15.42,94.92,0.005433396354632138
4,-13.75,94.92,0.005713798586496866
4,-11.58,94.92,0.006406231898233875
4,-10.42,94.92,0.006895625782380631
4,-8.42,94.92,0.006802227484159075
4,-6.75,94.92,0.00653740066079447
4,-4.58,94.75,0.006231786489680216
4,-3.25,94.25,0.0061694762197794855
4,-2.42,93.92,0.006349019403871778
4,0.42,92.92,0.006539673405372864
4,1.25,92.08,0.0066224625757472086
4,2.92,91.58,0.006726104258136315
4,4.92,90.42,0.007371535681962193
4,6.42,89.08,0.008417807864146186
4,7.92,88.08,0.008671321023207206
4,9.42,86.92,0.008698112174094497
4,10.58,87.08,0.008687671195328622
4,12.58,88.42,0.009430203665434927
4,14.42,-109.42,0.007525812858691463
4,14.42,89.42,0.01106225180306605
4,15.42,-110.08,0.007388077077588865
4,16.42,-107.25,0.008297826296516828
4,16.58,60.42,0.015940944773036165
4,16.92,89.58,0.014543122849306213
4,17.08,59.58,0.016588526003836812
4,17.42,-106.08,0.010820986388565658
4,17.58,58.92,0.02123282779637095
4,17.75,-103.92,0.019021112405295883
4,17.92,-110.08,0.0080154958156893
4,17.92,57.92,0.022015525439342896
4,18.25,57.08,0.08947798330336809
4,18.42,-110.08,0.008436643007489574
4,18.42,-104.58,0.032761642019953824
4,18.58,-104.25,0.03148777899029967
4,19.58,-105.92,0.05067733482929406
4,19.92,-106.25,0.03803090638686697
4,19.92,-106.08,0.0497698673990543
4,20.58,-106.25,0.038654174679866087
4,20.92,-110.08,0.010775495876933073
4,22.58,-110.92,0.014677335520262845
4,27.42,-93.08,0.012988908337308216
4,27.42,-92.08,0.011789619142504097
4,27.58,-94.42,0.019382130821816043
4,27.58,-94.08,0.01721299561224394
4,27.58,-93.92,0.01690134895336512
4,27.58,-93.58,0.015353516246155873
4,27.58,-93.42,0.014783726321751034
4,27.58,-93.25,0.014294110456263864
4,27.58,-93.08,0.01372450360931553
4,27.58,-92.08,0.011918288032681523
4,27.58,-90.58,0.012173141878969096
4,27.75,-93.08,0.014233797716049403
4,27.75,-92.75,0.013491242495063064
4,27.75,-92.58,0.012959911360998043
4,27.75,-92.42,0.012691188422213126
4,27.75,-92.08,0.012198133303408886
4,27.75,-91.92,0.011998547585802032
4,27.75,-90.58,0.01353495174946336
4,27.92,-94.25,0.021148786771220045
4,27.92,-93.08,0.01489676202514342
4,27.92,-92.08,0.012709153725390698
4,27.92,-91.42,0.012740502926194436
4,27.92,-91.25,0.01300892648710446
4,27.92,-91.08,0.014069400788224364
4,27.92,-90.75,0.015749359291724184
4,27.92,-90.58,0.015848263602268386
4,28.08,-93.08,0.016701870114095026
4,28.08,-92.08,0.013853201273731984
4,28.08,-90.58,0.01937765752678955
4,28.25,-94.75,0.036949722858315166
4,28.25,-93.08,0.019384737973186104
4,28.25,-92.08,0.017290770850301562
4,28.25,-90.58,0.030212792422767584
4,28.42,-93.08,0.022797843973551477
4,28.42,-92.08,0.023693785651937707
4,28.42,-91.25,0.05860709701362368
4,28.42,-91.08,0.06343523525427301
4,28.42,-90.92,0.07031272443664538
4,28.42,-90.75,0.07352541555203014
4,28.42,-90.58,0.06091505080437312
4,28.42,-89.92,0.09543757856666268
4,28.58,-94.08,0.03872203185864083
4,28.58,-93.08,0.03180875898907324
4,28.58,-92.42,0.033989564418889485
4,28.58,-92.25,0.03520089191953083
4,28.58,-92.08,0.038307638209942096
4,28.58,-91.92,0.04620276772501794
4,28.58,-91.75,0.05996640353741777
4,28.58,-91.58,0.0763781999189455
4,28.58,-91.42,0.09477170547107595
4,28.58,-91.25,0.12846494145546253
4,28.58,-91.08,0.16096777032286702
4,28.58,-90.92,0.15707559999707457
4,28.58,-90.75,0.14779534119532092
4,28.58,-90.58,0.14052139921718604
4,28.58,-90.42,0.1363455671030883
4,28.58,-90.08,0.1366210560761876
4,28.58,-89.75,0.17796185484470486
4,28.58,-89.58,0.14267608736242568
4,28.75,-94.08,0.0549949093225908
4,28.75,-93.08,0.0447493963814401
4,28.75,-92.58,0.05013365750866277
4,28.75,-92.42,0.05319086285670856
4,28.75,-92.25,0.0606431354369436
4,28.75,-92.08,0.06941960369805236
4,28.75,-91.92,0.0832954068220668
4,28.75,-91.58,0.14853208144376803
4,28.75,-90.58,0.20838782662229444
4,28.75,-90.42,0.23474377981846692
4,28.75,-90.08,0.28802429888300696
4,28.75,-89.92,0.32341907859187236
4,28.75,-89.75,0.31475113805189925
4,28.92,-94.08,0.07680322135520445
4,28.92,-93.25,0.07104969808420578
4,28.92,-93.08,0.06731196555804897
4,28.92,-92.58,0.07942863190909485
4,28.92,-92.42,0.0899562303267129
4,28.92,-92.25,0.10378014835734646
4,28.92,-92.08,0.1287237602927081
4,28.92,-91.92,0.16150038374902367
4,28.92,-91.75,0.19597397761588747
4,28.92,-91.58,0.23619800210966693
4,28.92,-90.75,0.37026738674779025
4,28.92,-90.58,0.3546548152556749
4,28.92,-89.92,0.4865720160184549
4,28.92,-89.75,0.5549895003764563
4,28.92,-89.58,0.6181216265994136
4,29.08,-94.08,0.10017822566744568
4,29.08,-93.08,0.09389508716375022
4,29.08,-92.92,0.09941065778302682
4,29.08,-92.75,0.1129786725361626
4,29.08,-92.58,0.1373490234957887
4,29.08,-92.42,0.16246239860336503
4,29.08,-92.08,0.2174900309606032
4,29.25,-94.08,0.17200649124509715
4,29.25,-93.08,0.1461562824907241
4,29.42,-94.08,0.3131184188479727
4,29.42,-93.08,0.23886984915702375
4,31.08,-79.75,0.011292811803664869
4,33.42,-118.58,0.045754066196741994
4,36.25,-72.08,0.014444867923081696
4,37.08,-76.42,0.7325833837191263
4,43.58,-2.08,0.04120858513157477
4,43.58,-1.92,0.04761112801875774
4,43.92,-2.42,0.03407657734275638
4,43.92,-1.92,0.040744639993584776
4,44.42,-2.42,0.0363335039031196
4,44.42,-1.92,0.03771369846223237
4,44.75,-2.42,0.03538837386658052
4,44.75,-1.92,0.039157854514075566
4,44.92,-3.08,0.032011426011608404
4,44.92,-2.08,0.03698231345163537
4,44.92,-1.92,0.03895320055111275
4,44.92,-1.58,0.05209443412188973
4,45.08,-3.58,0.03219627461988817
4,45.08,-2.58,0.03565720511092381
4,45.08,-2.42,0.036908504117715665
4,45.08,-2.25,0.0372556901548977
4,45.08,-2.08,0.037869867421202845
4,45.08,-1.92,0.04112571116246573
4,45.08,-1.58,0.05762243713554624
4,45.25,-2.08,0.04036564612156385
4,45.25,-1.92,0.045871273735417176
4,45.25,-1.58,0.06657863292214158
4,45.42,-2.92,0.03668772450999006
4,45.42,-2.08,0.04647019196168652
4,45.42,-1.92,0.05283811053430492
4,45.42,-1.75,0.06168674963054719
4,45.42,-1.42,0.09559064551994398
4,45.58,-3.92,0.0356395914848265
4,45.58,-2.25,0.044505797967605
4,45.58,-2.08,0.049902118198186546
4,45.58,-1.75,0.06798180753921533
4,45.58,-1.58,0.08924162011690341
4,45.75,-3.25,0.03542116620614157
4,45.92,-1.75,0.0686783076009967
4,46.08,-2.58,0.04788382806174167
4,46.92,-62.58,0.11789397867648184
4,47.58,-64.08,0.12461264973337
4,49.42,-0.42,0.13611716002999963
4,49.58,-66.08,0.12583837191296088
4,49.58,-62.08,0.05891530269658879
4,58.25,-148.25,0.044025281677022576
4,58.42,-148.42,0.04852751488857842
4,58.58,-148.58,0.05421813518449954
4,58.92,-148.92,0.059373654062291246
4,58.92,-148.75,0.058184736746956005
4,59.08,-149.08,0.06477549452751924
4,59.25,-149.08,0.07006337327048086
4,59.42,-149.42,0.054923685188949495
4,59.42,-149.25,0.05981175033617523
4,59.42,-149.08,0.06401066845071247
4,59.58,-149.42,0.04214129595739114
4,59.58,-149.08,0.05257571090085359
5,-45.42,38.58,0.008163816965933303
5,-44.58,-40.58,0.008619908619665592
5,-43.42,-45.42,0.011904021205636026
5,-43.08,40.75,0.009035132275878117
5,-41.08,-41.75,0.011873473396958111
5,-39.92,43.92,0.011023859136427444
5,-39.08,-38.75,0.01232348881377321
5,-38.75,11.58,0.01045698087869419
5,-37.92,-37.75,0.011270988799030116
5,-36.92,43.92,0.009712933274244684
5,-36.08,-34.92,0.008634914892415206
5,-34.92,-33.75,0.008191833797738784
5,-33.08,-31.08,0.007161266778388785
5,-31.42,43.92,0.00802851537656453
5,-30.92,-28.42,0.006270896343307362
5,-29.58,-27.08,0.005791637115180492
5,-28.25,-25.25,0.005572007454207374
5,-26.25,-25.08,0.005367007471310596
5,-24.42,-25.08,0.00465784080636998
5,-21.75,-25.08,0.004087470474445985
5,-21.08,-25.08,0.004031174184961452
5,-16.75,-25.08,0.003736914940074914
5,-14.08,-25.08,0.0038149241771962905
5,-12.42,-25.08,0.0040931186147241125
5,-10.75,-25.08,0.00445256302288423
5,-4.58,-25.08,0.007781822136085894
5,-2.42,-25.08,0.008565988805558946
5,-0.25,-25.08,0.010284970354081857
5,7.08,-27.92,0.010367181436676118
5,11.25,-29.58,0.009743600801771711
5,14.58,-30.92,0.008252736481113566
5,18.58,-32.42,0.006647053754164113
5,22.08,-33.92,0.005435711166097058
5,24.92,133.92,0.005511833848949108
5,25.92,-97.08,0.06694250654480938
5,25.92,-96.92,0.05356655796058476
5,25.92,-96.75,0.04376959642395377
5,25.92,-96.58,0.03496853594357769
5,25.92,-96.42,0.031355133362942274
5,25.92,-96.25,0.02638530336941282
5,25.92,-96.08,0.023753178047223225
5,26.08,-96.42,0.035439070598739714
5,26.42,-96.42,0.04384058010247019
5,26.58,-96.58,0.056719222375088266
5,26.75,-96.58,0.057943223137408496
5,26.92,-96.58,0.05887145327611102
5,26.92,-96.42,0.04830287697259337
5,26.92,-96.25,0.036114160380222735
5,26.92,-96.08,0.02700975601975289
5,27.08,-97.42,0.08788577496768936
5,27.08,-97.25,0.09950889125466349
5,27.08,-97.08,0.09985544927832152
5,27.08,-96.92,0.09240274503827096
5,27.08,-96.75,0.07140732197504905
5,27.08,-96.58,0.05842752552901705
5,27.08,-96.42,0.05160143693081207
5,27.25,-96.25,0.0384353663565384
5,27.25,-95.75,0.020467698708590533
5,27.42,-96.08,0.0327545695213808
5,27.42,-95.92,0.024906046538510255
5,27.42,-95.08,0.017950298606107633
5,27.42,-94.42,0.016358159865356155
5,27.58,-96.25,0.052515725382707185
5,27.58,-96.08,0.041014147875830534
5,27.58,-95.92,0.03215669749511613
5,27.58,-95.58,0.022099337354302407
5,27.58,-95.42,0.020520834184976088
5,27.58,-95.25,0.020344321828128564
5,27.58,-95.08,0.019976683069641392
5,27.58,-94.92,0.01941257427291324
5,27.58,-94.75,0.018991500789868748
5,27.58,-94.58,0.01810572468481647
5,27.58,-94.42,0.017884532620923387
5,27.75,-96.42,0.07361345232153932
5,27.75,-95.25,0.025579219308888748
5,27.75,-94.42,0.01986196082491208
5,27.92,-96.58,0.1007168675876326
5,27.92,-96.42,0.08732691631755896
5,27.92,-95.42,0.03384652215107861
5,27.92,-94.25,0.02069799192637826
5,28.08,-116.08,0.020348300790000298
5,28.08,-95.42,0.042188934536857736
5,28.08,-94.58,0.026694082799885006
5,28.08,-94.08,0.021877770306956437
5,28.25,-95.58,0.06274819667968486
5,28.25,-95.42,0.053823731102359794
5,28.25,-94.75,0.03590885463377668
5,28.25,-94.08,0.024040990020148457
5,28.42,-95.58,0.08361170097357697
5,28.42,-94.75,0.04004278916658627
5,28.42,-94.08,0.027909940178506076
5,28.42,-91.25,0.04645344189678629
5,28.42,-91.08,0.056075864999244614
5,28.42,-90.92,0.05896237659164601
5,28.42,-90.75,0.05831746932946973
5,28.42,-90.58,0.05439241322843979
5,28.58,-94.92,0.055000682878825403
5,28.58,-92.42,0.02564659364935425
5,28.58,-92.25,0.025395148935624296
5,28.58,-92.08,0.02867641653865576
5,28.58,-91.92,0.03492213421397739
5,28.58,-91.75,0.037287933120710985
5,28.58,-91.58,0.05552002672726909
5,28.58,-91.42,0.0663345748041239
5,28.58,-91.08,0.10921912292639414
5,28.58,-90.92,0.12305947108608152
5,28.58,-90.75,0.1248631143838995
5,28.58,-90.58,0.10217943555261526
5,28.58,-90.42,0.08307876531034708
5,28.75,-94.92,0.08099633250385523
5,28.75,-92.42,0.03793082096510463
5,28.75,-92.25,0.04018457625061274
5,28.75,-92.08,0.04655330280462901
5,28.75,-91.92,0.05642295990967088
5,28.75,-91.42,0.13610651774538887
5,28.75,-90.58,0.14300121396986976
5,28.75,-90.42,0.14474089176704483
5,28.75,-90.25,0.14756999927469425
5,28.92,-94.92,0.12322460789647369
5,28.92,-93.08,0.05817658998486069
5,28.92,-92.58,0.05462042258845435
5,28.92,-92.42,0.06443069959059358
5,28.92,-92.25,0.07896578096681171
5,28.92,-92.08,0.0835352996778157
5,28.92,-91.92,0.10185969036279452
5,28.92,-91.58,0.17202364458805983
5,28.92,-90.58,0.2204698898182768
5,28.92,-90.25,0.24561557308253315
5,28.92,-90.08,0.2624110411024756
5,28.92,-89.92,0.300476908021503
5,28.92,-89.75,0.3883842878457573
5,28.92,-89.58,0.4927704856627517
5,29.08,-94.92,0.23546841332895888
5,29.08,-94.58,0.13172074277988738
5,29.08,-94.42,0.12680193970186843
5,29.08,-92.58,0.09100376311689616
5,29.08,-92.42,0.1109445969056752
5,29.08,-89.75,0.4682627201080322
5,29.08,-36.92,0.005275225085723732
5,29.42,145.58,0.00899643295754989
5,29.92,146.92,0.009241734672751693
5,31.08,-80.42,0.03905071057379246
5,31.08,-79.75,0.0095870074039946
5,31.08,-32.75,0.00638345418135739
5,31.08,-32.58,0.0064481648668232895
5,31.42,-120.42,0.01841115886086805
5,31.92,123.92,0.1068583560803543
5,32.58,-117.58,0.02463021328051885
5,33.42,-118.58,0.03463602773845196
5,33.92,147.58,0.02040249227753116
5,33.92,151.92,0.01974453787552193
5,35.58,-22.92,0.008779664787774285
5,37.92,146.92,0.029088283982127903
5,38.58,-20.08,0.013183925243922406
5,41.92,-18.92,0.018008488478759924
5,43.58,-2.08,0.036418951251026656
5,43.58,-1.92,0.045096636491103306
5,43.92,-2.42,0.025898766178741223
5,43.92,-1.92,0.03226983079997202
5,44.42,-2.42,0.02701506242156029
5,44.42,-1.92,0.034930340262750784
5,44.42,37.58,0.04741778216811818
5,44.75,-2.42,0.030189506709575653
5,44.75,-1.92,0.03754654359072447
5,44.92,-3.08,0.02790450703145729
5,44.92,-2.08,0.0367639512134095
5,44.92,-1.92,0.03988904355921679
5,45.08,-3.42,0.02848172896645135
5,45.08,-2.58,0.03213277066954308
5,45.08,-2.25,0.03682469180267718
5,45.08,-2.08,0.04011052502319217
5,45.08,-1.92,0.043570617876119086
5,45.08,-1.58,0.05327876544454031
5,45.25,-2.08,0.04502821002776424
5,45.25,-1.75,0.05717576305485434
5,45.25,-1.58,0.06499453621606031
5,45.42,-2.92,0.03573663648631838
5,45.42,-2.08,0.04772700674236856
5,45.42,-1.92,0.05751858024547497
5,45.42,-1.42,0.08781950495516261
5,45.58,-3.92,0.030032793872265352
5,45.58,-2.25,0.04923811752556099
5,45.58,-2.08,0.052552562165591454
5,45.58,-1.75,0.06684422898623678
5,45.58,-1.58,0.0804502456759413
5,45.92,-4.25,0.031798210543476875
5,45.92,-1.75,0.05534950557371809
5,46.08,-18.08,0.01832001631976002
5,46.08,-17.92,0.018413386795307612
5,46.08,-4.58,0.03280922929859824
5,46.08,-3.58,0.034019043907109234
5,46.08,-2.42,0.050848672828740546
5,46.25,-18.08,0.01878799459664151
5,46.25,-17.92,0.01848968567662976
5,46.25,-17.42,0.020773271936923264
5,46.25,-3.08,0.04207024741917849
5,46.42,-18.08,0.017673673890789762
5,46.42,-5.08,0.033232793900080854
5,46.42,-3.92,0.03779154355741209
5,46.58,-18.58,0.01836682198724399
5,46.58,-5.08,0.033712376799020505
5,46.58,-4.92,0.03451709948066208
5,46.58,-3.42,0.043727191454834405
5,46.75,-4.42,0.039613871535079344
5,46.75,-3.58,0.04487885813125306
5,46.92,-62.58,0.06572973735423551
5,46.92,-5.75,0.03423987708261444
5,46.92,-4.92,0.039660201045788
5,46.92,-4.25,0.04586663595918152
5,46.92,-2.75,0.06809274668080939
5,47.08,-6.08,0.03385856230807904
5,47.08,-5.42,0.03547927487848534
5,47.08,-3.92,0.04887863585932387
5,47.08,-2.92,0.06935070986962981
5,47.25,-6.58,0.03056784011940989
5,47.25,-4.42,0.047775154622892536
5,47.42,-7.42,0.032533581006444164
5,47.42,-4.92,0.04027848784915275
5,47.42,-4.08,0.05187904315276278
5,47.58,-5.75,0.03495478436557783
5,47.92,-6.42,0.031732978920141854
5,48.08,-7.08,0.03709668247029185
5,48.42,-126.92,0.0335652604052383
5,48.92,-130.92,0.01948565671013461
5,48.92,-16.58,0.017487747879284952
5,49.08,-138.92,0.015522178453910684
5,49.25,-59.92,0.051553395069721675
5,49.42,-138.92,0.01665215227339003
5,49.58,-0.42,0.1002953383554187
5,49.58,-0.25,0.11262663434932216
5,49.92,-145.08,0.01643197188257343
5,49.92,-134.92,0.018171132159315876
5,55.08,3.08,0.0434306174930599
5,55.25,2.58,0.03920117338291473
5,55.42,2.75,0.03685552543029189
5,55.42,3.08,0.0384129694973429
5,55.92,2.42,0.03749228443743454
5,56.58,2.25,0.04095885843659441
5,56.92,1.92,0.04808228386100381
5,57.42,1.25,0.0429700621843545
5,57.42,1.75,0.04042039556144219
5,57.58,-147.58,0.025257679553598995
5,57.92,-147.92,0.039114552793196505
5,57.92,1.25,0.04161033993069496
5,58.08,-148.08,0.03700460392153925
5,58.25,-148.25,0.04170690112643772
5,58.25,0.58,0.04098922854237672
5,58.42,-148.42,0.04683813826284475
5,58.42,0.92,0.039370340212351744
5,58.42,1.25,0.03635182137497597
5,58.58,-148.58,0.05721649670352538
5,58.58,-148.42,0.0511590434755716
5,58.75,0.58,0.03726265478051371
5,58.92,-148.92,0.056872341497283846
5,58.92,-148.75,0.05489148558149787
5,59.08,-149.08,0.05656740720280343
5,59.08,-148.92,0.07080087281582463
5,59.08,-147.25,0.04762534011258847
5,59.08,-0.08,0.03941821026512318
5,59.08,0.25,0.037107840180397034
5,59.25,-149.08,0.05720372256659579
5,59.25,-147.25,0.04442889137685092
5,59.25,0.58,0.03638895127094454
5,59.42,-149.42,0.04907208829083377
5,59.42,-149.25,0.057749569700616926
5,59.42,-147.25,0.04824670281830347
5,59.58,-149.42,0.04133902450299098
5,59.58,-0.08,0.03594002035549945
5,60.08,0.42,0.031004923209547997
5,60.25,-0.08,0.03204547622913702
5,60.58,0.25,0.030545617900012683
5,60.75,0.92,0.03402040926092822
5,60.92,0.25,0.028396289562806487
5,60.92,0.58,0.02824654390569776
5,64.92,-169.25,0.1104848807030166
5,65.58,-168.92,0.06579636440549691
5,65.58,-168.75,0.053093524186849775
5,65.58,-168.58,0.046675282336345554
5,67.42,-169.08,0.04020626064394256
5,70.42,-167.58,0.017028149028192274
5,70.42,-167.42,0.017792076818295754
5,71.08,-162.25,0.02308505869415753
5,71.42,-166.08,0.01016464625718072
5,71.75,-166.42,3.333964850753546e-4
5,71.92,-159.75,0.006195896188728511
5,72.08,-159.92,9.500631131231784e-4
6,-36.42,13.08,0.010574828503498187
6,8.42,-30.25,0.008699775818968192
6,12.08,-32.42,0.007890489718799168
6,14.25,-33.75,0.007346411255033066
6,17.92,-35.92,0.0061107820268565165
6,19.92,159.92,0.00370548842571831
6,23.92,136.92,0.0042532979835717315
6,24.08,140.08,0.004228795701540851
6,27.75,-93.58,0.018264212053812415
6,27.92,-155.08,0.0049411763150904635
6,27.92,-93.92,0.02323556613312879
6,27.92,-93.42,0.017743126925779507
6,28.08,-93.92,0.02939540736648875
6,28.08,-93.08,0.019969515832296263
6,28.25,-93.92,0.03198276645465133
6,28.42,-94.08,0.03676167500088923
6,28.42,-92.75,0.026495288174677015
6,28.42,-91.08,0.03837939024864075
6,28.42,-90.92,0.048439827136462554
6,28.42,-90.58,0.05882056868479898
6,28.58,-94.42,0.04894693722599186
6,28.58,-94.08,0.04377183056203648
6,28.58,-93.92,0.04154443032651519
6,28.58,-92.58,0.03415483667049557
6,28.58,-91.58,0.03886377769716395
6,28.58,-91.42,0.04347922871238552
6,28.58,-91.08,0.06586481861692543
6,28.58,-90.92,0.0932531155704055
6,28.58,-90.75,0.10044555135148887
6,28.58,-90.58,0.08445955915279531
6,28.58,-90.42,0.06896585903693146
6,28.58,-90.08,0.07372668923441476
6,28.58,-89.75,0.09654909870005211
6,28.58,-89.58,0.09924734696687663
6,28.75,-94.42,0.06102583595202304
6,28.75,-94.25,0.05919163436434852
6,28.75,-92.42,0.0442560082495523
6,28.75,-92.08,0.04897994467561754
6,28.75,-91.92,0.050628334613672145
6,28.75,-90.58,0.14157781345420517
6,28.75,-90.42,0.12333311921126248
6,28.75,-89.92,0.15897550283989403
6,28.75,-89.75,0.1840017538779648
6,28.92,-94.58,0.07194658953812905
6,28.92,-93.75,0.06298526121342245
6,28.92,-93.58,0.0610074617046242
6,28.92,-92.75,0.05632202536071418
6,28.92,-92.08,0.0759943322724818
6,28.92,-91.75,0.09432636311006112
6,28.92,-91.58,0.10613085238825684
6,28.92,-90.58,0.20109005706763128
6,28.92,-89.92,0.26554980806152645
6,28.92,-89.75,0.3340797585430361
6,28.92,-89.58,0.42638959975738544
6,29.08,-94.58,0.0964463232230628
6,29.08,-93.92,0.07583161805329534
6,29.08,-93.25,0.07686316890370411
6,29.08,-89.75,0.4093802234259177
6,30.92,-155.08,0.005473912812400765
6,33.42,-118.58,0.024031466852951173
6,34.92,159.92,0.014049553368143584
6,41.92,-10.42,0.017460132085640605
6,41.92,-9.92,0.018171966570662335
6,41.92,-9.58,0.020322284903765347
6,41.92,-9.42,0.022971329909826935
6,41.92,-9.25,0.028096416586777195
6,41.92,-9.08,0.040335479066319145
6,42.08,-9.42,0.022907441239415977
6,42.08,-9.25,0.02823752790573053
6,42.42,-9.42,0.02560917716861392
6,42.58,-10.42,0.017659958422882482
6,42.58,-9.92,0.019888604185932007
6,42.58,-9.58,0.025098587075869244
6,42.58,-9.42,0.029883569358692817
6,42.75,-61.92,0.034667325744521804
6,42.92,-10.42,0.018222024620627053
6,42.92,-9.92,0.021417510686054204
6,42.92,-9.58,0.027368378451986548
6,43.58,-62.92,0.035197028647720195
6,44.42,-19.58,0.016964906419161707
6,44.92,-2.58,0.031206865872566898
6,44.92,-2.42,0.03422606063152974
6,44.92,-2.08,0.04211829162280386
6,44.92,-1.92,0.04547996668649527
6,44.92,-1.58,0.0501114334523057
6,45.08,-2.42,0.037495542831796534
6,45.08,-2.08,0.045646550541277975
6,45.08,-1.58,0.05469370736197258
6,45.25,-1.92,0.05448698850038151
6,45.25,-1.58,0.06121978807883958
6,45.42,-2.08,0.04940492347426092
6,45.42,-1.92,0.05343851615907624
6,45.42,-1.75,0.058857874236612893
6,45.42,-1.58,0.06712506119220052
6,45.42,-1.42,0.08327375907780758
6,45.58,-2.25,0.04556317551760003
6,45.58,-2.08,0.048479141793601833
6,45.58,-1.75,0.05900731016299687
6,45.92,-4.25,0.02477734841037697
6,46.08,-4.58,0.02465935071813874
6,46.42,-3.92,0.03355388165800832
6,46.58,-3.42,0.044182701084840424
6,46.75,-5.42,0.026705097344044287
6,46.75,-3.58,0.04366238817844229
6,46.92,-62.58,0.05695002720070382
6,46.92,-14.08,0.018177588615799323
6,46.92,-2.75,0.07070110240601934
6,47.08,-2.92,0.0718228918267414
6,47.42,159.92,0.020119993650344743
6,47.58,-64.08,0.09523864555133817
6,47.58,-60.08,0.04629816111992113
6,49.58,-66.08,0.09580162279113816
6,49.58,-62.08,0.06802184945748498
6,70.92,-159.58,0.05300839516763824
6,71.25,-158.25,0.03460561823527632
6,71.25,-157.75,0.03445621602899896
6,71.25,-154.42,0.01807506290996181
6,71.42,-156.25,0.032601378256482634
6,71.42,-155.92,0.03467535598653793
6,71.42,-154.75,0.021888951770961285
6,71.42,-154.08,0.03546929318914548
6,71.58,-156.42,0.029575458846617646
6,71.58,-155.92,0.03300077640035722
6,71.58,-154.92,0.0332044270575612
6,71.58,-154.75,0.04849089596755221
6,71.58,-154.58,0.04183200702795552
6,71.58,-154.42,0.0372096779398047
6,71.75,-155.08,0.03491172917711083
6,71.75,-154.92,0.025804749926464865
6,71.92,-154.75,0.024941729433420632
6,71.92,-154.58,0.03222863396097507
6,72.08,-154.58,0.02692506245026986
6,72.42,-157.58,0.023425062652677298
6,72.42,-154.58,0.012550062965601684
6,72.75,-158.42,0.02195006236433983
6,72.92,-157.92,0.012400062871165574
7,-48.08,29.92,0.006888676425151061
7,-44.58,21.58,0.007703961342238613
7,-43.08,29.92,0.0080773947324465
7,-42.75,170.75,0.080887937908231
7,-42.08,21.08,0.009904148373047624
7,-41.58,171.42,0.05071113984460961
7,-41.42,171.08,0.01750951776529501
7,-41.42,171.25,0.020240126577006707
7,-41.25,170.92,0.015222725591929002
7,-41.08,170.58,0.011715014799777306
7,-36.58,18.92,0.017156232486461073
7,-18.75,162.92,0.01004429362141169
7,19.92,115.08,0.008025569483064689
7,20.92,119.92,0.0070707486727489876
7,22.58,-158.08,0.00533371689156271
7,27.58,-94.08,0.014531986107333347
7,27.58,-93.92,0.013877877253645029
7,27.58,-93.58,0.01323092230506098
7,27.58,-93.42,0.013209294765077245
7,27.58,-93.25,0.013153154170140624
7,27.58,-93.08,0.013432254307330228
7,27.58,-92.08,0.013058292030249365
7,27.75,-94.08,0.017437532508315947
7,27.75,-93.08,0.016047171285698332
7,27.75,-92.75,0.016555912000162955
7,27.75,-92.58,0.0161622422030912
7,27.75,-92.42,0.016455511468498465
7,27.75,-92.08,0.01558287524116727
7,27.75,-91.92,0.016340355147034503
7,27.75,-91.58,0.015729770221066877
7,27.75,-90.58,0.01959404753646455
7,27.92,-96.08,0.02321608807855787
7,27.92,-95.92,0.022920450903117083
7,27.92,-95.58,0.022039338655304164
7,27.92,-94.08,0.021196617216516573
7,27.92,-93.08,0.019258948907148667
7,27.92,-92.08,0.019700223038223788
7,27.92,-91.42,0.01963367036436326
7,27.92,-91.25,0.02087164720377097
7,27.92,-91.08,0.022028999156855907
7,27.92,-90.75,0.022056924170241337
7,27.92,-90.58,0.024500306270336017
7,28.08,-95.08,0.022863604173135873
7,28.08,-94.92,0.02187738640126414
7,28.08,-94.58,0.024754870208338477
7,28.08,-94.42,0.02545265051930283
7,28.08,-93.08,0.02338767606908312
7,28.08,-92.08,0.02539738186617167
7,28.08,-91.08,0.026827585426732324
7,28.08,-90.92,0.028201740604485027
7,28.08,-90.58,0.02696348957789059
7,28.25,-94.75,0.027667049748393204
7,28.25,-94.25,0.02951618829348053
7,28.25,-94.08,0.028787470516712908
7,28.25,-93.75,0.025977780726792004
7,28.25,-93.58,0.025437374147049226
7,28.25,-93.42,0.025890046435121737
7,28.25,-93.08,0.027709096719403394
7,28.25,-92.92,0.028440102322537523
7,28.25,-92.08,0.033633195221997224
7,28.25,-91.58,0.03414883394725621
7,28.25,-91.25,0.03771063939292127
7,28.25,-90.58,0.03584187646517351
7,28.42,-93.08,0.0377204468212977
7,28.42,-92.58,0.04174299505449688
7,28.42,-92.42,0.0411879764690009
7,28.42,-92.25,0.04114294922104678
7,28.42,-92.08,0.0393135637904589
7,28.42,-91.75,0.04169272494394905
7,28.42,-91.58,0.041006399649911776
7,28.42,-91.25,0.04447137632702764
7,28.42,-91.08,0.04794224978272373
7,28.42,-90.92,0.05792121527841888
7,28.42,-90.75,0.05988592452978572
7,28.42,-90.58,0.06322960986290127
7,28.58,-93.08,0.0442759436644757
7,28.58,-92.42,0.04860286924164169
7,28.58,-92.25,0.04804581727904196
7,28.58,-92.08,0.04911959571584772
7,28.58,-91.92,0.04815202492934007
7,28.58,-91.75,0.05444491648365958
7,28.58,-91.58,0.0615084919812104
7,28.58,-91.42,0.06841523169154803
7,28.58,-91.08,0.0766402615806258
7,28.58,-90.92,0.08840212153154425
7,28.58,-90.75,0.09146765289971462
7,28.58,-90.58,0.0919703570364688
7,28.75,-93.58,0.0442670949325055
7,28.75,-93.08,0.05223881651293665
7,28.75,-92.92,0.055164455597360544
7,28.75,-92.58,0.05776045423072691
7,28.75,-92.42,0.05738611923208317
7,28.75,-92.25,0.06039661573819243
7,28.75,-92.08,0.0633727375489588
7,28.75,-91.92,0.06775536841730802
7,28.75,-91.58,0.1005377338733524
7,28.75,-90.58,0.13320304721016257
7,28.92,-93.92,0.050750371014985904
7,28.92,-93.58,0.052255641186583
7,28.92,-93.42,0.05679080680196281
7,28.92,-93.25,0.06437358991780247
7,28.92,-93.08,0.06874423234078747
7,28.92,-92.92,0.06243782117067335
7,28.92,-92.75,0.0703829369874886
7,28.92,-92.58,0.07149812195656033
7,28.92,-92.42,0.08213264083203214
7,28.92,-92.25,0.09096677542234267
7,28.92,-92.08,0.09507062909408258
7,28.92,-91.92,0.10311308127935402
7,28.92,-91.75,0.1153214447762226
7,28.92,-91.58,0.14628330876831358
7,28.92,-90.58,0.19024799612144797
7,28.92,-90.25,0.18629129924878585
7,28.92,-90.08,0.19346373594901076
7,29.08,-93.92,0.06144944076032306
7,29.08,-93.58,0.06152020047123257
7,29.08,-93.42,0.06544805848366544
7,29.08,-93.25,0.07106786397791719
7,29.08,-93.08,0.06853312816551457
7,29.08,-92.92,0.07778371509854108
7,29.08,-92.75,0.07979456937307706
7,29.08,-92.58,0.08794671987058021
7,29.08,-92.42,0.12760423225028297
7,29.08,-92.08,0.18119854452715328
7,29.25,-93.75,0.07869705636627398
7,29.25,-93.58,0.07911797329031217
7,29.25,-93.42,0.08145958135943286
7,29.25,-93.25,0.08206734318250361
7,29.25,-93.08,0.09710983597995856
7,29.25,-92.92,0.1014660978421139
7,29.25,-92.75,0.10283536585764244
7,29.42,-93.75,0.12616223898546125
7,29.42,-93.58,0.12141033848568512
7,29.42,-93.42,0.11962093385339428
7,29.42,-93.25,0.1271011419639063
7,29.42,-93.08,0.13447599654766515
7,29.42,-92.92,0.13788315287988204
7,29.58,-93.58,0.20901746989245745
7,29.58,-93.42,0.20224561055343096
7,31.08,-80.92,0.046167970581266746
7,31.08,-80.58,0.027444453256276365
7,31.08,-79.75,0.009160118990201646
7,31.25,-81.08,0.08474052544485088
7,31.25,-80.92,0.05148888395454448
7,31.42,-81.25,0.2345212125168233
7,31.42,-80.92,0.06363796211259726
7,31.42,-80.58,0.033769533602305904
7,33.42,-118.58,0.022775783709501132
7,37.08,-76.42,0.8470667137040032
7,38.58,-73.08,0.024465126648115423
7,42.58,-10.42,0.017436841619201005
7,42.58,-9.92,0.021856232528359845
7,42.92,-10.42,0.017912242283972982
7,42.92,-9.92,0.022517610627871297
7,42.92,-9.58,0.031164725803626843
7,43.75,-125.08,0.04023139232930799
7,43.92,-125.42,0.03141484945528926
7,43.92,-124.58,0.12389488294698262
7,44.08,-126.08,0.023249774132497035
7,44.08,-125.42,0.03619822712230066
7,44.25,-125.08,0.05090617816537046
7,44.42,-125.42,0.036771023798232466
7,44.42,37.75,0.04423549908746793
7,44.58,-124.42,0.16620282322177304
7,44.92,-125.42,0.030413991223143127
7,44.92,-2.08,0.03803339582820907
7,44.92,-1.92,0.04033924488220901
7,45.08,-2.08,0.039863363291190654
7,45.08,-1.58,0.05641168074306244
7,45.25,-1.92,0.05126576681728833
7,45.25,-1.58,0.05851656849531887
7,45.42,-2.08,0.04914485378405796
7,45.42,-1.92,0.05262105571679198
7,45.42,-1.75,0.057091848369544514
7,45.58,-2.25,0.04343495813484948
7,45.58,-2.08,0.04424020662330664
7,45.75,-1.75,0.052630350119076096
7,46.58,-125.25,0.026152927209085856
7,46.58,-124.58,0.08285783344539456
7,46.92,-62.58,0.06417093519121408
7,47.58,-64.08,0.08456360196802191
7,47.58,-60.08,0.04188145498315302
7,49.25,-59.92,0.039347585989162326
7,49.58,-66.08,0.07677257724571973
7,49.58,-0.25,0.10195214377465445
7,53.42,0.08,0.38634672363599143
7,53.42,0.25,0.24016496214464728
7,57.92,-147.92,0.02308736232449659
7,58.08,-148.08,0.023932963137317877
7,58.25,-148.25,0.02731446007965133
7,58.42,-148.42,0.03142655270550257
7,58.58,-148.58,0.03274111192037638
7,58.92,-148.92,0.03519026201460152
7,58.92,-148.75,0.03407355300777663
7,59.08,-149.08,0.037291828845179856
7,59.08,-148.92,0.03587473887735261
7,59.08,-147.25,0.028035543624495264
7,59.25,-149.08,0.0357500127502135
7,59.25,-148.08,0.03294841145151832
7,59.25,-147.25,0.029792433796431463
7,59.42,-149.42,0.03781122270559605
7,59.42,-149.25,0.035210372251010716
7,59.42,-149.08,0.03426487122319836
7,59.42,-148.42,0.03566322186536407
7,59.42,-148.08,0.034584984647853374
7,59.42,-147.25,0.03207771116425507
7,59.58,-149.08,0.03494196136867126
7,59.58,-148.42,0.034124483279391334
7,59.58,-148.25,0.034808275527141705
7,59.58,-148.08,0.03607426922490749
7,59.58,-147.25,0.03272698542703158
7,59.75,-147.25,0.03884489382975376
7,59.92,-147.25,0.05093286919505581
7,59.92,-146.92,0.03637929556358498
7,65.42,-168.58,0.055487191881044194
7,65.58,-168.92,0.06554477443289496
7,65.58,-168.75,0.05757243747155791
7,65.58,-168.58,0.04936505129892165
7,67.42,-169.08,0.045536389127776675
7,68.08,-167.75,0.03711478568416519
7,68.42,-167.58,0.04226213144899633
7,68.92,-166.92,0.0479417016367034
7,69.08,-167.75,0.03718566133801897
7,69.08,-167.42,0.03885492088067202
7,69.25,-168.25,0.032742597037353195
7,69.42,-168.58,0.03166165314122246
7,69.58,-169.08,0.029853160495874293
7,69.92,-164.58,0.044051419482430784
7,70.42,-163.25,0.03906034124061212
7,70.42,-149.42,0.28609677349500684
7,70.58,-161.08,0.04451940326039128
7,70.58,-160.92,0.04792230035725635
7,70.58,-151.42,0.260538902420264
7,70.58,-149.42,0.18926035550494608
7,70.75,-161.92,0.03210348013269993
7,70.75,-159.92,0.07650951163918533
7,70.92,-162.58,0.028721260615287625
7,70.92,-162.42,0.027802298949003063
7,70.92,-160.08,0.03487055272805494
7,70.92,-159.75,0.04231208468263503
7,70.92,-159.58,0.05186954032008847
7,70.92,-159.42,0.06005884764169383
7,71.08,-163.08,0.02851341705185821
7,71.08,-159.92,0.0316433493539484
7,71.08,-159.75,0.03239563404433969
7,71.08,-158.08,0.05454630203459455
7,71.08,-157.92,0.05646426625173079
7,71.08,-152.58,0.11281140014276995
7,71.08,-152.42,0.11342092196457088
7,71.25,-163.42,0.028756460622669417
7,71.25,-160.08,0.030198120890418068
7,71.25,-158.25,0.035700338213024915
7,71.25,-158.08,0.038053543294792054
7,71.25,-157.92,0.039743362288726006
7,71.25,-157.75,0.04155110187828541
7,71.25,-157.08,0.06897169101672868
7,71.25,-152.42,0.056683607648538296
7,71.42,-163.58,0.03126520289610104
7,71.42,-158.42,0.028269441630385937
7,71.42,-157.08,0.047212264162034875
7,71.42,-156.92,0.05649083966234078
7,71.42,-156.25,0.10309484733512536
7,71.42,-156.08,0.10103936073205928
7,71.42,-155.92,0.10185818511083544
7,71.42,-155.25,0.12650619306793762
7,71.42,-155.08,0.11678021293332208
7,71.42,-154.58,0.09680810264360748
7,71.42,-152.58,0.05324553827499496
7,71.42,-152.42,0.05164676383477248
7,71.42,-152.25,0.049472856116207206
7,71.58,-163.25,0.03391745792431457
7,71.58,-162.92,0.03375862927374537
7,71.58,-158.58,0.02906072335317731
7,71.58,-157.25,0.04450754456878973
7,71.58,-156.25,0.05463901478206433
7,71.58,-156.08,0.06119954808653422
7,71.58,-155.75,0.07091308833691926
7,71.58,-155.58,0.07621675772781047
7,71.58,-155.42,0.08211606252301909
7,71.58,-155.08,0.084056468842188925
7,71.58,-154.42,0.06394142542827737
7,71.58,-152.08,0.0431646934905371
7,71.75,-155.92,0.053410745294833625
7,71.75,-155.08,0.05914423545249379
7,71.75,-154.42,0.06499050528240892
7,71.75,-154.25,0.059460293043345686
7,71.75,-152.08,0.03618735362542793
7,71.75,-151.92,0.03601312501406347
7,71.92,-162.58,0.03767365834641235
7,71.92,-162.42,0.037851719832461744
7,71.92,-158.58,0.028168638877104968
7,71.92,-158.42,0.02828487746883184
7,71.92,-154.92,0.0496342368015464
7,71.92,-154.42,0.04372336211401904
7,71.92,-154.25,0.04368092513463477
7,71.92,-154.08,0.043987825375926846
7,71.92,-151.92,0.03323006259743124
7,72.08,-162.08,0.03473328896534612
7,72.08,-158.25,0.03333161058022908
7,72.08,-154.42,0.038686173356266
7,72.08,-154.08,0.03697057858109474
7,72.08,-152.08,0.029326993506401777
7,72.08,-151.75,0.02945612159091979
7,72.25,-161.92,0.03329890074844404
7,72.25,-158.08,0.027347140067390033
7,72.25,-153.92,0.033854587412206455
7,72.25,-151.58,0.02592442594727294
7,72.42,-161.58,0.025017508195661425
7,72.42,-158.08,0.02933099140383063
7,72.42,-157.92,0.028730870031848037
7,72.42,-153.92,0.026693134101616695
7,72.42,-153.42,0.028111844819086868
7,72.42,-151.58,0.024602833027584536
7,72.58,-161.42,0.023986542460453866
7,72.58,-161.08,0.022751640909436075
7,72.58,-157.75,0.02983680965318795
7,72.58,-157.58,0.02828816200781148
7,72.58,-153.08,0.022788213682360947
7,72.58,-152.75,0.02336700720091661
7,72.58,-151.92,0.018548370055214036
7,72.75,-160.92,0.020755138310293356
7,72.75,-157.42,0.030479784682393075
7,72.92,-160.92,0.020284229398904636
7,72.92,-160.75,0.022095804447653116
7,72.92,-160.58,0.022787917959725575
7,72.92,-157.42,0.02171220278574361
7,72.92,-157.08,0.024621906118806113
7,72.92,-152.42,0.015832861699163914
7,73.08,-160.58,0.023610975427020873
7,73.08,-160.42,0.02421811863868719
7,73.08,-160.25,0.02340106265619397
7,73.08,-160.08,0.023549136326268868
7,73.08,-157.08,0.025160165365647386
7,73.08,-156.92,0.02444231648069735
7,73.25,-160.08,0.022439679056406023
7,73.42,-159.92,0.019397160969674587
7,73.42,-159.75,0.02048171364256869
7,73.42,-156.75,0.02070597783089257
7,73.42,-156.58,0.02008403676490371
7,73.58,-159.58,0.017617553794899814
7,73.58,-159.42,0.017848834019297592
7,73.58,-156.75,0.017323138159034506
7,73.75,-159.25,0.017369227213484627
7,73.75,-157.92,0.01577382810689785
7,73.75,-157.25,0.016567894310179736
7,73.92,-158.92,0.015386953824557938
7,73.92,-158.42,0.01636412541847676
8,-56.08,-0.08,0.007136642013823516
8,17.92,57.92,0.12955369630183738
8,18.42,57.08,0.1741743938786945
8,22.58,-158.25,0.005234511459443288
8,22.58,-158.08,0.005216596130944358
8,25.92,-97.08,0.04179719340306921
8,25.92,-96.92,0.02184803934338001
8,25.92,-96.75,0.014560319134034216
8,25.92,-96.58,0.011938764848029958
8,25.92,-96.42,0.010717050073883282
8,26.08,-96.75,0.015049868540910002
8,26.08,-96.42,0.010851945831046367
8,26.25,-96.92,0.024957274122593496
8,26.42,-96.92,0.020947755009938892
8,26.42,-96.42,0.010882995530174902
8,26.58,-97.08,0.028213924576098528
8,26.58,-96.58,0.011772608926269012
8,26.75,-96.58,0.011128428280174444
8,26.92,-97.08,0.022485319283217765
8,26.92,-96.58,0.011071915971115232
8,26.92,-96.42,0.010462835614676943
8,27.08,-97.42,0.06028781688715122
8,27.08,-97.25,0.041772131772282034
8,27.08,-97.08,0.022341238433280244
8,27.08,-96.92,0.014772017934144689
8,27.08,-96.75,0.01198051152123998
8,27.08,-96.58,0.010915928206836376
8,27.08,-96.42,0.010561822237482725
8,27.25,-96.92,0.016398460174409244
8,27.25,-96.25,0.010375163092528684
8,27.42,-96.92,0.019843411954263084
8,27.42,-96.08,0.010217050050134556
8,27.42,-95.92,0.009922098175873265
8,27.58,-96.58,0.013089355546981096
8,27.58,-96.25,0.010965207067783922
8,27.58,-96.08,0.01078195384112545
8,27.58,-95.92,0.010338844928460626
8,27.58,-95.58,0.010333668628635889
8,27.58,-95.42,0.01039821996192376
8,27.58,-95.25,0.010216248772429446
8,27.58,-95.08,0.010292090148700831
8,27.58,-94.92,0.010420094893421404
8,27.58,-94.75,0.010368412257566188
8,27.58,-94.58,0.010199034640278954
8,27.58,-94.42,0.009911777590437291
8,27.58,-94.08,0.009864165514815023
8,27.58,-93.92,0.00984748350814558
8,27.58,-93.75,0.010136441139575954
8,27.58,-93.58,0.010363195875050643
8,27.75,-96.42,0.013488043592168162
8,27.75,-95.25,0.011036868386257151
8,27.75,-94.58,0.01134285127493338
8,27.75,-94.42,0.011199403339280533
8,27.75,-93.92,0.011447712492484313
8,27.75,-93.75,0.011404363022078402
8,27.75,-93.58,0.0118878033110657
8,27.92,-155.08,0.004943993303011387
8,27.92,-96.58,0.026135732948135294
8,27.92,-96.42,0.020045101454553124
8,27.92,-95.42,0.012057119792398926
8,27.92,-94.58,0.012292610933610167
8,27.92,-94.25,0.012093332018524122
8,27.92,-93.92,0.012856980499166708
8,27.92,-93.75,0.01293745607836172
8,27.92,-93.58,0.01331787421188962
8,28.08,-95.42,0.014232879262775756
8,28.08,-94.58,0.013517721896418013
8,28.08,-94.08,0.01476127264322713
8,28.25,-95.42,0.018756780048044257
8,28.25,-94.75,0.017176865492589198
8,28.25,-94.08,0.01707305947247033
8,28.42,-95.58,0.03232426107682001
8,28.42,-94.75,0.0195704953556952
8,28.42,-94.08,0.02060446962535095
8,28.42,-91.25,0.03694359391766529
8,28.42,-91.08,0.037510302571508176
8,28.42,-90.92,0.040510452164408683
8,28.42,-90.75,0.04112358771873495
8,28.42,-90.58,0.041502941749058664
8,28.42,-89.92,0.03725787463526313
8,28.58,-95.58,0.05417591229803404
8,28.58,-94.92,0.025491649070038244
8,28.58,-94.08,0.02583127269575086
8,28.58,-92.42,0.03271927289628925
8,28.58,-92.25,0.03285398861715713
8,28.58,-92.08,0.032211120025469706
8,28.58,-91.92,0.033439725735941186
8,28.58,-91.58,0.03861923282966018
8,28.58,-91.42,0.04146961327821303
8,28.58,-91.25,0.04742970942662886
8,28.58,-91.08,0.05402273793991368
8,28.58,-90.92,0.06012586585935563
8,28.58,-90.75,0.057045835869547985
8,28.58,-90.58,0.05690108175174548
8,28.58,-90.42,0.05237008973311346
8,28.58,-89.75,0.05638948129490018
8,28.58,-89.58,0.05665422864974691
8,28.75,-94.92,0.03548549896535965
8,28.75,-94.08,0.03203219351752733
8,28.75,-92.58,0.03697487180873465
8,28.75,-92.42,0.0383621494536503
8,28.75,-92.25,0.039864645670884505
8,28.75,-92.08,0.039017545856320515
8,28.75,-91.92,0.04027193701432015
8,28.75,-91.75,0.044064324895421475
8,28.75,-91.58,0.05067954860770932
8,28.75,-91.42,0.05947826678255716
8,28.75,-90.58,0.07172453456755298
8,28.75,-90.42,0.0767228169939839
8,28.75,-89.92,0.08391145244240761
8,28.75,-89.75,0.08830252309473088
8,28.92,-94.92,0.05362919990259867
8,28.92,-94.08,0.041566672519995615
8,28.92,-93.92,0.03982960522318116
8,28.92,-93.58,0.03880398859305737
8,28.92,-93.42,0.03866691587385363
8,28.92,-93.25,0.03798552463726642
8,28.92,-92.92,0.03910722584427836
8,28.92,-92.75,0.04057989436953973
8,28.92,-92.58,0.04380068503535138
8,28.92,-92.42,0.045809912808740944
8,28.92,-92.25,0.05049112728402878
8,28.92,-92.08,0.0526139915186482
8,28.92,-91.92,0.05471363796207767
8,28.92,-91.58,0.0804558843284702
8,28.92,-90.75,0.1699255653556275
8,28.92,-90.58,0.13967884087021681
8,28.92,-90.42,0.11336153170850594
8,28.92,-90.08,0.12119526550052868
8,28.92,-89.92,0.09898634766712068
8,28.92,-89.75,0.14422788824706984
8,28.92,-89.58,0.21283086333782053
8,29.08,-94.92,0.09287249899576776
8,29.08,-94.08,0.057282365733184494
8,29.08,-93.92,0.05132726181405955
8,29.08,-93.58,0.04793946106488315
8,29.08,-93.42,0.04800084787600029
8,29.08,-93.25,0.0467571269434232
8,29.08,-93.08,0.045371280069677875
8,29.08,-92.92,0.04819978154801692
8,29.08,-92.75,0.048232594007948555
8,29.08,-92.58,0.05475542044195418
8,29.08,-92.42,0.06645357086717223
8,29.25,-94.08,0.07295719290582034
8,29.25,-93.75,0.065413491281036
8,29.25,-93.58,0.06581087734621878
8,29.25,-92.75,0.07065687263205361
8,29.42,-94.08,0.09084385115868196
8,29.42,-93.75,0.09309409755783583
8,29.42,-93.42,0.08603459675438128
8,29.42,-93.25,0.090119959311918
8,29.42,-93.08,0.09010406699067412
8,29.58,-93.58,0.13691853930448325
8,29.92,-150.08,0.005325383524625347
8,30.75,-79.08,0.00627111667731347
8,30.92,-78.92,0.006259137509354891
8,31.08,-81.08,0.07084533363544884
8,31.08,-80.92,0.048878667320912846
8,31.08,-80.58,0.02822930921907895
8,31.08,-79.92,0.012956362938544212
8,31.08,-79.75,0.009882809576363515
8,31.25,-81.08,0.09915049300224592
8,31.25,-80.92,0.056937930308497295
8,31.25,-80.08,0.01533461137352368
8,31.25,-79.42,0.007257675147579553
8,31.42,-81.25,0.222902767219951
8,31.42,-81.08,0.1371301403090071
8,31.42,-80.75,0.045664304708435126
8,31.42,-79.92,0.014492413230562726
8,32.42,-66.08,0.005527807428734377
8,33.08,-78.75,0.04887422473313144
8,33.08,-77.58,0.013083948914964613
8,33.08,-76.58,0.00807629998934527
8,33.08,-76.25,0.00683221730734938
8,33.08,-75.75,0.00633801706135273
8,33.42,-118.58,0.026414885964746084
8,33.42,-118.08,0.02829381258477672
8,33.42,-74.58,0.006126219120163184
8,33.58,-70.08,0.005529049389923994
8,33.92,-77.58,0.03283932536410598
8,33.92,-76.42,0.011819463953053435
8,33.92,-75.92,0.008826493818420343
8,33.92,-75.42,0.0069466815688289125
8,34.42,-76.58,0.03423467762051867
8,34.42,-75.58,0.009341222148997566
8,34.42,-74.58,0.006499439348072673
8,34.92,-75.92,0.02586835154439681
8,34.92,-75.08,0.00936378093991572
8,34.92,-74.08,0.0063414091396575365
8,35.42,-72.42,0.0060487809196974225
8,35.58,-74.58,0.013048540281418424
8,35.58,-73.58,0.0066659830627031624
8,35.92,-75.08,0.029334010099633955
8,36.08,-75.75,0.2493347173081117
8,36.08,-74.42,0.01996304333442822
8,36.08,-73.92,0.01278630305135336
8,36.08,-72.42,0.006668555415951862
8,36.42,-71.42,0.006562616447739016
8,36.75,-74.92,0.02964433320224858
8,36.75,-73.92,0.018053027434059635
8,37.08,-76.42,0.7803893259593419
8,37.58,-74.92,0.03725671292676662
8,37.58,-74.08,0.02274257055698679
8,38.08,-72.75,0.016886480922739092
8,38.08,-72.42,0.01542874856834085
8,38.25,-72.75,0.01804032711347995
8,38.25,-72.58,0.016642210100634165
8,38.58,-72.42,0.016648860773644768
8,38.92,-150.08,0.007268812959619726
8,41.58,-10.25,0.017901104270444754
8,41.75,-10.08,0.01935527090413066
8,41.75,-9.92,0.020729629994513325
8,41.75,-9.42,0.031452145705071204
8,41.92,-9.58,0.026746456591913905
8,42.08,-9.58,0.02740294720010402
8,42.25,-9.42,0.03210198546115022
8,43.75,-150.08,0.011847178272616403
8,48.42,-126.08,0.07930500192406516
8,48.58,-128.92,0.021991288674493823
8,49.08,-134.92,0.012466086988122417
8,49.42,-0.58,0.12954741640267178
8,49.92,-144.92,0.01513750590563107
8,53.42,0.08,0.34511255426332355
8,53.42,0.25,0.20049436401599385
8,64.25,-166.58,0.08222682549743555
8,65.92,-167.42,0.1350527820753856
8,66.42,-168.92,0.07655579731223182
8,66.42,-167.92,0.0815686512448967
8,66.92,-168.42,0.06485014156162204
8,67.42,-169.08,0.07142272406445745
8,67.42,-167.42,0.05309964106177526
8,67.92,-168.92,0.04883412851016216
8,67.92,-168.08,0.0490765175020967
8,68.08,-167.42,0.055096552069209374
8,68.08,-167.25,0.05711068422533572
8,68.58,-168.42,0.040159984622732736
8,68.92,-169.08,0.039896269345682904
8,70.25,-164.42,0.04044592724333667
8,70.25,-163.92,0.04612565695592471
8,70.25,-163.42,0.053981341304629143
8,70.42,-168.42,0.02083399339440243
8,70.42,-167.92,0.020400949387784258
8,70.42,-167.42,0.024206709718363036
8,70.42,-166.92,0.02646589643420437
8,70.42,-166.42,0.02909206264750817
8,70.42,-165.92,0.02846354293779389
8,70.42,-165.42,0.02876639551397196
8,70.42,-164.92,0.03242359489589043
8,70.58,-168.92,0.02250734336513023
8,70.58,-168.58,0.022091892877002604
8,70.58,-166.58,0.026427606421818312
8,70.58,-161.58,0.04814485463430174
8,70.58,-161.42,0.04956503299421028
8,70.75,-168.25,0.023370675284800548
8,70.92,-167.92,0.024048313754274905
8,70.92,-160.08,0.04187122558397142
8,70.92,-149.42,0.05224235431448399
8,71.08,-167.58,0.02493381529347971
8,71.08,-167.25,0.02508220397878456
8,71.08,-160.75,0.0278908037767534
8,71.08,-157.42,0.07178383255692704
8,71.08,-152.75,0.06897668245558937
8,71.08,-152.58,0.06210941505008217
8,71.08,-152.42,0.060002385290761934
8,71.08,-149.42,0.04217163775185192
8,71.25,-166.92,0.02280264186153475
8,71.25,-157.58,0.04193420265550896
8,71.25,-152.42,0.045615677432767274
8,71.25,-149.25,0.029390519427282637
8,71.42,-166.58,0.02050307702917892
8,71.42,-163.58,0.02336462354287505
8,71.42,-161.42,0.02725183232972513
8,71.42,-157.92,0.03228828917360968
8,71.42,-155.25,0.05377951578033724
8,71.42,-155.08,0.05061951967844263
8,71.42,-152.75,0.036913801225299914
8,71.42,-152.58,0.0374247963540256
8,71.42,-152.42,0.03604246665932367
8,71.42,-152.25,0.03550583905995485
8,71.42,-149.25,0.02736886163737865
8,71.42,-149.08,0.026396298699763336
8,71.58,-166.08,0.018585107236084204
8,71.58,-164.58,0.022673678059962767
8,71.58,-159.42,0.027600599975558
8,71.58,-158.75,0.026792336201760917
8,71.58,-158.58,0.02710507459458754
8,71.58,-158.25,0.028469746800685168
8,71.58,-157.92,0.02890449337195605
8,71.58,-157.75,0.029911552512059264
8,71.58,-157.42,0.030463975031718448
8,71.58,-157.25,0.031460153189702675
8,71.58,-157.08,0.032017980437997855
8,71.58,-156.75,0.03546423615824262
8,71.58,-155.75,0.041845033664235864
8,71.58,-155.58,0.04108327427648649
8,71.58,-155.42,0.0436783957481896
8,71.58,-155.08,0.04622674002641124
8,71.58,-152.58,0.03023135878221241
8,71.58,-152.42,0.030805149118718195
8,71.58,-152.08,0.03283900315783775
8,71.58,-149.08,0.02501823658886779
8,71.75,-159.08,0.024837591198738664
8,71.75,-158.92,0.024134168774811643
8,71.75,-156.58,0.0273570732603295
8,71.75,-156.25,0.028379383860574512
8,71.75,-155.92,0.029550176941831544
8,71.75,-152.08,0.02903362289091388
8,71.75,-149.08,0.025639311368447833
8,71.92,-166.08,0.01932214178934653
8,71.92,-163.58,0.022687868194799257
8,71.92,-162.42,0.023866709255886197
8,71.92,-161.08,0.02334904932956162
8,71.92,-159.75,0.025537015336349302
8,71.92,-159.58,0.02431848406202483
8,71.92,-159.42,0.023989654092583804
8,71.92,-155.58,0.026259211298249856
8,71.92,-155.42,0.025541752061537023
8,71.92,-155.25,0.02508724788241389
8,71.92,-155.08,0.025210984210407704
8,71.92,-153.75,0.027179829484636063
8,71.92,-152.42,0.025517453277836253
8,71.92,-151.92,0.028754774873446236
8,71.92,-148.92,0.02498224651071188
8,72.08,-166.08,0.018601998780818228
8,72.08,-160.08,0.022436569515909804
8,72.08,-159.92,0.02325533208504473
8,72.08,-159.75,0.024433221705993147
8,72.08,-159.42,0.023629586854421524
8,72.08,-154.08,0.02788264697393108
8,72.08,-151.92,0.024834273857380337
8,72.08,-151.75,0.02550644513766476
8,72.25,-164.25,0.019974171112232743
8,72.25,-160.58,0.020737938347615698
8,72.25,-159.75,0.02337918381480327
8,72.25,-159.58,0.02241031451213183
8,72.25,-159.08,0.02313227134124775
8,72.25,-153.58,0.023756330929770936
8,72.25,-152.08,0.0239134665017071
8,72.42,-166.08,0.01787452246152008
8,72.42,-164.08,0.01981232408716714
8,72.42,-161.58,0.020555305493725164
8,72.42,-161.08,0.020710786171548538
8,72.42,-159.58,0.023496424665280916
8,72.42,-159.42,0.024045096353950853
8,72.42,-159.25,0.023163610190915115
8,72.42,-159.08,0.022767971089223817
8,72.42,-158.92,0.022266425414495552
8,72.42,-158.75,0.0217137507849601
8,72.42,-152.08,0.02296922945589315
8,72.58,-166.08,0.019016028490586905
8,72.58,-163.92,0.02072509966923722
8,72.58,-161.92,0.020257943653088716
8,72.58,-161.75,0.02071242724381823
8,72.58,-161.58,0.021523568884256983
8,72.58,-161.42,0.021069572071808023
8,72.58,-161.25,0.020413703926707338
8,72.58,-159.25,0.02050424893762954
8,72.58,-159.08,0.01954604890458856
8,72.58,-158.92,0.019710243515161433
8,72.58,-158.75,0.020248495853667583
8,72.58,-158.58,0.0198369780840585
8,72.58,-158.42,0.018709394427918895
8,72.58,-153.08,0.017883754610765454
8,72.75,-163.75,0.019938670948365746
8,72.75,-162.08,0.019143658330107165
8,72.75,-161.75,0.0203415003322674
8,72.75,-158.92,0.01846142254318252
8,72.75,-158.42,0.018945585128468185
8,72.92,-169.08,0.020819188395622544
8,72.92,-168.58,0.021181588441035463
8,72.92,-167.92,0.020154569733967172
8,72.92,-167.42,0.020849647292735703
8,72.92,-166.08,0.021387962362496182
8,72.92,-163.58,0.01929823959993276
8,72.92,-163.08,0.01919147964872536
8,72.92,-161.92,0.021701951074646782
8,72.92,-161.75,0.021327452948941013
8,72.92,-160.92,0.020934236406423903
8,72.92,-160.75,0.020646675034658984
8,72.92,-160.58,0.02123209306349357
8,72.92,-158.08,0.01922852109419182
8,73.08,-166.92,0.02061276358756331
8,73.08,-166.08,0.02143111245267177
8,73.08,-165.75,0.020983231049868163
8,73.08,-165.58,0.02003752313596144
8,73.08,-165.08,0.02052945126203841
8,73.08,-164.58,0.020060128110028178
8,73.08,-163.42,0.018720615666672148
8,73.08,-162.58,0.01936843533803767
8,73.08,-162.42,0.019822977581685504
8,73.08,-162.25,0.02004652510675573
8,73.08,-162.08,0.020622192663425697
8,73.08,-161.92,0.02068004775459745
8,73.08,-160.42,0.01976082630322448
8,73.08,-160.25,0.019129361287329574
8,73.25,-166.08,0.018860751622204863
8,73.25,-164.08,0.020351439883421744
8,73.25,-163.42,0.019925836502807215
8,73.25,-163.08,0.0193278966039496
8,73.25,-162.92,0.018839117211587344
8,73.25,-157.58,0.018534708583383293
8,73.42,-166.08,0.019475626139251814
8,73.42,-165.58,0.01929334443172111
8,73.42,-162.92,0.01870749982016295
8,73.42,-159.75,0.018311021542272616
8,73.42,-159.58,0.018592048129264977
8,73.58,-166.08,0.018008086340630364
8,73.58,-162.58,0.01844927759327907
8,73.58,-159.25,0.017213342466244574
8,73.58,-159.08,0.01685569308771703
8,73.58,-156.92,0.0174917842908245
8,73.75,-166.08,0.01768329724565976
8,73.75,-162.42,0.018011156522742548
8,73.75,-158.08,0.01527230621088
8,73.92,-166.08,0.01677545996675833
8,73.92,-165.92,0.01738361994765939
8,73.92,-165.58,0.017515849572821304
8,73.92,-162.08,0.01736015297880537
8,74.08,-165.08,0.01624848866644739
8,74.08,-164.58,0.015791189814863597
8,74.25,-164.08,0.01572150012432802
9,-54.08,-0.08,0.010378090567518396
9,-26.08,13.42,0.03633155254647136
9,-24.08,13.92,0.06718620454194024
9,-8.08,-14.92,0.016038502069512524
9,-6.75,-25.08,0.010964806540869176
9,-4.58,-12.75,0.02237473659288998
9,-2.25,-13.25,0.0231828351970762
9,-1.58,-12.92,0.024957033733908947
9,1.25,-15.08,0.013221086584962904
9,4.92,-17.08,0.007789652022228648
9,7.75,66.92,0.010991834372711867
9,7.75,67.08,0.011070709903903592
9,7.92,66.92,0.0110556713771075
9,8.58,-19.08,0.009912590966380846
9,10.08,65.42,0.01641386929147232
9,11.75,64.25,0.025203763883417617
9,11.92,64.42,0.025877602452125687
9,11.92,66.92,0.021094323512023457
9,12.58,-20.92,0.015566878898355825
9,13.92,63.08,0.026973034917878416
9,14.08,66.92,0.024511320816460423
9,15.08,64.42,0.029104263320242844
9,15.75,62.08,0.02986884023994207
9,15.92,61.92,0.02994269144703419
9,17.42,60.42,0.03499098226893693
9,18.58,58.75,0.05450247370530493
9,18.92,58.92,0.06914287975702721
9,19.08,58.42,0.10333354980684815
9,19.25,58.08,0.19417780369090343
9,19.42,58.08,0.26888623621422225
9,21.92,-21.08,0.02235158380622474
9,21.92,-20.75,0.022255571438178707
9,22.58,-158.25,0.005432434832283224
9,26.08,-21.92,0.0069189431781594
9,26.08,-20.92,0.007211080568735129
9,26.92,-96.92,0.03418421716644214
9,26.92,-96.75,0.024610739635625996
9,27.08,-152.92,0.005323433715742654
9,27.08,-97.25,0.08168659977113399
9,27.08,-97.08,0.05233131180732296
9,27.25,-96.58,0.019761713427634768
9,27.42,-97.42,0.14406116963881585
9,27.42,-96.58,0.02199261516887838
9,27.58,-97.08,0.0904942212644248
9,27.58,-96.92,0.060624091868073895
9,27.58,-96.08,0.013726925746036263
9,27.58,-93.92,0.009775089637304729
9,27.58,-93.75,0.0097629875705864
9,27.58,-93.58,0.00986440582290435
9,27.75,-96.25,0.02094491851480248
9,27.75,-95.92,0.01582882872137886
9,27.75,-93.92,0.01095230640986791
9,27.75,-93.75,0.010846269966210596
9,27.92,-96.75,0.08223524761314575
9,27.92,-96.42,0.0423873935181361
9,27.92,-95.58,0.017236000280648183
9,27.92,-94.08,0.012861087300384847
9,27.92,-93.92,0.012948943897544475
9,27.92,-93.75,0.012416043479998523
9,28.08,-96.42,0.07302815664129761
9,28.08,-95.75,0.029532794737651084
9,28.08,-95.08,0.01651281458683885
9,28.08,-94.92,0.015188549528829752
9,28.08,-94.75,0.014947095062010564
9,28.08,-94.58,0.01422065573457915
9,28.08,-94.42,0.014784691362785032
9,28.08,-93.92,0.01475177629170223
9,28.25,-95.92,0.05640663222696345
9,28.25,-95.25,0.02585489422423192
9,28.25,-94.25,0.01745329978159414
9,28.25,-93.92,0.017035419161682233
9,28.25,-91.75,0.018364581937650937
9,28.25,-91.42,0.019850703730928496
9,28.42,-95.58,0.06187112323151758
9,28.42,-95.42,0.04638483769331987
9,28.42,-92.92,0.021596446140812568
9,28.42,-92.58,0.02191152094523064
9,28.42,-92.08,0.02131887672182459
9,28.42,-91.75,0.02273628042222789
9,28.42,-91.42,0.029130044814127568
9,28.42,-91.08,0.03608566611253012
9,28.42,-90.92,0.03854700147460859
9,28.42,-90.75,0.037366072092062
9,28.58,-95.42,0.07784156737705836
9,28.58,-94.42,0.030435539056690268
9,28.58,-94.25,0.02840151137206703
9,28.58,-92.92,0.028032065610974453
9,28.58,-92.58,0.027612115310218472
9,28.58,-92.42,0.029523102602419943
9,28.58,-92.25,0.02905478994720257
9,28.58,-92.08,0.02995490623064912
9,28.58,-91.75,0.03555454920905714
9,28.58,-91.58,0.04239511586582431
9,28.58,-91.42,0.04899391279860328
9,28.58,-91.08,0.06052621792500409
9,28.58,-90.92,0.05945132786515527
9,28.58,-90.58,0.060614896669554025
9,28.75,-94.42,0.04043666732748254
9,28.75,-92.92,0.03813592507503927
9,28.75,-92.58,0.0374409675759335
9,28.75,-92.42,0.039274340871578224
9,28.75,-92.25,0.041349394318576045
9,28.75,-92.08,0.04461644843328171
9,28.75,-91.92,0.04989912732540128
9,28.75,-91.75,0.05445983680860641
9,28.75,-90.58,0.0809766639991162
9,28.92,-95.25,0.2079293946640528
9,28.92,-95.08,0.12175198268288603
9,28.92,-94.92,0.08468443042455384
9,28.92,-94.58,0.06419124683508506
9,28.92,-92.92,0.05107743912734664
9,28.92,-92.58,0.04978075075464753
9,28.92,-92.42,0.05395230532695468
9,28.92,-92.25,0.05724247630972128
9,28.92,-92.08,0.06267401991555324
9,28.92,-91.92,0.06993327132211281
9,28.92,-91.58,0.08577495468601298
9,28.92,-90.75,0.12022321669456476
9,29.08,-94.75,0.11258395447825584
9,29.08,-93.08,0.060810798940320425
9,29.08,-92.92,0.06051523954822467
9,29.08,-92.75,0.0630983786406712
9,29.08,-92.58,0.07197361949902888
9,29.08,-92.42,0.07732647150540008
9,29.25,-92.92,0.07586704836621021
9,29.42,-92.92,0.11924409112319924
9,30.42,-21.58,0.005398460435501944
9,31.08,-80.92,0.06570848604091085
9,31.08,-80.58,0.03855418884911789
9,31.08,-79.75,0.012142891628452793
9,31.25,-81.08,0.12942562128703755
9,31.25,-80.92,0.07698264119860071
9,31.42,-81.25,0.29292968662892593
9,31.42,-80.92,0.0877531855725325
9,31.42,-80.58,0.04830663210640733
9,33.08,-118.08,0.02598804318740104
9,33.42,-118.58,0.02707554311312449
9,33.42,-118.25,0.03018227384354059
9,33.42,-118.08,0.03199453355493741
9,34.75,-20.58,0.006170095029609421
9,38.08,-24.92,0.008232514879917009
9,38.92,-17.92,0.007686641506062677
9,42.58,-9.75,0.02654845977667719
9,42.58,-9.42,0.040961359994700894
9,42.92,-14.92,0.012895014701196209
9,42.92,-9.58,0.0402820332808635
9,45.42,-1.42,0.05984373145306913
9,46.92,-62.58,0.08081408311577085
9,46.92,-11.75,0.01903379670917415
9,47.25,-8.58,0.019029629989885367
9,47.25,-7.42,0.020540847850497812
9,47.42,-7.42,0.02238131249592138
9,47.58,-64.08,0.09901760887497892
9,47.58,-60.08,0.05588964517944707
9,47.58,-8.08,0.021953508329506103
9,48.25,-10.08,0.022002111377122883
9,48.42,-126.92,0.04381232188405612
9,48.92,-130.92,0.019102065823972225
9,49.08,-138.92,0.01574705792322325
9,49.42,-138.92,0.016363249093186684
9,49.42,-5.58,0.04306376421859918
9,49.42,-0.25,0.13908972358946742
9,49.58,-66.08,0.1019630407614526
9,49.58,-62.08,0.07131520557987432
9,49.92,-145.08,0.018045455289001647
9,49.92,-134.92,0.018440312177587587
9,62.92,-166.58,0.09486099983209548
9,63.92,-172.42,0.03353683651613
9,64.58,-167.25,0.09831633827343468
9,65.08,-169.92,0.0732623475726611
9,65.08,-169.08,0.09227461644136034
9,66.42,-167.75,0.08028743097439964
9,66.58,-169.08,0.06167386833504469
9,67.92,-169.08,0.05431704275769653
9,68.08,-169.08,0.05290107584173361
9,69.92,-166.42,0.03650073106855883
9,69.92,-163.92,0.06262317545938109
9,70.08,-169.08,0.022487943462739423
9,70.92,-162.08,0.022970717452923194
9,71.08,-160.75,0.030914125335402783
9,71.25,-163.42,0.01939758535949155
9,71.25,-163.08,0.020404438407590184
9,71.25,-152.08,0.034871772605031
9,71.42,-163.92,0.019408561902729653
9,71.42,-158.25,0.026102467505738903
9,71.42,-152.08,0.02850529819831946
9,71.58,-160.08,0.024367982190668436
9,71.58,-155.42,0.040539022337892375
9,71.58,-151.92,0.024433101486305103
9,71.75,-161.42,0.019459388908181413
9,71.75,-158.92,0.019677734615890168
9,71.92,-162.58,0.019645090940265127
9,71.92,-161.92,0.020153212561911223
9,71.92,-154.92,0.02046828154785684
9,72.08,-158.92,0.01768022776993278
9,72.08,-156.42,0.01743047647930022
9,72.42,-168.92,0.021306002015010633
9,72.42,-153.92,0.01428152478649281
9,73.08,-152.92,0.011801563761158226
9,73.25,-151.42,0.012451388306267883
9,73.92,-156.25,0.013190991524606944
9,74.92,-165.08,0.011100959687610157
10,-58.92,61.92,0.008356348900445577
10,-52.92,-0.08,0.011879878506685296
10,-52.08,61.75,0.010019973912719814
10,-48.08,73.42,0.016764546738981846
10,-38.58,-38.25,0.018758991173291138
10,-33.25,-46.75,0.01535430337701525
10,-30.25,-42.58,0.009302068335403289
10,-30.08,-27.42,0.006082329818690639
10,-27.42,-38.92,0.007394680975093728
10,-24.75,-35.25,0.0061827528711763165
10,-21.92,-31.58,0.004692920175979712
10,-19.25,-28.42,0.003827653440003771
10,-19.08,-25.08,0.003806908296177252
10,-16.58,-25.08,0.003967225776120488
10,-13.92,-21.75,0.004813786579429039
10,-11.08,-18.42,0.00615127330335478
10,28.08,-96.42,0.0811058282408686
10,28.25,-95.92,0.06137385882348532
10,28.58,-95.42,0.0831972207386224
10,30.25,-116.58,0.01833458662787009
10,32.58,-117.58,0.023095176444344577
10,33.42,-118.58,0.02475393165756638
10,33.42,-118.25,0.02470849496534183
10,33.42,-118.08,0.02608994356844397
10,36.25,-72.08,0.008624269244527178
10,37.08,-76.42,0.57552697070134
10,44.42,37.58,0.0582806175823013
10,44.92,-2.08,0.029777443258180505
10,44.92,-1.92,0.03074534984105932
10,44.92,-1.58,0.03904541962020587
10,45.08,-2.42,0.026977840029368445
10,45.08,-2.08,0.03035690766271381
10,45.08,-1.58,0.04115522061918108
10,45.25,-1.92,0.03352952670926849
10,45.25,-1.58,0.04671266133525586
10,45.42,-2.08,0.03343756247444877
10,45.42,-1.92,0.036166530656850056
10,45.42,-1.75,0.04141216531085471
10,45.58,-2.25,0.034038554361489205
10,45.58,-2.08,0.03247416943555609
10,45.58,-1.58,0.05618984322063625
10,45.75,-1.75,0.04828081544976504
10,47.58,-64.08,0.0834482545594135
10,52.92,0.75,0.30920287482773084
10,53.58,0.08,0.10490561621608556
10,53.92,0.25,0.05093551612836087
10,54.58,-0.42,0.0404727805649773
10,55.42,-1.42,0.055971035979036105
10,62.08,-167.25,0.1244392549045957
10,62.25,-167.58,0.08503268922392565
10,62.42,-168.08,0.07780856900857404
10,62.42,-167.92,0.06986667294628345
10,62.58,-168.92,0.04325737685184532
10,62.58,-168.58,0.05544707709206985
10,62.75,-169.08,0.05515236967207434
10,63.75,-172.08,0.04634887717726927
10,63.92,-172.42,0.033590012904023754
10,63.92,-172.25,0.03876690705656074
10,64.08,-169.58,0.04764065560302697
11,-76.75,-178.42,0.08592785991039938
11,-76.75,169.42,0.010210932209662607
11,-76.58,-178.08,0.07831966415445397
11,-76.58,169.75,0.014055419830367014
11,-76.58,175.92,0.09905758811610528
11,-73.58,176.75,0.007925062905997038
11,-69.42,-85.25,0.008319589131347397
11,-69.25,-85.25,0.009141260874457656
11,-69.08,-85.42,0.008578541212836686
11,-69.08,-85.25,0.00866244227686168
11,-68.92,-85.42,0.008681312870149586
11,-68.92,-85.25,0.00875070988220851
11,-68.75,-85.25,0.009591266361962038
11,-68.58,-85.25,0.01008987772554435
11,-68.58,-85.08,0.010636914831896624
11,-68.42,-85.08,0.011223943049117224
11,-68.25,-85.08,0.022155694506021544
11,-68.08,-85.08,0.022938424513475705
11,-67.92,-85.08,0.026668383057565533
11,-67.75,-85.08,0.02611304535152944
11,-67.58,-85.08,0.009714301477510071
11,-67.42,-85.08,0.012618652288951218
11,-67.25,-85.08,0.0092681311253592
11,-67.08,-85.08,0.008788257397504317
11,-66.42,-84.58,0.009867568099871278
11,-66.25,-84.58,0.010080335437363063
11,-66.08,-84.58,0.009874960086367363
11,-65.92,-84.75,0.010168180854922932
11,-65.92,-84.58,0.010182516844828187
11,-65.75,-84.92,0.01025263047565452
11,-65.75,-84.75,0.010020476925511206
11,-65.58,-85.08,0.010541644766284474
11,-65.58,-84.92,0.010440017321500284
11,-65.42,-85.25,0.010530708347457451
11,-65.42,-85.08,0.010663647583307146
11,-65.42,-84.92,0.010846507528589832
11,-65.42,-84.75,0.010782376929585422
11,-65.42,-84.58,0.010724400195455097
11,-65.42,-84.42,0.010724792656812657
11,-65.42,-84.25,0.010788146189103525
11,-65.42,-84.08,0.010799679486604218
11,-65.42,-83.92,0.010612751910876897
11,-62.92,-62.42,0.010315870194366049
11,-62.92,-62.25,0.011016572140053742
11,-62.75,-62.58,0.012292946642264725
11,-62.75,-62.42,0.01214823246771964
11,-62.58,-62.75,0.013723212090553716
11,-62.58,-62.58,0.013569727881986182
11,-61.58,-62.75,0.017946108838315218
11,-61.42,-62.75,0.014230398620402785
11,-61.25,-62.75,0.013284884193646056
11,-61.08,-62.75,0.013077980909990718
11,-60.92,-62.75,0.012994473733540093
11,-60.58,-62.75,0.013181858410944745
11,-60.42,-62.75,0.013214844549835032
11,-60.25,-62.75,0.013282851876728997
11,-60.08,-62.75,0.0135846461017369
11,-60.08,-62.58,0.013773498239413815
11,-59.92,-62.58,0.013380954220263782
11,-59.75,-62.58,0.014408771416685564
11,-59.58,-62.58,0.01467996283092213
11,-59.42,-62.58,0.014837892269905732
11,-59.25,-62.58,0.014289436586277217
11,-59.08,-62.58,0.013983778798078396
11,-58.92,-62.58,0.013044535614816206
11,-58.75,-62.58,0.012775041535971875
11,-58.58,-62.58,0.012395903289945302
11,-58.42,-62.75,0.012810837501203832
11,-58.42,-62.58,0.01270094153243212
11,-58.25,-62.75,0.013148425805040312
11,-58.08,-62.75,0.012844834633513677
11,-57.92,-62.75,0.012655249963115367
11,-57.75,-62.92,0.012314893975283722
11,-57.75,-62.75,0.012041630244775848
11,-57.58,-62.92,0.012341055501138374
11,-57.58,-62.75,0.012039822348089394
11,-57.58,-62.58,0.01201639545140598
11,-57.42,-62.58,0.011866409600028122
11,-57.42,-61.92,0.01249590743456644
11,-57.42,-61.75,0.012596942051979048
11,-57.42,-61.58,0.01261812290984529
11,-57.42,-61.42,0.012751617644704422
11,-57.42,-61.08,0.012490989768649546
11,-57.25,-62.08,0.012365098909607956
11,-57.25,-61.92,0.012542058635331994
11,-57.08,-60.58,0.012567128591733624
11,-56.92,-60.58,0.012776051343855808
11,-56.92,-60.42,0.01282201218418777
11,-56.92,-60.25,0.012853417422014232
11,-56.75,-60.25,0.012650243517448556
11,-56.75,-60.08,0.013108630526848896
11,-56.58,-60.08,0.012674750311167111
11,-56.42,-59.92,0.012787790626895673
11,-56.42,-59.75,0.012861640088032094
11,-56.25,-59.58,0.01286147863661148
11,-56.08,-59.58,0.012985734511356876
11,-56.08,-59.42,0.012885819702428214
11,-55.92,-59.42,0.01336185214090712
11,-55.75,-59.42,0.013580330376684362
11,-55.58,-59.42,0.014272044070673232
11,-51.58,-0.08,0.012459577341583006
11,15.92,61.92,0.025419956158694565
11,17.42,60.42,0.027286541990327592
11,18.75,57.92,0.04211196649287429
11,18.75,58.08,0.037184245637332906
11,18.92,58.58,0.03543080178526591
11,18.92,58.75,0.034360571108682424
11,18.92,58.92,0.035577062517404556
11,19.08,58.42,0.036309075399244925
11,19.25,58.08,0.04971007472474357
11,19.42,57.92,0.11506447498211449
11,19.42,58.08,0.06831721717263667
11,24.42,-64.42,0.004831610625248631
11,25.92,-97.08,0.08338935397641391
11,25.92,-96.92,0.05946160488933021
11,25.92,-96.75,0.043802843932822653
11,25.92,-96.58,0.030395923975893125
11,25.92,-96.42,0.020982336623556152
11,26.08,-96.75,0.044113722164183855
11,26.08,-96.42,0.022837732661971633
11,26.25,-96.92,0.05873420300456334
11,26.42,-96.92,0.06019067144667616
11,26.42,-96.42,0.02516180137647506
11,26.58,-97.08,0.07356091379781957
11,26.58,-96.58,0.03068529179661858
11,26.75,-96.58,0.026904918053852665
11,26.92,-97.08,0.06883791229706637
11,26.92,-96.58,0.02531098478416703
11,26.92,-96.42,0.02120142804021586
11,27.08,-97.42,0.11628412641584872
11,27.08,-97.25,0.0957523146264103
11,27.08,-97.08,0.07012904003946757
11,27.08,-96.92,0.05146036856826775
11,27.08,-96.75,0.03760402681952228
11,27.08,-96.58,0.02660319879556037
11,27.08,-96.42,0.02074352201378467
11,27.25,-96.92,0.053780096725617746
11,27.25,-96.25,0.01853951740990944
11,27.42,-96.92,0.06474364185895846
11,27.42,-96.08,0.0185381896717816
11,27.42,-95.92,0.017646819814013278
11,27.42,-94.42,0.014512222640368402
11,27.58,-96.58,0.041836354534654896
11,27.58,-96.25,0.023414380354236583
11,27.58,-96.08,0.01999947814536946
11,27.58,-95.92,0.019283257714681784
11,27.58,-95.58,0.017361497801101328
11,27.58,-95.42,0.016267069577410514
11,27.58,-95.25,0.015996014072122623
11,27.58,-95.08,0.015503234557845458
11,27.58,-94.92,0.015147426830870765
11,27.58,-94.75,0.01495477605649099
11,27.58,-94.58,0.015360777076257735
11,27.58,-94.42,0.015218600098575863
11,27.58,-94.08,0.01495797082078548
11,27.58,-93.92,0.01502285186885571
11,27.58,-93.58,0.014461523430345924
11,27.58,-93.42,0.014209733392130964
11,27.58,-93.25,0.013994722579586873
11,27.58,-93.08,0.0141019759300564
11,27.58,-92.08,0.013262790556502887
11,27.75,-96.42,0.041733958910466454
11,27.75,-95.25,0.017959986889392744
11,27.75,-94.42,0.016001897037257344
11,27.75,-93.08,0.01486740972637674
11,27.75,-92.75,0.01445975666390542
11,27.75,-92.58,0.014083386712460491
11,27.75,-92.42,0.013747902919671364
11,27.75,-92.08,0.014004747126707616
11,27.75,-91.92,0.013833254442683287
11,27.75,-91.58,0.013900050023874762
11,27.75,-90.58,0.01594133824300097
11,27.92,-96.58,0.07750947874429047
11,27.92,-96.42,0.05854179234985186
11,27.92,-96.08,0.037695772242637315
11,27.92,-95.92,0.03370289283101352
11,27.92,-95.58,0.027868748709027256
11,27.92,-95.42,0.024342632595905845
11,27.92,-94.25,0.017532137403150603
11,27.92,-93.08,0.015864725101130957
11,27.92,-92.08,0.014481355284093594
11,27.92,-91.42,0.015596746353014392
11,27.92,-91.25,0.01621838734124084
11,27.92,-91.08,0.016635947186043675
11,27.92,-90.75,0.016906376595475843
11,27.92,-90.58,0.01784567747797285
11,28.08,-95.42,0.0330731726004457
11,28.08,-95.08,0.0261061001873138
11,28.08,-94.92,0.02487378715233383
11,28.08,-94.58,0.023906709127394215
11,28.08,-94.42,0.024710572771347902
11,28.08,-94.08,0.02196753691235671
11,28.08,-93.08,0.017898680993868987
11,28.08,-92.08,0.016993111142014364
11,28.08,-91.08,0.018822596893094633
11,28.08,-90.92,0.02048498726620966
11,28.08,-90.58,0.02106983302997387
11,28.25,-95.58,0.04989026393741369
11,28.25,-95.42,0.043497794478827595
11,28.25,-94.75,0.03058205854755883
11,28.25,-94.25,0.029005914774476265
11,28.25,-94.08,0.02781696599547048
11,28.25,-93.75,0.025073293862598284
11,28.25,-93.58,0.02402378710899122
11,28.25,-93.42,0.023922426426517113
11,28.25,-93.08,0.02303166136297644
11,28.25,-92.92,0.02343730732076326
11,28.25,-92.08,0.022672086421932493
11,28.25,-91.58,0.02315622747742704
11,28.25,-91.25,0.024062902647621776
11,28.25,-90.58,0.03394565805412677
11,28.25,-64.42,0.005394450771356267
11,28.42,-95.58,0.07032028530553287
11,28.42,-94.75,0.03926017751194993
11,28.42,-94.08,0.03304223931983721
11,28.42,-93.08,0.02946302890587522
11,28.42,-92.58,0.028842536723051145
11,28.42,-92.42,0.028195640642424014
11,28.42,-92.25,0.02815390369683808
11,28.42,-92.08,0.028832435997545112
11,28.42,-91.75,0.031691653378383845
11,28.42,-90.58,0.04683874389726897
11,28.58,-95.58,0.11022851726119504
11,28.58,-94.92,0.05610586132626144
11,28.58,-94.08,0.043651368773105194
11,28.58,-93.08,0.036690993880739015
11,28.58,-92.08,0.041046167818867434
11,28.58,-90.58,0.07430463292807037
11,28.75,-94.92,0.07432756953093471
11,28.75,-94.08,0.052083445998022754
11,28.75,-93.08,0.05089155044786784
11,28.75,-92.08,0.05697752753918876
11,28.75,-90.58,0.08561349652555524
11,28.92,-94.92,0.10508726280638758
11,28.92,-94.08,0.06556692459069345
11,28.92,-93.08,0.060566748996094176
11,28.92,-92.08,0.08352342827663738
11,28.92,-90.58,0.11166842806400085
11,29.08,-94.92,0.1628917245460408
11,29.08,-94.08,0.0841344357373155
11,29.08,-93.08,0.0669190236652384
11,29.08,-92.08,0.11361102976037989
11,29.25,-94.08,0.12498297618359935
11,29.25,-93.08,0.08316621670917589
11,29.42,-94.08,0.17159043165988155
11,29.42,-93.08,0.1203823873050967
11,29.75,-64.92,0.006004144670441747
11,30.58,-147.42,0.006040879368439925
11,30.58,-143.08,0.006263838482222387
11,31.08,-81.08,0.1241134109963872
11,31.08,-80.92,0.07869178737152596
11,31.08,-79.75,0.013793600110185086
11,31.25,-81.08,0.16286323865761562
11,31.42,-80.92,0.0983508261186736
11,31.58,-136.92,0.006523702424304674
11,33.42,-118.58,0.02892557284509649
11,33.42,-64.42,0.00855839622862713
11,34.58,-64.42,0.009624779423964875
11,46.92,-62.58,0.04390115711130514
11,47.58,-64.08,0.06714717862046293
12,-76.58,-178.08,0.04039023250585333
12,-76.58,169.08,0.06715247425551449
12,-76.58,171.92,0.12960984273612505
12,-76.58,172.42,0.13008701543381618
12,-76.58,175.92,0.11984967323208978
12,-69.92,-85.58,0.007336200770133963
12,-69.92,-85.42,0.007899555520942578
12,-69.92,-85.25,0.007985702832229435
12,-69.75,-85.25,0.007741905056479338
12,-69.75,-85.08,0.008509265846046417
12,-69.58,-85.25,0.008528116938228218
12,-69.58,-85.08,0.008721590731292963
12,-69.42,-85.25,0.009673958220942452
12,-69.42,-85.08,0.009882049677385525
12,-69.25,-85.08,0.010266699768336756
12,-69.08,-85.25,0.01037740437654642
12,-69.08,-85.08,0.00995115991792686
12,-68.42,-85.08,0.01035461453255266
12,-68.42,-84.92,0.0103109136937807
12,-68.25,-85.08,0.010101064321229626
12,-68.08,-85.08,0.012104448342613656
12,-67.92,-85.08,0.013697117739618328
12,-67.75,-85.08,0.01847248673201188
12,-67.58,-85.08,0.010192870366460594
12,-64.92,-169.42,0.01495782894651509
12,-64.42,-169.42,0.01384970565876839
12,-63.25,-170.08,0.013891670246196624
12,-63.25,-169.92,0.013931307717799568
12,-62.58,-169.92,0.014732115416196533
12,-61.92,-168.92,0.015241459213519612
12,-61.08,-169.42,0.014438402778558576
12,-60.42,-170.25,0.014777787094667124
12,-56.92,-170.42,0.012410294672008604
12,-55.92,-171.92,0.012285063347707572
12,-54.42,-173.42,0.011858259520242708
12,-53.08,-174.92,0.01217047058386155
12,-53.08,-174.75,0.01195555078671672
12,-49.42,2.08,0.013838963060362194
12,-47.08,4.42,0.013442498739235677
12,-33.92,17.08,0.018946777429216757
12,-32.92,16.42,0.018954389585325353
12,-32.58,17.58,0.07954373161863679
12,-31.08,15.25,0.01864894085044328
12,-30.08,16.92,0.10296023749889664
12,-29.58,16.42,0.07361520463242553
12,-29.58,16.58,0.10465871459410454
12,-20.08,79.92,0.004217364740235588
12,-19.08,79.92,0.0044893438887531655
12,-17.08,79.92,0.0048828161648438815
12,-15.08,79.92,0.005196747708116443
12,-13.25,79.92,0.005551913977027512
12,-12.08,79.92,0.00567750540526154
12,-10.08,79.92,0.005736258205545779
12,-7.08,79.92,0.006647199499779022
12,-5.08,79.92,0.007540309407676642
12,-4.08,79.92,0.00771296356106177
12,-1.42,79.92,0.008720111003360497
12,-0.42,79.92,0.009017984938019743
12,0.42,79.92,0.010437286467864536
12,1.92,79.92,0.012378004101964716
12,3.58,79.92,0.013329067195837317
12,5.08,79.92,0.018589835291585095
12,5.58,79.92,0.02435771460071779
12,5.75,79.92,0.0250077748295063
12,7.92,66.75,0.011678882359634511
12,7.92,66.92,0.011444213453125063
12,10.08,65.42,0.013134758019497476
12,11.92,64.42,0.02150412494889819
12,11.92,66.92,0.016615888076977663
12,12.42,154.92,0.0035945342141740885
12,13.92,63.08,0.0272928189772826
12,14.08,66.92,0.02448119015361254
12,15.92,61.92,0.028096928538826223
12,16.42,61.58,0.02796536686722762
12,16.58,61.42,0.028724821956040196
12,17.08,61.42,0.028368972613512036
12,19.92,149.92,0.004209918827445318
12,19.92,154.92,0.003918813080347788
12,21.42,118.42,0.01330039494832118
12,22.92,159.92,0.00428363677033653
12,22.92,179.92,0.004850063047622546
12,27.42,-155.08,0.006923572590144781
12,28.42,154.92,0.006881826528115198
12,29.42,-141.08,0.007030568938576975
12,30.08,-134.58,0.007289065419732092
12,31.58,-123.58,0.014124176409005975
12,33.42,-118.58,0.0338371362304315
12,47.58,-64.08,0.14457582201672872
12,47.58,-60.08,0.017470201833930332
