month,lat01,lon01,mean_APH
1,-78.08,-176.42,0.08812268568697024
1,-76.58,-178.25,0.08978762228875176
1,-76.58,-178.08,0.09235334859572744
1,-76.58,168.92,0.10095208673737945
1,-76.58,175.92,0.14341369043349436
1,-76.58,176.08,0.13777931049270065
1,-76.58,176.92,0.15861286333222924
1,-74.08,176.92,0.029648587107658383
1,-69.42,-76.42,0.06760149399136625
1,-68.92,-77.25,0.03198842674360743
1,-68.42,-78.42,0.02366065070964396
1,-68.42,-75.25,0.04290627749239812
1,-67.92,-76.42,0.021492120266581576
1,-67.92,-73.42,0.04362512442457955
1,-67.92,-70.08,0.09660943657425898
1,-67.58,-71.08,0.08535000204574317
1,-67.42,-74.58,0.02207862777369363
1,-67.25,-71.58,0.07137447160515767
1,-67.08,-69.08,0.04838087966771058
1,-66.75,-72.92,0.027004093314482745
1,-66.58,-69.58,0.04525881791082413
1,-66.08,-68.42,0.0380970894832883
1,-65.92,-71.58,0.017851672745244185
1,-65.58,-66.42,0.06939902000262269
1,-65.42,-69.92,0.02007891111295774
1,-65.42,-66.92,0.08180658521819605
1,-65.42,52.92,0.022733259045320454
1,-65.42,53.08,0.02363058494714399
1,-65.08,-67.08,0.03963785677083901
1,-65.08,-64.75,0.06639976383719061
1,-65.08,-64.58,0.062109417853909624
1,-64.92,52.92,0.01631814855542304
1,-64.75,-68.42,0.021727760570744672
1,-64.08,-64.08,0.035876109143314155
1,-63.58,53.58,0.011785837343746894
1,-62.25,53.92,0.013690942353078802
1,-60.25,54.58,0.013683852984717018
1,-58.42,55.08,0.014881355001738195
1,-56.42,55.58,0.012129955925047398
1,-54.08,56.42,0.01572667654162567
1,-50.92,57.42,0.0177183528185675
1,-48.75,57.75,0.013865492634450725
1,-48.08,57.58,0.014146892231349883
1,-45.08,57.58,0.020818671566973392
1,-43.08,8.42,0.017048205347045473
1,-42.25,57.58,0.027076121113312087
1,-40.42,57.58,0.020569470404696307
1,-38.42,57.58,0.012230983898533802
1,-36.42,57.42,0.006836493848823011
1,-35.08,57.25,0.005496115647378917
1,-32.25,57.08,0.005143875655401069
1,-30.42,55.08,0.006305892737337241
1,-23.08,-120.08,0.0021606990592676753
1,-23.08,-100.08,0.002412563097957326
1,27.92,-155.08,0.008320457700296845
1,33.42,-118.58,0.03830888907817241
1,45.25,-1.58,0.05935440631583333
1,45.42,-2.08,0.037090358287586195
1,45.42,-1.92,0.05181829107497929
1,45.42,-1.75,0.06342310915505023
1,45.42,-1.58,0.0737226017824325
1,45.42,-1.42,0.08382997720649368
1,45.58,-2.58,0.028807973712805267
1,45.58,-1.92,0.05508482012603628
1,45.58,-1.58,0.08573946871451642
1,45.75,-2.25,0.04141477703754055
1,45.75,-1.75,0.07175872364773807
1,45.92,-2.42,0.038923026546590814
1,45.92,-2.08,0.05930676343115537
1,45.92,-1.92,0.06878827990179784
1,46.08,-2.92,0.030387763920436173
1,46.08,-2.58,0.037054004711344055
1,46.08,-1.92,0.07196918234082036
1,46.25,-2.42,0.05239957019588665
1,46.25,-2.08,0.06926326864202947
2,-78.08,-176.08,0.04540966801043298
2,-76.58,-178.42,0.05610121335485019
2,-76.58,-178.08,0.054551140492549166
2,-76.42,163.25,0.03638875264940517
2,-76.08,163.08,0.02356256251888616
2,-66.25,-168.92,0.019712674560853176
2,-64.92,-169.42,0.028595841890718374
2,-63.25,-170.08,0.02224046687802507
2,-60.42,-170.25,0.011192018897013946
2,-58.58,-170.08,0.010854590955811242
2,-57.08,-170.42,0.01152474457760238
2,-53.08,-174.92,0.022985444442989927
2,-2.08,-140.25,0.012530734115797613
2,-1.25,-140.58,0.014392771020842096
2,-1.08,-140.42,0.015327146005195877
2,-1.08,-140.08,0.015570664506716032
2,-0.08,-140.58,0.017676451566836074
2,-0.08,-140.42,0.01780839608464804
2,-0.08,-140.25,0.017855965403012104
2,0.92,-140.42,0.01610168310192724
2,1.08,-140.42,0.015318928493393792
2,1.08,-140.08,0.01542506281596919
2,1.25,-140.42,0.01474323395329217
2,1.75,-140.08,0.014112979393555889
2,1.92,-140.08,0.013712678622040484
2,2.92,-140.08,0.013503464779609608
2,4.92,-140.08,0.014290715722988049
2,6.92,-140.08,0.013835890360900924
2,9.08,-140.25,0.0121954199922685
2,11.92,-140.08,0.010699288486244364
2,27.92,-155.08,0.007912808964546356
2,27.92,154.92,0.012024831401908563
2,33.42,-118.58,0.032833636537866875
2,44.92,-2.08,0.033303719570135906
2,44.92,-1.92,0.03793953381763357
2,44.92,-1.58,0.04964369609822623
2,45.08,-2.42,0.0290424234925821
2,45.08,-2.08,0.034443623929594956
2,45.08,-1.58,0.05414940071447442
2,45.25,-1.92,0.04346788613151552
2,45.25,-1.58,0.06029138130866664
2,45.42,-2.08,0.044232052914190315
2,45.42,-1.92,0.0527229553327844
2,45.42,-1.75,0.05910602229091132
2,45.42,-1.58,0.0679511608032044
2,45.42,-1.42,0.07311286246598077
2,45.58,-2.25,0.04225530880244656
2,45.58,-2.08,0.05116533925239411
2,45.58,-1.58,0.07646825537085533
2,45.75,-1.75,0.06838297846520112
2,48.42,-126.92,0.03118215136055369
2,48.92,-130.92,0.022728743277386654
2,49.08,-138.92,0.022448601343462035
2,49.42,-138.92,0.022260556514892314
2,49.58,-142.58,0.02336099809811761
2,49.92,-145.08,0.023370201376059815
2,49.92,-134.92,0.02288605782410337
3,-71.42,-166.08,0.030437116205575876
3,-70.58,-166.08,0.025369574626286823
3,-69.42,-168.58,0.02107071437058039
3,-67.58,-170.08,0.019546414037113605
3,-66.25,-169.92,0.022764682062660104
3,-64.92,-169.42,0.022304211641577157
3,-63.25,-170.08,0.01697345447859594
3,-61.92,-170.25,0.0149031871287021
3,-57.58,-0.08,0.02427635909858304
3,-55.58,-0.08,0.024718061522383924
3,-54.42,-173.42,0.017134276284298425
3,-51.92,-0.08,0.015144295865853488
3,-50.42,1.08,0.015793597207627665
3,-49.08,2.58,0.016555963084101677
3,-47.58,4.25,0.015522964220021812
3,-46.08,5.75,0.01549473084824186
3,-45.08,6.42,0.015435106383348015
3,-44.92,6.58,0.01581357381450878
3,-42.58,8.75,0.023736148259379496
3,-41.25,9.75,0.02854067252450426
3,-36.58,12.92,0.016816612018246045
3,-34.58,14.25,0.012602410239862725
3,-26.58,94.92,0.0039100616278362945
3,-24.92,94.92,0.003876002029922437
3,-22.58,94.92,0.004310782913538352
3,-20.92,94.92,0.00471849025974811
3,-17.58,94.92,0.005419876308403384
3,-12.42,-134.92,0.010098119679523603
3,-12.25,-135.08,0.01020153844073205
3,-12.25,-134.92,0.010143724860439835
3,-12.25,-134.58,0.010250849242676312
3,-12.08,-135.08,0.010199710811999902
3,-9.08,-137.42,0.011208982993914207
3,-7.08,-80.92,0.1616768206299191
3,-5.25,-140.25,0.011394264760204184
3,-5.25,-140.08,0.011456635577315596
3,-5.08,-140.08,0.011542903180693237
3,-3.42,-80.92,0.06278785478166292
3,-3.08,-140.08,0.011860508799657856
3,-3.08,-80.92,0.05759976796386108
3,-2.92,-80.92,0.05722945175645217
3,-2.58,-81.25,0.047742550589249165
3,-2.42,-81.42,0.04545323065364025
3,-2.08,-140.92,0.01261391257211356
3,-2.08,-140.58,0.012789616820363092
3,-0.58,-80.92,0.05098779670054644
3,-0.42,-80.75,0.05139946058707338
3,-0.08,-80.75,0.04864183606081445
3,0.08,-80.75,0.04393449559492965
3,0.58,-80.42,0.04390436555193344
3,1.42,-79.58,0.06412373538273321
3,1.58,-79.42,0.05720566247235721
3,1.92,-79.25,0.04594028040661778
3,2.42,-79.08,0.04449851475131344
3,2.92,-78.75,0.04594544817129491
3,3.08,-78.42,0.055056096854763974
3,3.25,-78.42,0.04536610080952376
3,3.58,-78.08,0.03954049836004704
3,4.08,-77.92,0.037327292060453286
3,4.25,-77.92,0.04175137971121241
3,4.58,-78.08,0.04030694505593307
3,5.58,-78.08,0.041066893599402736
3,5.92,-78.42,0.04407894897314025
3,6.92,-78.75,0.04044904900242535
3,7.25,-78.92,0.060030684111193874
3,7.58,-79.08,0.07100055306415323
3,7.92,-79.08,0.08343169190199443
3,9.92,64.75,0.009168196705655314
3,14.42,64.75,0.012190637936238462
3,14.58,64.08,0.016507853179986418
3,15.08,63.42,0.017896223520593984
3,15.25,68.58,0.010088501813736233
3,15.92,61.92,0.019848888927683703
3,18.08,67.42,0.014110440185004977
3,19.08,66.92,0.019260772777734404
3,19.08,67.08,0.0167488597094042
3,28.42,-91.08,0.04423948641026944
3,28.42,-90.92,0.04578058457028278
3,28.42,-90.75,0.04526742077498159
3,28.42,-90.58,0.04626436711249637
3,28.58,-92.42,0.019585978016781976
3,28.58,-92.25,0.02124971045102452
3,28.58,-92.08,0.02438057895789159
3,28.58,-91.92,0.02960434642581033
3,28.58,-91.58,0.05579830155524255
3,28.58,-91.42,0.07863979087486653
3,28.58,-91.08,0.11185382494152012
3,28.58,-90.92,0.10331251485351946
3,28.58,-90.75,0.1073521344633904
3,28.58,-90.58,0.11564727354479928
3,28.75,-92.58,0.029474240708046814
3,28.75,-92.42,0.033739498854142576
3,28.75,-92.25,0.039058817891587674
3,28.75,-92.08,0.05026003842005952
3,28.75,-91.92,0.06413273376898027
3,28.75,-90.58,0.19269994027178053
3,28.75,-90.42,0.20957800568881588
3,28.92,-93.08,0.03369419400180152
3,28.92,-92.58,0.06593973346671063
3,28.92,-92.42,0.07517052693686015
3,28.92,-92.25,0.0896752966718722
3,28.92,-92.08,0.10724325249837316
3,28.92,-91.92,0.14299501098272666
3,28.92,-91.58,0.1964898376240277
3,28.92,-90.75,0.28628808543295925
3,28.92,-90.58,0.2818603846441272
3,28.92,-90.08,0.30654676993128277
3,28.92,-89.92,0.3189160775550654
3,28.92,-89.75,0.3542667175052871
3,28.92,-89.58,0.3410951332517073
3,29.08,-93.08,0.05403088355882907
3,29.08,-92.92,0.0640184889731168
3,29.08,-92.75,0.0873860940927456
3,29.08,-92.58,0.11484841583952518
3,29.08,-92.42,0.14439238411125163
3,29.08,-89.92,0.368085352048068
3,33.42,-118.58,0.03334947569217061
3,45.08,-1.58,0.05792680622773691
3,45.25,-1.58,0.060754316294906845
3,45.42,-1.92,0.06035148545207692
3,45.42,-1.75,0.06395522582436532
3,45.42,-1.58,0.06610774919128334
3,45.58,-2.08,0.06040541642725888
3,45.58,-1.92,0.06780993537059132
3,45.75,-2.42,0.05354489789764121
3,45.75,-2.08,0.06584865271284336
3,45.75,-1.75,0.06969039327740459
3,45.92,-2.42,0.05828280799077745
3,45.92,-1.92,0.06228670060821533
3,45.92,-1.58,0.07449622933661014
3,46.08,-2.42,0.05800573478951316
3,46.08,-2.25,0.059944427627938945
3,46.08,-1.92,0.06498297561012523
3,46.25,-1.92,0.06655053084742435
3,46.42,-2.42,0.06301050711895378
3,48.42,-126.92,0.0330289354233045
3,48.92,-130.92,0.02265483186855702
3,49.08,-138.92,0.019086036752437203
3,49.42,-138.92,0.01955006281766568
3,49.58,-0.42,0.05789253835461404
3,49.92,-145.08,0.01936736323831367
3,49.92,-134.92,0.021079405263381104
3,57.92,-147.92,0.028169616217344574
3,58.08,-148.08,0.026206442364819452
3,58.25,-148.25,0.02710293788253002
3,58.42,-148.42,0.027072656545525705
3,58.58,-148.58,0.026802644507408564
3,58.92,-148.92,0.027784100038484787
3,58.92,-148.75,0.026663560052992592
3,58.92,-148.08,0.02628856030305926
3,59.08,-149.08,0.027145602366506632
3,59.08,-148.92,0.027380461683234488
3,59.08,-148.08,0.025662210363317544
3,59.25,-149.25,0.02710587229632156
3,59.25,-148.08,0.025592042116815567
3,59.42,-149.42,0.028778025854221533
3,59.42,-149.25,0.028459833502034907
3,59.42,-148.92,0.02941942834098574
3,59.42,-148.08,0.02575596036966628
3,59.58,-149.42,0.03240374787907365
3,59.58,-148.92,0.0278961890718152
3,59.58,-148.08,0.026798613118918856
4,-47.08,-50.42,0.043415242152517304
4,-41.58,9.58,0.02613807407518228
4,-40.08,10.58,0.03073205931210204
4,-31.42,43.92,0.00932316235348321
4,-15.42,94.92,0.006565706273377465
4,-13.75,94.92,0.007100172643141265
4,-11.58,94.92,0.009336831930436586
4,-10.42,94.92,0.01037974122160098
4,-8.42,94.92,0.0092472850606499
4,-6.75,94.92,0.008900391787551996
4,-4.58,94.75,0.007752889456848304
4,-3.25,94.25,0.007754609225677294
4,-2.42,93.92,0.007779344483360387
4,0.42,92.92,0.008718502274796106
4,1.25,92.08,0.00849715519794508
4,2.92,91.58,0.008340854549028894
4,4.92,90.42,0.009365279766681948
4,6.42,89.08,0.009573787279230984
4,7.92,88.08,0.009612445866591051
4,9.42,86.92,0.008552955238867486
4,10.58,87.08,0.008363476684807162
4,12.58,88.42,0.0073238202869042495
4,14.42,-109.42,0.0098435022998928
4,14.42,89.42,0.006851744274874299
4,15.42,-110.08,0.00939470836729334
4,16.42,-107.25,0.00998748987586352
4,16.58,60.42,0.01047933913293507
4,16.92,89.58,0.0071195011954452115
4,17.08,59.58,0.01103977533057332
4,17.42,-106.08,0.011185979111152784
4,17.58,58.92,0.0098186848606514
4,17.75,-103.92,0.01930722623671356
4,17.92,-110.08,0.00946947799080558
4,17.92,57.92,0.010560717081381498
4,18.25,57.08,0.08099220382670562
4,18.42,-110.08,0.00935050145020349
4,18.42,-104.58,0.033244214576195204
4,18.58,-104.25,0.05765883358228102
4,19.58,-105.92,0.07113602584260598
4,19.92,-106.25,0.05422550036261479
4,19.92,-106.08,0.07831672735904392
4,20.58,-106.25,0.049802400710943495
4,20.92,-110.08,0.009418045317656117
4,22.58,-110.92,0.010954595015694698
4,27.42,-93.08,0.007543021559780627
4,27.42,-92.08,0.0077086886995586384
4,27.58,-94.42,0.008562194573562266
4,27.58,-94.08,0.008150696506307117
4,27.58,-93.92,0.007984782679398594
4,27.58,-93.58,0.008130496764032725
4,27.58,-93.42,0.00792357174418213
4,27.58,-93.25,0.007935808624320646
4,27.58,-93.08,0.007820530827238895
4,27.58,-92.08,0.00775104728854147
4,27.58,-90.58,0.008133688688343554
4,27.75,-93.08,0.007957030026438204
4,27.75,-92.75,0.008094946049121126
4,27.75,-92.58,0.007924916733285053
4,27.75,-92.42,0.007925793945201133
4,27.75,-92.08,0.00807923173303144
4,27.75,-91.92,0.008350647785782553
4,27.75,-90.58,0.00831183803006353
4,27.92,-94.25,0.008800717166690319
4,27.92,-93.08,0.008181471361272168
4,27.92,-92.08,0.0081108816319325
4,27.92,-91.42,0.0090819342049623
4,27.92,-91.25,0.009120589357049187
4,27.92,-91.08,0.009020506441103
4,27.92,-90.75,0.008553864115751103
4,27.92,-90.58,0.00849982539371571
4,28.08,-93.08,0.008726817206479609
4,28.08,-92.08,0.008473454741761088
4,28.08,-90.58,0.009631858776086582
4,28.25,-94.75,0.0131440608113605
4,28.25,-93.08,0.008857811492737056
4,28.25,-92.08,0.009674143912107276
4,28.25,-90.58,0.015845000743865967
4,28.42,-93.08,0.009078867764114157
4,28.42,-92.08,0.010595823135717134
4,28.42,-91.25,0.03722345365799571
4,28.42,-91.08,0.041993531186068266
4,28.42,-90.92,0.044625719355648026
4,28.42,-90.75,0.04860399654870363
4,28.42,-90.58,0.05472367434974825
4,28.42,-89.92,0.08341039040456771
4,28.58,-94.08,0.0129774751942278
4,28.58,-93.08,0.011888878532836477
4,28.58,-92.42,0.013468045308336354
4,28.58,-92.25,0.01421565738947768
4,28.58,-92.08,0.016770140594688423
4,28.58,-91.92,0.02255035476889788
4,28.58,-91.75,0.034251231953436344
4,28.58,-91.58,0.05452367909183203
4,28.58,-91.42,0.0785238913969104
4,28.58,-91.25,0.10128985013682068
4,28.58,-91.08,0.13001103875668427
4,28.58,-90.92,0.14023712055202117
4,28.58,-90.75,0.15599728148561298
4,28.58,-90.58,0.15310573604023248
4,28.58,-90.42,0.1307812752692323
4,28.58,-90.08,0.11994106909913714
4,28.58,-89.75,0.1738955260299375
4,28.58,-89.58,0.15956672594735496
4,28.75,-94.08,0.019839704839146828
4,28.75,-93.08,0.01711686576406161
4,28.75,-92.58,0.018330545172814214
4,28.75,-92.42,0.020583834588985172
4,28.75,-92.25,0.024111758773327444
4,28.75,-92.08,0.03185946117727119
4,28.75,-91.92,0.05335210784942957
4,28.75,-91.58,0.13824406455744775
4,28.75,-90.58,0.2202882149109715
4,28.75,-90.42,0.18442096489301896
4,28.75,-90.08,0.21943017474392004
4,28.75,-89.92,0.27690286114158336
4,28.75,-89.75,0.31190765667053166
4,28.92,-94.08,0.03561947376562914
4,28.92,-93.25,0.02801234334229345
4,28.92,-93.08,0.02582213855266833
4,28.92,-92.58,0.04251362255921489
4,28.92,-92.42,0.05037433098544154
4,28.92,-92.25,0.06749392213430583
4,28.92,-92.08,0.0865738189681188
4,28.92,-91.92,0.13287198873596234
4,28.92,-91.75,0.17366666779771708
4,28.92,-91.58,0.21230181303332776
4,28.92,-90.75,0.2813647571428303
4,28.92,-90.58,0.29578426496632265
4,28.92,-89.92,0.35255049162527974
4,28.92,-89.75,0.36308207009968
4,28.92,-89.58,0.35288134205008026
4,29.08,-94.08,0.05677969624853826
4,29.08,-93.08,0.04331728272760907
4,29.08,-92.92,0.05109717311304912
4,29.08,-92.75,0.07601482805126068
4,29.08,-92.58,0.10172652092092392
4,29.08,-92.42,0.13382900780753085
4,29.08,-92.08,0.19622530299647337
4,29.25,-94.08,0.11805627293876585
4,29.25,-93.08,0.09343624574115925
4,29.42,-94.08,0.18734286512093
4,29.42,-93.08,0.18129955670028405
4,31.08,-79.75,0.010033834766465844
4,33.42,-118.58,0.03286526703455469
4,36.25,-72.08,0.013515706345635025
4,37.08,-76.42,0.100091729623576
4,43.58,-2.08,0.037948673305085355
4,43.58,-1.92,0.040082372406399565
4,43.92,-2.42,0.03573968235337943
4,43.92,-1.92,0.029903717551445753
4,44.42,-2.42,0.03347396563836619
4,44.42,-1.92,0.02829830810068208
4,44.75,-2.42,0.037224038945216885
4,44.75,-1.92,0.027743191147844
4,44.92,-3.08,0.03953514995641614
4,44.92,-2.08,0.030814097622376784
4,44.92,-1.92,0.027493629718950967
4,44.92,-1.58,0.03331687496648284
4,45.08,-3.58,0.03854465249337648
4,45.08,-2.58,0.03880269374502333
4,45.08,-2.42,0.0383088342649372
4,45.08,-2.25,0.034860442751985896
4,45.08,-2.08,0.0285187759354972
4,45.08,-1.92,0.027662343280226515
4,45.08,-1.58,0.0393359542807989
4,45.25,-2.08,0.030711027336094463
4,45.25,-1.92,0.03070181688261137
4,45.25,-1.58,0.04745766397957739
4,45.42,-2.92,0.046485441973792355
4,45.42,-2.08,0.03257703602215961
4,45.42,-1.92,0.03773201690790685
4,45.42,-1.75,0.04703083671956209
4,45.42,-1.42,0.07601979802967164
4,45.58,-3.92,0.05207082240335774
4,45.58,-2.25,0.03653178728398001
4,45.58,-2.08,0.03958544226592047
4,45.58,-1.75,0.06427413480062234
4,45.58,-1.58,0.08664859710424616
4,45.75,-3.25,0.05151365800319534
4,45.92,-1.75,0.063362634463007
4,46.08,-2.58,0.046913658644546545
4,46.92,-62.58,0.08339827493182383
4,47.58,-64.08,0.10154275043883867
4,49.42,-0.42,0.06641073400775592
4,49.58,-66.08,0.09940664123809129
4,49.58,-62.08,0.06138577578323228
4,58.25,-148.25,0.08769406607015091
4,58.42,-148.42,0.0763660950030674
4,58.58,-148.58,0.07601818991334815
4,58.92,-148.92,0.064742167349578
4,58.92,-148.75,0.06417342301523477
4,59.08,-149.08,0.06214874626643825
4,59.25,-149.08,0.07881286753374234
4,59.42,-149.42,0.07883813581837897
4,59.42,-149.25,0.06978807372874335
4,59.42,-149.08,0.06896000388160087
4,59.58,-149.42,0.07173631801024864
4,59.58,-149.08,0.06329713732396301
5,-45.42,38.58,0.02259672648593116
5,-44.58,-40.58,0.031419772791731006
5,-43.42,-45.42,0.03690141036777811
5,-43.08,40.75,0.027227953446152454
5,-41.08,-41.75,0.03384558911270955
5,-39.92,43.92,0.027980209314538276
5,-39.08,-38.75,0.028155822306871418
5,-38.75,11.58,0.0261934798429994
5,-37.92,-37.75,0.024538665516849828
5,-36.92,43.92,0.019418935222989497
5,-36.08,-34.92,0.0137900136931635
5,-34.92,-33.75,0.011345252785009934
5,-33.08,-31.08,0.010262807981823297
5,-31.42,43.92,0.011030420010416386
5,-30.92,-28.42,0.00827334722613587
5,-29.58,-27.08,0.007137685569058008
5,-28.25,-25.25,0.0064026365631862595
5,-26.25,-25.08,0.006124450291013893
5,-24.42,-25.08,0.005427514031693777
5,-21.75,-25.08,0.004878371851244832
5,-21.08,-25.08,0.004696018939070842
5,-16.75,-25.08,0.004075063026154085
5,-14.08,-25.08,0.004295099824530017
5,-12.42,-25.08,0.005208518927889492
5,-10.75,-25.08,0.005838665940031847
5,-4.58,-25.08,0.011051901082015212
5,-2.42,-25.08,0.011761265875333372
5,-0.25,-25.08,0.011492955005344222
5,7.08,-27.92,0.010902347573873532
5,11.25,-29.58,0.007947349390151966
5,14.58,-30.92,0.0072084134786992386
5,18.58,-32.42,0.00653099642124075
5,22.08,-33.92,0.005398077739621787
5,24.92,133.92,0.006025752347127041
5,25.92,-97.08,0.05498067022177994
5,25.92,-96.92,0.041288559855756295
5,25.92,-96.75,0.03262719520203331
5,25.92,-96.58,0.023623363094349557
5,25.92,-96.42,0.015973720867323744
5,25.92,-96.25,0.012446104583111316
5,25.92,-96.08,0.010328854752622326
5,26.08,-96.42,0.017349793527768376
5,26.42,-96.42,0.017887501465499073
5,26.58,-96.58,0.02216898623994305
5,26.75,-96.58,0.022645639702472287
5,26.92,-96.58,0.022053676805893808
5,26.92,-96.42,0.017944759365277337
5,26.92,-96.25,0.015251562093908431
5,26.92,-96.08,0.01332314293626148
5,27.08,-97.42,0.08022665672321269
5,27.08,-97.25,0.06865075086780588
5,27.08,-97.08,0.05323419669259559
5,27.08,-96.92,0.047146369675722194
5,27.08,-96.75,0.03284638788746259
5,27.08,-96.58,0.027103694038540942
5,27.08,-96.42,0.02221298792916487
5,27.25,-96.25,0.01931080817731152
5,27.25,-95.75,0.01176130703842158
5,27.42,-96.08,0.01753240333431784
5,27.42,-95.92,0.013008128926979707
5,27.42,-95.08,0.010015584968427634
5,27.42,-94.42,0.008742066600140841
5,27.58,-96.25,0.02463175667799078
5,27.58,-96.08,0.02076611650409177
5,27.58,-95.92,0.015560404774185053
5,27.58,-95.58,0.012609981329981512
5,27.58,-95.42,0.011810603087617303
5,27.58,-95.25,0.011142863140455171
5,27.58,-95.08,0.01042592067268047
5,27.58,-94.92,0.010589692087652272
5,27.58,-94.75,0.01013023656731307
5,27.58,-94.58,0.009602618044214872
5,27.58,-94.42,0.009270077551584963
5,27.75,-96.42,0.04149739641990677
5,27.75,-95.25,0.0151160560635617
5,27.75,-94.42,0.010659958783756284
5,27.92,-96.58,0.07312736300724175
5,27.92,-96.42,0.06273664177998024
5,27.92,-95.42,0.020683862725170057
5,27.92,-94.25,0.01252194874413202
5,28.08,-116.08,0.021209106623085543
5,28.08,-95.42,0.028620749933693065
5,28.08,-94.58,0.0152846982168472
5,28.08,-94.08,0.01307124444985461
5,28.25,-95.58,0.049003526965594464
5,28.25,-95.42,0.036186474976335266
5,28.25,-94.75,0.01738416204427588
5,28.25,-94.08,0.013710546803742866
5,28.42,-95.58,0.07676326309549897
5,28.42,-94.75,0.02003412761191345
5,28.42,-94.08,0.013941505458205938
5,28.42,-91.25,0.028373117031365195
5,28.42,-91.08,0.0401666064554935
5,28.42,-90.92,0.04154185193371685
5,28.42,-90.75,0.04546783178332536
5,28.42,-90.58,0.04925876291578307
5,28.58,-94.92,0.04061902010717484
5,28.58,-92.42,0.012555956477573252
5,28.58,-92.25,0.013815250672290433
5,28.58,-92.08,0.019704459173440495
5,28.58,-91.92,0.028154327590634826
5,28.58,-91.75,0.0367159021569772
5,28.58,-91.58,0.04937574993955957
5,28.58,-91.42,0.05510222104460221
5,28.58,-91.08,0.09826622180202428
5,28.58,-90.92,0.10648806549365604
5,28.58,-90.75,0.12248903095314743
5,28.58,-90.58,0.11204603668439256
5,28.58,-90.42,0.11138388297952
5,28.75,-94.92,0.0697585410602829
5,28.75,-92.42,0.02322391068788848
5,28.75,-92.25,0.02993471932131797
5,28.75,-92.08,0.04061403263168519
5,28.75,-91.92,0.06654785614912673
5,28.75,-91.42,0.1389054071486873
5,28.75,-90.58,0.1708577800925602
5,28.75,-90.42,0.18213045142371864
5,28.75,-90.25,0.19814494298771024
5,28.92,-94.92,0.13882118816870978
5,28.92,-93.08,0.03777739014442298
5,28.92,-92.58,0.03975647577831029
5,28.92,-92.42,0.051684510394218654
5,28.92,-92.25,0.06809141506057452
5,28.92,-92.08,0.07794591511928421
5,28.92,-91.92,0.10864051646443412
5,28.92,-91.58,0.18612156605676697
5,28.92,-90.58,0.2904951168662485
5,28.92,-90.25,0.3103833015569869
5,28.92,-90.08,0.3044582980356234
5,28.92,-89.92,0.3613570855163476
5,28.92,-89.75,0.348189007545657
5,28.92,-89.58,0.35181204958216233
5,29.08,-94.92,0.21772095933556557
5,29.08,-94.58,0.1491000893909265
5,29.08,-94.42,0.12582334692535155
5,29.08,-92.58,0.08672873767243479
5,29.08,-92.42,0.1205604751697084
5,29.08,-89.75,0.4392295680488186
5,29.08,-36.92,0.0025882983960293453
5,29.42,145.58,0.008224690360400607
5,29.92,146.92,0.008028767442310174
5,31.08,-80.42,0.017966361702693737
5,31.08,-79.75,0.00853854332886198
5,31.08,-32.75,0.0032820483662790675
5,31.08,-32.58,0.0032905655320706394
5,31.42,-120.42,0.014426970847553629
5,31.92,123.92,0.07925381193019669
5,32.58,-117.58,0.021388279267258063
5,33.42,-118.58,0.02794650852378896
5,33.92,147.58,0.014369246879168575
5,33.92,151.92,0.01407351674981114
5,35.58,-22.92,0.006327219851835466
5,37.92,146.92,0.03321307800326716
5,38.58,-20.08,0.012388613259912851
5,41.92,-18.92,0.03340422935263418
5,43.58,-2.08,0.02472690081306021
5,43.58,-1.92,0.03142641035511213
5,43.92,-2.42,0.017779352026991546
5,43.92,-1.92,0.02397444942856536
5,44.42,-2.42,0.021182783365742686
5,44.42,-1.92,0.023446386173257932
5,44.42,37.58,0.01723647299580849
5,44.75,-2.42,0.022311827208956376
5,44.75,-1.92,0.030499204993247982
5,44.92,-3.08,0.019597121445900378
5,44.92,-2.08,0.03301758724538719
5,44.92,-1.92,0.03757322434445515
5,45.08,-3.42,0.023267954560544563
5,45.08,-2.58,0.027683288530063105
5,45.08,-2.25,0.034591851660105234
5,45.08,-2.08,0.03989085828995004
5,45.08,-1.92,0.04730447448844857
5,45.08,-1.58,0.06339417910203338
5,45.25,-2.08,0.04334672581514015
5,45.25,-1.75,0.06126888140159495
5,45.25,-1.58,0.07161137636285275
5,45.42,-2.92,0.02697420467430835
5,45.42,-2.08,0.05075214500539005
5,45.42,-1.92,0.059212683932855725
5,45.42,-1.42,0.0994863340165466
5,45.58,-3.92,0.031811459298136044
5,45.58,-2.25,0.04843333364902612
5,45.58,-2.08,0.05712420345448395
5,45.58,-1.75,0.07748584564336959
5,45.58,-1.58,0.10236844283473842
5,45.92,-4.25,0.03384001338717473
5,45.92,-1.75,0.06849038009257878
5,46.08,-18.08,0.04806717296528137
5,46.08,-17.92,0.04738670376280103
5,46.08,-4.58,0.03923866519814029
5,46.08,-3.58,0.033719363731934744
5,46.08,-2.42,0.05325888549251592
5,46.25,-18.08,0.05336642719339579
5,46.25,-17.92,0.0520715049454285
5,46.25,-17.42,0.051361837533905226
5,46.25,-3.08,0.03752628754933968
5,46.42,-18.08,0.05611460502533352
5,46.42,-5.08,0.04495104238637449
5,46.42,-3.92,0.0356041063718936
5,46.58,-18.58,0.05351513532428619
5,46.58,-5.08,0.049260723815463925
5,46.58,-4.92,0.05264052760321647
5,46.58,-3.42,0.04251770920339314
5,46.75,-4.42,0.044189942877410966
5,46.75,-3.58,0.044271998285480285
5,46.92,-62.58,0.033284707042826885
5,46.92,-5.75,0.05358241532710107
5,46.92,-4.92,0.05624172817367841
5,46.92,-4.25,0.04030349353492698
5,46.92,-2.75,0.07706292872043218
5,47.08,-6.08,0.05672167937326081
5,47.08,-5.42,0.0656689340248704
5,47.08,-3.92,0.04732675338163972
5,47.08,-2.92,0.08181636125835426
5,47.25,-6.58,0.05274736563510755
5,47.25,-4.42,0.04275815032751245
5,47.42,-7.42,0.05615128754802486
5,47.42,-4.92,0.04409050301867811
5,47.42,-4.08,0.04949601774569601
5,47.58,-5.75,0.05357469390968189
5,47.92,-6.42,0.0598945470444639
5,48.08,-7.08,0.07389460805365268
5,48.42,-126.92,0.0333276359254823
5,48.92,-130.92,0.020154414404019275
5,48.92,-16.58,0.03764289280618815
5,49.08,-138.92,0.01786546707016361
5,49.25,-59.92,0.02825045451412306
5,49.42,-138.92,0.01798853907487629
5,49.58,-0.42,0.0828303310143597
5,49.58,-0.25,0.09435447313658454
5,49.92,-145.08,0.01896034739911556
5,49.92,-134.92,0.018034731736406684
5,55.08,3.08,0.03187837138059823
5,55.25,2.58,0.03249356721747009
5,55.42,2.75,0.03395226818290265
5,55.42,3.08,0.03231089574503986
5,55.92,2.42,0.03688940037425388
5,56.58,2.25,0.03983167956090149
5,56.92,1.92,0.051104841089588314
5,57.42,1.25,0.05033425299231621
5,57.42,1.75,0.049710723633110965
5,57.58,-147.58,0.0738849499509396
5,57.92,-147.92,0.08770610886516378
5,57.92,1.25,0.045538174413035024
5,58.08,-148.08,0.08360197689548574
5,58.25,-148.25,0.0710905671448392
5,58.25,0.58,0.05567616513272857
5,58.42,-148.42,0.08331335801631212
5,58.42,0.92,0.06035104181672282
5,58.42,1.25,0.05727837036144646
5,58.58,-148.58,0.08756801409318167
5,58.58,-148.42,0.08526648268761004
5,58.75,0.58,0.06396341925788232
5,58.92,-148.92,0.09958661542109706
5,58.92,-148.75,0.09835998719448552
5,59.08,-149.08,0.0958525713204461
5,59.08,-148.92,0.10151954614283408
5,59.08,-147.25,0.100127757211928
5,59.08,-0.08,0.0769804535940399
5,59.08,0.25,0.08153127027018105
5,59.25,-149.08,0.08608909047153943
5,59.25,-147.25,0.10034822050810736
5,59.25,0.58,0.0833316787474734
5,59.42,-149.42,0.08165877653450213
5,59.42,-149.25,0.08409891693907626
5,59.42,-147.25,0.09376893296618671
5,59.58,-149.42,0.07220716957988985
5,59.58,-0.08,0.0734045648098211
5,60.08,0.42,0.06705964970238068
5,60.25,-0.08,0.0582252090851612
5,60.58,0.25,0.06714050300583682
5,60.75,0.92,0.05889610988635789
5,60.92,0.25,0.07351225496762816
5,60.92,0.58,0.08005661774864968
5,64.92,-169.25,0.20827812251617325
5,65.58,-168.92,0.144371425138509
5,65.58,-168.75,0.14913274298111598
5,65.58,-168.58,0.1049060887716552
5,67.42,-169.08,0.11414202023297548
5,70.42,-167.58,0.0930861739648713
5,70.42,-167.42,0.08669259647528331
5,71.08,-162.25,0.08263021148741245
5,71.42,-166.08,0.08126047998666763
5,71.75,-166.42,0.04336673021316528
5,71.92,-159.75,0.04272922873497009
5,72.08,-159.92,0.03855006396770477
6,-36.42,13.08,0.02345020136433757
6,8.42,-30.25,0.009671923193511449
6,12.08,-32.42,0.007689666539792799
6,14.25,-33.75,0.0060446931747719646
6,17.92,-35.92,0.005008930160935658
6,19.92,159.92,0.005283106978620506
6,23.92,136.92,0.004816343849395505
6,24.08,140.08,0.0048511047013259185
6,27.75,-93.58,0.009421706362950822
6,27.92,-155.08,0.005632079788483679
6,27.92,-93.92,0.012130363800275112
6,27.92,-93.42,0.010416104529415151
6,28.08,-93.92,0.015143928487911277
6,28.08,-93.08,0.011109680910724113
6,28.25,-93.92,0.017215687863628974
6,28.42,-94.08,0.021073008083476452
6,28.42,-92.75,0.015520433073915128
6,28.42,-91.08,0.04646478386753252
6,28.42,-90.92,0.04857512483916556
6,28.42,-90.58,0.058823034898119256
6,28.58,-94.42,0.04712969166899307
6,28.58,-94.08,0.02758980789480524
6,28.58,-93.92,0.02613031427406693
6,28.58,-92.58,0.021572053438932117
6,28.58,-91.58,0.051792770171434514
6,28.58,-91.42,0.06788061685640262
6,28.58,-91.08,0.10463559333584271
6,28.58,-90.92,0.11107840418763872
6,28.58,-90.75,0.124807345150556
6,28.58,-90.58,0.14091594413750702
6,28.58,-90.42,0.11662021329781662
6,28.58,-90.08,0.12014850597673406
6,28.58,-89.75,0.15322534388138187
6,28.58,-89.58,0.13746577456024373
6,28.75,-94.42,0.057445765123702586
6,28.75,-94.25,0.04891985944575734
6,28.75,-92.42,0.03901826244934151
6,28.75,-92.08,0.048176160871258214
6,28.75,-91.92,0.05664392708826603
6,28.75,-90.58,0.1936713833969811
6,28.75,-90.42,0.2077695870409823
6,28.75,-89.92,0.23398318563381004
6,28.75,-89.75,0.25899925229087883
6,28.92,-94.58,0.10408628729379012
6,28.92,-93.75,0.06492100992343491
6,28.92,-93.58,0.05928293208772731
6,28.92,-92.75,0.04914985924390041
6,28.92,-92.08,0.09902795382206224
6,28.92,-91.75,0.14755249157961872
6,28.92,-91.58,0.19825491989548835
6,28.92,-90.58,0.32338731006408733
6,28.92,-89.92,0.30034612367550534
6,28.92,-89.75,0.3032537159872138
6,28.92,-89.58,0.309082238533948
6,29.08,-94.58,0.13625253801647988
6,29.08,-93.92,0.09599753487337796
6,29.08,-93.25,0.09152464929502456
6,29.08,-89.75,0.34261831152252853
6,30.92,-155.08,0.005602493568504643
6,33.42,-118.58,0.02331428596517071
6,34.92,159.92,0.013512666220776737
6,41.92,-10.42,0.014272169206782969
6,41.92,-9.92,0.014673519485060953
6,41.92,-9.58,0.016502840638471145
6,41.92,-9.42,0.020878534861064207
6,41.92,-9.25,0.02890978479343984
6,41.92,-9.08,0.038880617700568915
6,42.08,-9.42,0.022539576573763043
6,42.08,-9.25,0.031091266240562417
6,42.42,-9.42,0.02896777111648892
6,42.58,-10.42,0.015055155420365432
6,42.58,-9.92,0.01628953023626107
6,42.58,-9.58,0.0276850160233961
6,42.58,-9.42,0.04248952971021128
6,42.75,-61.92,0.0227310377263671
6,42.92,-10.42,0.015443388340322094
6,42.92,-9.92,0.01990367383566789
6,42.92,-9.58,0.035078997513563887
6,43.58,-62.92,0.021045351886035252
6,44.42,-19.58,0.028782822702649154
6,44.92,-2.58,0.022097111168679677
6,44.92,-2.42,0.025793523372461397
6,44.92,-2.08,0.03526994066002468
6,44.92,-1.92,0.04061748115863237
6,44.92,-1.58,0.048541612871405154
6,45.08,-2.42,0.03080944455642667
6,45.08,-2.08,0.040919285849668086
6,45.08,-1.58,0.05818429745785478
6,45.25,-1.92,0.054375524697307914
6,45.25,-1.58,0.07466452879857065
6,45.42,-2.08,0.05321360268216166
6,45.42,-1.92,0.06429855641908944
6,45.42,-1.75,0.07775457457561667
6,45.42,-1.58,0.09271047683109322
6,45.42,-1.42,0.11249797671916896
6,45.58,-2.25,0.04700172848727865
6,45.58,-2.08,0.05687749220912034
6,45.58,-1.75,0.0857769998579493
6,45.92,-4.25,0.020513990331285942
6,46.08,-4.58,0.021217081341630136
6,46.42,-3.92,0.02832077970055656
6,46.58,-3.42,0.03412517820834182
6,46.75,-5.42,0.031482354298027024
6,46.75,-3.58,0.03427760872808802
6,46.92,-62.58,0.03981804818451767
6,46.92,-14.08,0.036105409271032035
6,46.92,-2.75,0.0837073147866047
6,47.08,-2.92,0.08294837194908825
6,47.42,159.92,0.038061887983025774
6,47.58,-64.08,0.07698032732716659
6,47.58,-60.08,0.02586767811185887
6,49.58,-66.08,0.05670081060642088
6,49.58,-62.08,0.03431823330821418
6,70.92,-159.58,0.10118408722337335
6,71.25,-158.25,0.09071733702610178
6,71.25,-157.75,0.10647341158500938
6,71.25,-154.42,0.06969648972153664
6,71.42,-156.25,0.09503380870446562
6,71.42,-155.92,0.11954390716094238
6,71.42,-154.75,0.06035839435127047
6,71.42,-154.08,0.06693659923397578
6,71.58,-156.42,0.09443403379275248
6,71.58,-155.92,0.0827722828835249
6,71.58,-154.92,0.07655283870796363
6,71.58,-154.75,0.06924113165587187
6,71.58,-154.58,0.07064053722258125
6,71.58,-154.42,0.06793339550495148
6,71.75,-155.08,0.06055006136496862
6,71.75,-154.92,0.0551850613206625
6,71.92,-154.75,0.043685776447611194
6,71.92,-154.58,0.042440062016248704
6,72.08,-154.58,0.03267506199578444
6,72.42,-157.58,0.035812562331557274
6,72.42,-154.58,0.02062506228685379
6,72.75,-158.42,0.03262506425380707
6,72.92,-157.92,0.026916729286313057
7,-48.08,29.92,0.017615761854411924
7,-44.58,21.58,0.0196715435013175
7,-43.08,29.92,0.020677306068440277
7,-42.75,170.75,0.0654476345775442
7,-42.08,21.08,0.02060369372419599
7,-41.58,171.42,0.065513907491953835
7,-41.42,171.08,0.03116528248776578
7,-41.42,171.25,0.035033009454814926
7,-41.25,170.92,0.025283849177261192
7,-41.08,170.58,0.024826567257857982
7,-36.58,18.92,0.03272621982937886
7,-18.75,162.92,0.013595085985596396
7,19.92,115.08,0.009432162222866382
7,20.92,119.92,0.008728372256478501
7,22.58,-158.08,0.006314183339580066
7,27.58,-94.08,0.008545482317761829
7,27.58,-93.92,0.008164718653359968
7,27.58,-93.58,0.00850560395499795
7,27.58,-93.42,0.008416688347804464
7,27.58,-93.25,0.008490673486246832
7,27.58,-93.08,0.008723240002938028
7,27.58,-92.08,0.008678240009531792
7,27.75,-94.08,0.009521446032320252
7,27.75,-93.08,0.009486781698392913
7,27.75,-92.75,0.009630502777225856
7,27.75,-92.58,0.009637562913768409
7,27.75,-92.42,0.009862215665634722
7,27.75,-92.08,0.00962852352272926
7,27.75,-91.92,0.009689906573233506
7,27.75,-91.58,0.01036649800112678
7,27.75,-90.58,0.017032798033647448
7,27.92,-96.08,0.013105039620616784
7,27.92,-95.92,0.012531660102669977
7,27.92,-95.58,0.011531544378764616
7,27.92,-94.08,0.010293118439019762
7,27.92,-93.08,0.011167088365052933
7,27.92,-92.08,0.01135816476178459
7,27.92,-91.42,0.01377713457784719
7,27.92,-91.25,0.014212992773132604
7,27.92,-91.08,0.015148818499356922
7,27.92,-90.75,0.01445547591558554
7,27.92,-90.58,0.016459610516903922
7,28.08,-95.08,0.013122632287882475
7,28.08,-94.92,0.013341567464522086
7,28.08,-94.58,0.013743668018529812
7,28.08,-94.42,0.012761590701605504
7,28.08,-93.08,0.014048317065721173
7,28.08,-92.08,0.014374489514415875
7,28.08,-91.08,0.019535927354202915
7,28.08,-90.92,0.020411257808316603
7,28.08,-90.58,0.020214414421287883
7,28.25,-94.75,0.01592101172880373
7,28.25,-94.25,0.014900776505884197
7,28.25,-94.08,0.015623905294988718
7,28.25,-93.75,0.01608832676882028
7,28.25,-93.58,0.016823268757434562
7,28.25,-93.42,0.016941034894747038
7,28.25,-93.08,0.017458974694212277
7,28.25,-92.92,0.018737909823863044
7,28.25,-92.08,0.023374541468607884
7,28.25,-91.58,0.02324100024998188
7,28.25,-91.25,0.02588714923088749
7,28.25,-90.58,0.04326705087765327
7,28.42,-93.08,0.03056395122419215
7,28.42,-92.58,0.034097689165112875
7,28.42,-92.42,0.0349190822776614
7,28.42,-92.25,0.034210926377757765
7,28.42,-92.08,0.03707364418207564
7,28.42,-91.75,0.03329343580925423
7,28.42,-91.58,0.033329229135738894
7,28.42,-91.25,0.04140388164281224
7,28.42,-91.08,0.04990206744211415
7,28.42,-90.92,0.05548494673631568
7,28.42,-90.75,0.055241059427013774
7,28.42,-90.58,0.06765110321753633
7,28.58,-93.08,0.041448557891675994
7,28.58,-92.42,0.04389345486803601
7,28.58,-92.25,0.03821476289562674
7,28.58,-92.08,0.038341025795994535
7,28.58,-91.92,0.039814588002627715
7,28.58,-91.75,0.05337023875391525
7,28.58,-91.58,0.0722305852945687
7,28.58,-91.42,0.0675492571770317
7,28.58,-91.08,0.0986194785606737
7,28.58,-90.92,0.1072620429072736
7,28.58,-90.75,0.12214166635466324
7,28.58,-90.58,0.10853737239570668
7,28.75,-93.58,0.03114424204816007
7,28.75,-93.08,0.036630266203752
7,28.75,-92.92,0.04193193321568995
7,28.75,-92.58,0.05566197128953516
7,28.75,-92.42,0.051716333888988525
7,28.75,-92.25,0.060365223299918905
7,28.75,-92.08,0.06578981814931871
7,28.75,-91.92,0.06766604381199512
7,28.75,-91.58,0.10084247799952412
7,28.75,-90.58,0.19104222133238283
7,28.92,-93.92,0.03606247254517964
7,28.92,-93.58,0.04038986270299776
7,28.92,-93.42,0.06143084942596033
7,28.92,-93.25,0.06500905519189676
7,28.92,-93.08,0.0662513058099042
7,28.92,-92.92,0.05803831126023498
7,28.92,-92.75,0.04714822751379365
7,28.92,-92.58,0.05484417405871985
7,28.92,-92.42,0.07489622258839922
7,28.92,-92.25,0.08714728385934399
7,28.92,-92.08,0.09306819116560898
7,28.92,-91.92,0.0985263346972513
7,28.92,-91.75,0.12273812198287085
7,28.92,-91.58,0.1712733796901173
7,28.92,-90.58,0.3288660798441722
7,28.92,-90.25,0.25026618708377807
7,28.92,-90.08,0.2191181406637447
7,29.08,-93.92,0.0507234140079365
7,29.08,-93.58,0.0498050390678044
7,29.08,-93.42,0.055003071799647946
7,29.08,-93.25,0.06170096148788515
7,29.08,-93.08,0.059340541231601186
7,29.08,-92.92,0.06314886519491363
7,29.08,-92.75,0.0678772981563169
7,29.08,-92.58,0.0772709291906924
7,29.08,-92.42,0.11060732644465236
7,29.08,-92.08,0.17081459764287704
7,29.25,-93.75,0.08629867133115315
7,29.25,-93.58,0.08693134360429314
7,29.25,-93.42,0.09091930872657232
7,29.25,-93.25,0.10022945834013323
7,29.25,-93.08,0.08772025754054387
7,29.25,-92.92,0.0849841102026403
7,29.25,-92.75,0.10040206521646015
7,29.42,-93.75,0.14990723469398087
7,29.42,-93.58,0.1459296197992646
7,29.42,-93.42,0.1350623663100931
7,29.42,-93.25,0.1594563373623209
7,29.42,-93.08,0.159372292795322
7,29.42,-92.92,0.15246128739737388
7,29.58,-93.58,0.23136113020074037
7,29.58,-93.42,0.242925287457183
7,31.08,-80.92,0.03736727876174781
7,31.08,-80.58,0.02145752800343972
7,31.08,-79.75,0.009044102318714269
7,31.25,-81.08,0.09045605123456982
7,31.25,-80.92,0.04791512262697021
7,31.42,-81.25,0.25967265640274956
7,31.42,-80.92,0.06559300081183513
7,31.42,-80.58,0.027780849447784323
7,33.42,-118.58,0.020723905246187415
7,37.08,-76.42,0.12606116932713324
7,38.58,-73.08,0.019027145721742675
7,42.58,-10.42,0.013542886765208095
7,42.58,-9.92,0.021497053145948384
7,42.92,-10.42,0.012761868439459551
7,42.92,-9.92,0.0211531875991366
7,42.92,-9.58,0.0452063121418986
7,43.75,-125.08,0.05673119531840914
7,43.92,-125.42,0.027369387651560828
7,43.92,-124.58,0.1231420501652691
7,44.08,-126.08,0.019698048822141975
7,44.08,-125.42,0.03960557057548107
7,44.25,-125.08,0.08024251869776183
7,44.42,-125.42,0.0458434644776086
7,44.42,37.75,0.017920719958107238
7,44.58,-124.42,0.18509519643460712
7,44.92,-125.42,0.030231871926743124
7,44.92,-2.08,0.02574045615943356
7,44.92,-1.92,0.02740885872238626
7,45.08,-2.08,0.02781013165238417
7,45.08,-1.58,0.038250061773902014
7,45.25,-1.92,0.031801798342106245
7,45.25,-1.58,0.044922631505566336
7,45.42,-2.08,0.03126626632486781
7,45.42,-1.92,0.03549126611970779
7,45.42,-1.75,0.04410897398419264
7,45.58,-2.25,0.030258395618552137
7,45.58,-2.08,0.03342425180340393
7,45.75,-1.75,0.04390770107662926
7,46.58,-125.25,0.02436056592139519
7,46.58,-124.58,0.13632563989247298
7,46.92,-62.58,0.050494738233586155
7,47.58,-64.08,0.07456881110556424
7,47.58,-60.08,0.026401791010155447
7,49.25,-59.92,0.02368387032765895
7,49.58,-66.08,0.05515469139855769
7,49.58,-0.25,0.09240746824070813
7,53.42,0.08,0.14603642023443666
7,53.42,0.25,0.17597627077590336
7,57.92,-147.92,0.04850512563199219
7,58.08,-148.08,0.05406144509712855
7,58.25,-148.25,0.06014359765686095
7,58.42,-148.42,0.06282309975682034
7,58.58,-148.58,0.06724132620729506
7,58.92,-148.92,0.06815689693515499
7,58.92,-148.75,0.07004652324960464
7,59.08,-149.08,0.06907318004717429
7,59.08,-148.92,0.07148520040532781
7,59.08,-147.25,0.061829729742991425
7,59.25,-149.08,0.06679229495219058
7,59.25,-148.08,0.07219220057595521
7,59.25,-147.25,0.06759780443583925
7,59.42,-149.42,0.06394178557416631
7,59.42,-149.25,0.06337161814897424
7,59.42,-149.08,0.06388504459108743
7,59.42,-148.42,0.07314139125972158
7,59.42,-148.08,0.07227696902636024
7,59.42,-147.25,0.07115027331747115
7,59.58,-149.08,0.06539792011284994
7,59.58,-148.42,0.0676931551295436
7,59.58,-148.25,0.06712112922428383
7,59.58,-148.08,0.0658163723225395
7,59.58,-147.25,0.06292133879226942
7,59.75,-147.25,0.06004628890918361
7,59.92,-147.25,0.05725839513425643
7,59.92,-146.92,0.054956002393737435
7,65.42,-168.58,0.08186805729443829
7,65.58,-168.92,0.10081479157735077
7,65.58,-168.75,0.08764483254506356
7,65.58,-168.58,0.06375370060818063
7,67.42,-169.08,0.10920870847379167
7,68.08,-167.75,0.04080113262494302
7,68.42,-167.58,0.04674522973234869
7,68.92,-166.92,0.05711185766590966
7,69.08,-167.75,0.04478460309716562
7,69.08,-167.42,0.0503739622525043
7,69.25,-168.25,0.04257912566471431
7,69.42,-168.58,0.03937369061815035
7,69.58,-169.08,0.03424455312132421
7,69.92,-164.58,0.047344778625058453
7,70.42,-163.25,0.043922939547665525
7,70.42,-149.42,0.17719279253936332
7,70.58,-161.08,0.05175723806023598
7,70.58,-160.92,0.05552545612231946
7,70.58,-151.42,0.17008597636951742
7,70.58,-149.42,0.1510040366604012
7,70.75,-161.92,0.03924850055920905
7,70.75,-159.92,0.060197215014393776
7,70.92,-162.58,0.032871560761122964
7,70.92,-162.42,0.034034285810776055
7,70.92,-160.08,0.04104237550396531
7,70.92,-159.75,0.04326396635874654
7,70.92,-159.58,0.04563157292432152
7,70.92,-159.42,0.050851754611358047
7,71.08,-163.08,0.030640311044918603
7,71.08,-159.92,0.03754186211153865
7,71.08,-159.75,0.03810028030591853
7,71.08,-158.08,0.05428878543898463
7,71.08,-157.92,0.05570981129708271
7,71.08,-152.58,0.14344221584144093
7,71.08,-152.42,0.1370504591614008
7,71.25,-163.42,0.03131012743912064
7,71.25,-160.08,0.03306613109357979
7,71.25,-158.25,0.040820640736018064
7,71.25,-158.08,0.04476215210824944
7,71.25,-157.92,0.04544504680338183
7,71.25,-157.75,0.04721509573811834
7,71.25,-157.08,0.06009352535329526
7,71.25,-152.42,0.09472802823240106
7,71.42,-163.58,0.03155036719844622
7,71.42,-158.42,0.0388293675211973
7,71.42,-157.08,0.05518353435521325
7,71.42,-156.92,0.05566975923679899
7,71.42,-156.25,0.11005843880361524
7,71.42,-156.08,0.10993438632341854
7,71.42,-155.92,0.11407648675542856
7,71.42,-155.25,0.12320733352041828
7,71.42,-155.08,0.12138485154137016
7,71.42,-154.58,0.09122418630413892
7,71.42,-152.58,0.07512396882687296
7,71.42,-152.42,0.07047749179251053
7,71.42,-152.25,0.0717942438818313
7,71.58,-163.25,0.033392762172628536
7,71.58,-162.92,0.033430806030001904
7,71.58,-158.58,0.037476281567317686
7,71.58,-157.25,0.055121915525801125
7,71.58,-156.25,0.06384307179333908
7,71.58,-156.08,0.06917220648085955
7,71.58,-155.75,0.07702384717797614
7,71.58,-155.58,0.08256426692812466
7,71.58,-155.42,0.08870705766251909
7,71.58,-155.08,0.08539220537990332
7,71.58,-154.42,0.07289971084101125
7,71.58,-152.08,0.04391773459340992
7,71.75,-155.92,0.05931263791862875
7,71.75,-155.08,0.0742958307612774
7,71.75,-154.42,0.06716224261456066
7,71.75,-154.25,0.06698593625591862
7,71.75,-152.08,0.037549367360770705
7,71.75,-151.92,0.032113568391650915
7,71.92,-162.58,0.03832210404798388
7,71.92,-162.42,0.03787785244639963
7,71.92,-158.58,0.03355081482893891
7,71.92,-158.42,0.035150904321309295
7,71.92,-154.92,0.05402651323458633
7,71.92,-154.42,0.051959360687014386
7,71.92,-154.25,0.05230955002693141
7,71.92,-154.08,0.05304908640682697
7,71.92,-151.92,0.02778280930942856
7,72.08,-162.08,0.03971791630837976
7,72.08,-158.25,0.03507305195014323
7,72.08,-154.42,0.04137834550982171
7,72.08,-154.08,0.04076234495732933
7,72.08,-152.08,0.02504972435417585
7,72.08,-151.75,0.025052185418705145
7,72.25,-161.92,0.036870186157043905
7,72.25,-158.08,0.037914671624700226
7,72.25,-153.92,0.0349948929506354
7,72.25,-151.58,0.02496672924607992
7,72.42,-161.58,0.040132958708064895
7,72.42,-158.08,0.03886246688663959
7,72.42,-157.92,0.04133760929107666
7,72.42,-153.92,0.03241268841719085
7,72.42,-153.42,0.029536713708054135
7,72.42,-151.58,0.02496592193428013
7,72.58,-161.42,0.03722093634020824
7,72.58,-161.08,0.03616575909585788
7,72.58,-157.75,0.03979592073870742
7,72.58,-157.58,0.03875631256960333
7,72.58,-153.08,0.02552674527172572
7,72.58,-152.75,0.023848673527633465
7,72.58,-151.92,0.02535509717805932
7,72.75,-160.92,0.03496753990960618
7,72.75,-157.42,0.038613545902383827
7,72.92,-160.92,0.034467183307490566
7,72.92,-160.75,0.03176019030312697
7,72.92,-160.58,0.03139113674038335
7,72.92,-157.42,0.026486371865584737
7,72.92,-157.08,0.02558524797980984
7,72.92,-152.42,0.018546056856090825
7,73.08,-160.58,0.031243483584962393
7,73.08,-160.42,0.031782080076242746
7,73.08,-160.25,0.03346650978844417
7,73.08,-160.08,0.03203873974936349
7,73.08,-157.08,0.02361192780413798
7,73.08,-156.92,0.02365721492096782
7,73.25,-160.08,0.031174042115086
7,73.42,-159.92,0.028115657297894357
7,73.42,-159.75,0.02787806985801772
7,73.42,-156.75,0.01773787294091149
7,73.42,-156.58,0.01665862315249714
7,73.58,-159.58,0.02158285491168499
7,73.58,-159.42,0.02241412279280749
7,73.58,-156.75,0.016265606798697263
7,73.75,-159.25,0.02002627108246088
7,73.75,-157.92,0.01824970041280207
7,73.75,-157.25,0.016538729574531317
7,73.92,-158.92,0.018592284759506583
7,73.92,-158.42,0.018516590516082943
8,-56.08,-0.08,0.016182173602283002
8,17.92,57.92,0.06873334187993249
8,18.42,57.08,0.11087810363258338
8,22.58,-158.25,0.006840090021594531
8,22.58,-158.08,0.006817520570216907
8,25.92,-97.08,0.02938219181810887
8,25.92,-96.92,0.013120201636007146
8,25.92,-96.75,0.010394160084413469
8,25.92,-96.58,0.009726683337551853
8,25.92,-96.42,0.00917054902917395
8,26.08,-96.75,0.01055217775865458
8,26.08,-96.42,0.009149889319410754
8,26.25,-96.92,0.014212909988903752
8,26.42,-96.92,0.013278882245584909
8,26.42,-96.42,0.00922060695787271
8,26.58,-97.08,0.019551104322696727
8,26.58,-96.58,0.009632528161293724
8,26.75,-96.58,0.009440977258944055
8,26.92,-97.08,0.015836636839796685
8,26.92,-96.58,0.00940106252932714
8,26.92,-96.42,0.008912382841420671
8,27.08,-97.42,0.048759152689440685
8,27.08,-97.25,0.031615968496124774
8,27.08,-97.08,0.017417582819083084
8,27.08,-96.92,0.011500525831555327
8,27.08,-96.75,0.009555386974372797
8,27.08,-96.58,0.008915572116772333
8,27.08,-96.42,0.008877426599307606
8,27.25,-96.92,0.011557238810281789
8,27.25,-96.25,0.008748037546562651
8,27.42,-96.92,0.013680750691694103
8,27.42,-96.08,0.008534322175869925
8,27.42,-95.92,0.008307354686419584
8,27.58,-96.58,0.010280517220962793
8,27.58,-96.25,0.009228141719682347
8,27.58,-96.08,0.00878756291543444
8,27.58,-95.92,0.008479692643353095
8,27.58,-95.58,0.007829808306673335
8,27.58,-95.42,0.007607701823063608
8,27.58,-95.25,0.007602146296348009
8,27.58,-95.08,0.007553072238806635
8,27.58,-94.92,0.007597285102949374
8,27.58,-94.75,0.007520664829320999
8,27.58,-94.58,0.007491490441477961
8,27.58,-94.42,0.007844993527719958
8,27.58,-94.08,0.007851509729840068
8,27.58,-93.92,0.008202289580367506
8,27.58,-93.75,0.008374455287897339
8,27.58,-93.58,0.00833196115369598
8,27.75,-96.42,0.010621127678960975
8,27.75,-95.25,0.008114106280522214
8,27.75,-94.58,0.008037852265665101
8,27.75,-94.42,0.008171871186075604
8,27.75,-93.92,0.008732380300191127
8,27.75,-93.75,0.008871243555202253
8,27.75,-93.58,0.009085132442932162
8,27.92,-155.08,0.005937823424270998
8,27.92,-96.58,0.023584654399504263
8,27.92,-96.42,0.01554548126619516
8,27.92,-95.42,0.009251393914584898
8,27.92,-94.58,0.008927724970918562
8,27.92,-94.25,0.009353766625281423
8,27.92,-93.92,0.009312215700952545
8,27.92,-93.75,0.00950422957410208
8,27.92,-93.58,0.009912926697223963
8,28.08,-95.42,0.011500062860755457
8,28.08,-94.58,0.010011432226747274
8,28.08,-94.08,0.010208095410942204
8,28.25,-95.42,0.01480760515227707
8,28.25,-94.75,0.011218002622222736
8,28.25,-94.08,0.011611289713376513
8,28.42,-95.58,0.028261636771882575
8,28.42,-94.75,0.012427493454500413
8,28.42,-94.08,0.012978072077708526
8,28.42,-91.25,0.04001402363388075
8,28.42,-91.08,0.05088409020875891
8,28.42,-90.92,0.05665285939661165
8,28.42,-90.75,0.06192123010340664
8,28.42,-90.58,0.059287223253502615
8,28.42,-89.92,0.03744190304617708
8,28.58,-95.58,0.05464008727082701
8,28.58,-94.92,0.017667886923946854
8,28.58,-94.08,0.016270780256794144
8,28.58,-92.42,0.022045895935864084
8,28.58,-92.25,0.02380757383717638
8,28.58,-92.08,0.02664899190939549
8,28.58,-91.92,0.0317776090426681
8,28.58,-91.58,0.03839844174217433
8,28.58,-91.42,0.048960478342552155
8,28.58,-91.25,0.07499878861320515
8,28.58,-91.08,0.09199890427084433
8,28.58,-90.92,0.10475855680286056
8,28.58,-90.75,0.0997160061314288
8,28.58,-90.58,0.0888904308538056
8,28.58,-90.42,0.08025128236557874
8,28.58,-89.75,0.08683164208842856
8,28.58,-89.58,0.10428894985105014
8,28.75,-94.92,0.029540354799792112
8,28.75,-94.08,0.02162529396203657
8,28.75,-92.58,0.026764269478412137
8,28.75,-92.42,0.027764292724896222
8,28.75,-92.25,0.03245200108115872
8,28.75,-92.08,0.03932284826361057
8,28.75,-91.92,0.04252533170963741
8,28.75,-91.75,0.04286267819245242
8,28.75,-91.58,0.05901557139845358
8,28.75,-91.42,0.08939844025816354
8,28.75,-90.58,0.1408439107860128
8,28.75,-90.42,0.1334218570910808
8,28.75,-89.92,0.09755773190408944
8,28.75,-89.75,0.11949869992935824
8,28.92,-94.92,0.05466645095859551
8,28.92,-94.08,0.03087809458116277
8,28.92,-93.92,0.02820486580539081
8,28.92,-93.58,0.0259379100235593
8,28.92,-93.42,0.02508837271792193
8,28.92,-93.25,0.02640480788735052
8,28.92,-92.92,0.02827494680079528
8,28.92,-92.75,0.03136393616700338
8,28.92,-92.58,0.03448897710121754
8,28.92,-92.42,0.03869196429796931
8,28.92,-92.25,0.04723401283586605
8,28.92,-92.08,0.06224132391313712
8,28.92,-91.92,0.07246839791898513
8,28.92,-91.58,0.141535710517524
8,28.92,-90.75,0.34152119586037266
8,28.92,-90.58,0.3047689942953487
8,28.92,-90.42,0.25467810521109235
8,28.92,-90.08,0.17939680559922838
8,28.92,-89.92,0.1517982357310959
8,28.92,-89.75,0.18918884204079708
8,28.92,-89.58,0.2610375109232134
8,29.08,-94.92,0.11445286776870488
8,29.08,-94.08,0.054912778691181705
8,29.08,-93.92,0.050559237069036395
8,29.08,-93.58,0.0387635458415995
8,29.08,-93.42,0.03654855762660089
8,29.08,-93.25,0.03806510812137276
8,29.08,-93.08,0.03907858104988312
8,29.08,-92.92,0.04142303672981345
8,29.08,-92.75,0.04174097661679197
8,29.08,-92.58,0.048893869776899614
8,29.08,-92.42,0.07266087209184964
8,29.25,-94.08,0.0857109411412643
8,29.25,-93.75,0.07998669342810495
8,29.25,-93.58,0.07216550405913343
8,29.25,-92.75,0.07539797817460364
8,29.42,-94.08,0.13683866042022905
8,29.42,-93.75,0.14183711234687102
8,29.42,-93.42,0.12649276844846705
8,29.42,-93.25,0.12131537613458931
8,29.42,-93.08,0.11749172671180633
8,29.58,-93.58,0.2385114851511187
8,29.92,-150.08,0.0057010613220174694
8,30.75,-79.08,0.00528817067000394
8,30.92,-78.92,0.00523193509110974
8,31.08,-81.08,0.06379276997823682
8,31.08,-80.92,0.04046221491363314
8,31.08,-80.58,0.02645121999537676
8,31.08,-79.92,0.013298644981760943
8,31.08,-79.75,0.00933969581577306
8,31.25,-81.08,0.10067320891862942
8,31.25,-80.92,0.050699089731400214
8,31.25,-80.08,0.016355830509888217
8,31.25,-79.42,0.006705213470720789
8,31.42,-81.25,0.264947597853473
8,31.42,-81.08,0.15315689022342363
8,31.42,-80.75,0.04363453776265184
8,31.42,-79.92,0.015817724763312273
8,32.42,-66.08,0.0037580492175442897
8,33.08,-78.75,0.03803301360716836
8,33.08,-77.58,0.013362598379090842
8,33.08,-76.58,0.00769102846000654
8,33.08,-76.25,0.0063205016097829985
8,33.08,-75.75,0.005362399025923676
8,33.42,-118.58,0.022693002324861784
8,33.42,-118.08,0.022891034682591755
8,33.42,-74.58,0.004879237993413376
8,33.58,-70.08,0.0041946521491303835
8,33.92,-77.58,0.025806688457830913
8,33.92,-76.42,0.012083005502871755
8,33.92,-75.92,0.008580883014171073
8,33.92,-75.42,0.006076961199546026
8,34.42,-76.58,0.031256543886330396
8,34.42,-75.58,0.00921858138948058
8,34.42,-74.58,0.005704268247225425
8,34.92,-75.92,0.02012020161944545
8,34.92,-75.08,0.008671891688007034
8,34.92,-74.08,0.0055107111887385445
8,35.42,-72.42,0.0049446232086564935
8,35.58,-74.58,0.011626567484603988
8,35.58,-73.58,0.005658627843432542
8,35.92,-75.08,0.02243790965682517
8,36.08,-75.75,0.08246305117876652
8,36.08,-74.42,0.016209437731756933
8,36.08,-73.92,0.009820606853787064
8,36.08,-72.42,0.005534239572524611
8,36.42,-71.42,0.0054191409564939225
8,36.75,-74.92,0.021429576535916164
8,36.75,-73.92,0.0150455488732809
8,37.08,-76.42,0.06890006123908929
8,37.58,-74.92,0.03244034021109757
8,37.58,-74.08,0.016836984134796593
8,38.08,-72.75,0.013723905437574204
8,38.08,-72.42,0.013562215647349754
8,38.25,-72.75,0.014117192418780178
8,38.25,-72.58,0.01357598855975084
8,38.58,-72.42,0.0148309656069614
8,38.92,-150.08,0.0068443917132551884
8,41.58,-10.25,0.012383164656865928
8,41.75,-10.08,0.013527840628133466
8,41.75,-9.92,0.014704576717728438
8,41.75,-9.42,0.031841381582328014
8,41.92,-9.58,0.023098326546864376
8,42.08,-9.58,0.02446811831840831
8,42.25,-9.42,0.03750909007309625
8,43.75,-150.08,0.013757794248198884
8,48.42,-126.08,0.1255795733175344
8,48.58,-128.92,0.019804750103503466
8,49.08,-134.92,0.019344033802756004
8,49.42,-0.58,0.0762571216845471
8,49.92,-144.92,0.02430670325540834
8,53.42,0.08,0.20918005779385568
8,53.42,0.25,0.19879414879462937
8,64.25,-166.58,0.08957663918327954
8,65.92,-167.42,0.134140209450076
8,66.42,-168.92,0.11302836847284602
8,66.42,-167.92,0.11589658726006746
8,66.92,-168.42,0.0870156280644652
8,67.42,-169.08,0.11978051862550072
8,67.42,-167.42,0.0939432319201943
8,67.92,-168.92,0.09536488656885922
8,67.92,-168.08,0.08393069346331888
8,68.08,-167.42,0.07746876514930692
8,68.08,-167.25,0.08032066605260803
8,68.58,-168.42,0.06958039336475647
8,68.92,-169.08,0.06000300529154225
8,70.25,-164.42,0.0594362103794184
8,70.25,-163.92,0.0685451831927316
8,70.25,-163.42,0.07631168426531884
8,70.42,-168.42,0.03600314280225171
8,70.42,-167.92,0.03943547226178149
8,70.42,-167.42,0.042156143919176735
8,70.42,-166.92,0.04519914562115446
8,70.42,-166.42,0.05046015773485932
8,70.42,-165.92,0.04954792334077259
8,70.42,-165.42,0.049601694103330374
8,70.42,-164.92,0.04940468175078018
8,70.58,-168.92,0.034025753162697785
8,70.58,-168.58,0.03491158350112124
8,70.58,-166.58,0.046837894233047135
8,70.58,-161.58,0.06315394049549165
8,70.58,-161.42,0.0629844933282584
8,70.75,-168.25,0.035451729186914034
8,70.92,-167.92,0.04006662889797655
8,70.92,-160.08,0.04506996435606304
8,70.92,-149.42,0.04066370934492252
8,71.08,-167.58,0.0395167737474872
8,71.08,-167.25,0.03910433060890581
8,71.08,-160.75,0.03606809928679644
8,71.08,-157.42,0.06824593450052335
8,71.08,-152.75,0.0892823693801218
8,71.08,-152.58,0.08225246646733426
8,71.08,-152.42,0.07687033991555148
8,71.08,-149.42,0.043149172944518234
8,71.25,-166.92,0.03858576421367211
8,71.25,-157.58,0.05164605063566966
8,71.25,-152.42,0.0630221759914351
8,71.25,-149.25,0.04145638762185207
8,71.42,-166.58,0.03827337619279408
8,71.42,-163.58,0.03210580057766236
8,71.42,-161.42,0.031945913016576975
8,71.42,-157.92,0.03614569077211799
8,71.42,-155.25,0.08496944455132968
8,71.42,-155.08,0.08304368351202678
8,71.42,-152.75,0.055979325213348086
8,71.42,-152.58,0.05656605744069176
8,71.42,-152.42,0.05173356145092133
8,71.42,-152.25,0.050617346984588286
8,71.42,-149.25,0.03747404857467
8,71.42,-149.08,0.03644783018424994
8,71.58,-166.08,0.03483929133249654
8,71.58,-164.58,0.03056060328004016
8,71.58,-159.42,0.03233341559055535
8,71.58,-158.75,0.03276269614477368
8,71.58,-158.58,0.032824962052391535
8,71.58,-158.25,0.03279305880527888
8,71.58,-157.92,0.03521757304449292
8,71.58,-157.75,0.036257409774090935
8,71.58,-157.42,0.040852711152504474
8,71.58,-157.25,0.0414580848418932
8,71.58,-157.08,0.04417473211398591
8,71.58,-156.75,0.04756317041156923
8,71.58,-155.75,0.05920255168432921
8,71.58,-155.58,0.06185250892959745
8,71.58,-155.42,0.0656103119778801
8,71.58,-155.08,0.06741781019206558
8,71.58,-152.58,0.04974455008392825
8,71.58,-152.42,0.04668682686645876
8,71.58,-152.08,0.04165650496909779
8,71.58,-149.08,0.038429279600677546
8,71.75,-159.08,0.032657703603891766
8,71.75,-158.92,0.0321894152076456
8,71.75,-156.58,0.042719193953363335
8,71.75,-156.25,0.04306850357175763
8,71.75,-155.92,0.04390346231883851
8,71.75,-152.08,0.04135295204938419
8,71.75,-149.08,0.03896909202921961
8,71.92,-166.08,0.03509906698794415
8,71.92,-163.58,0.033719753216899614
8,71.92,-162.42,0.03294969773364823
8,71.92,-161.08,0.03277448298675673
8,71.92,-159.75,0.03314641193111441
8,71.92,-159.58,0.03242219750289664
8,71.92,-159.42,0.033043919213335306
8,71.92,-155.58,0.0405383868601875
8,71.92,-155.42,0.041666886202343136
8,71.92,-155.25,0.04442175499339034
8,71.92,-155.08,0.04403708813978093
8,71.92,-153.75,0.046731859334369207
8,71.92,-152.42,0.03983126602089796
8,71.92,-151.92,0.03681959780734643
8,71.92,-148.92,0.03307126476677501
8,72.08,-166.08,0.034560431364095874
8,72.08,-160.08,0.03228818577906442
8,72.08,-159.92,0.03220384762837337
8,72.08,-159.75,0.03247473006033235
8,72.08,-159.42,0.03187966044419087
8,72.08,-154.08,0.042260041849604295
8,72.08,-151.92,0.03356473180391486
8,72.08,-151.75,0.032270079561238806
8,72.25,-164.25,0.032395798739203265
8,72.25,-160.58,0.03246213457295819
8,72.25,-159.75,0.03407437787033044
8,72.25,-159.58,0.0336126441279283
8,72.25,-159.08,0.0317283451387828
8,72.25,-153.58,0.03817034840223289
8,72.25,-152.08,0.03472787932634859
8,72.42,-166.08,0.03198896229474081
8,72.42,-164.08,0.03291780197284591
8,72.42,-161.58,0.03165098175895019
8,72.42,-161.08,0.03272488586662803
8,72.42,-159.58,0.03224863845568437
8,72.42,-159.42,0.0322303328324448
8,72.42,-159.25,0.03321958691882553
8,72.42,-159.08,0.03339115600807197
8,72.42,-158.92,0.03254994683701432
8,72.42,-158.75,0.032537978029612336
8,72.42,-152.08,0.034936524357582474
8,72.58,-166.08,0.03199829993879094
8,72.58,-163.92,0.031840291608012085
8,72.58,-161.92,0.03380906388450127
8,72.58,-161.75,0.03172917582935864
8,72.58,-161.58,0.03149359729140997
8,72.58,-161.42,0.031078551958004633
8,72.58,-161.25,0.031116385385394095
8,72.58,-159.25,0.0313410485387474
8,72.58,-159.08,0.03248623699288477
8,72.58,-158.92,0.03242294080555439
8,72.58,-158.75,0.03278378292805317
8,72.58,-158.58,0.03186139661599608
8,72.58,-158.42,0.031663019407653446
8,72.58,-153.08,0.033292097575031224
8,72.75,-163.75,0.031112254907687504
8,72.75,-162.08,0.031017035904985207
8,72.75,-161.75,0.03097330035169178
8,72.75,-158.92,0.03184834880226139
8,72.75,-158.42,0.03253351125132405
8,72.92,-169.08,0.030770074039445084
8,72.92,-168.58,0.031227450625645737
8,72.92,-167.92,0.03029974901507939
8,72.92,-167.42,0.03177611312518517
8,72.92,-166.08,0.032824949208708085
8,72.92,-163.58,0.02947454835320341
8,72.92,-163.08,0.02962041466186444
8,72.92,-161.92,0.02978925744537264
8,72.92,-161.75,0.030761507941553225
8,72.92,-160.92,0.03115119990795406
8,72.92,-160.75,0.030616478254909023
8,72.92,-160.58,0.030594117967272873
8,72.92,-158.08,0.03168647690472426
8,73.08,-166.92,0.03019850464178282
8,73.08,-166.08,0.028733016530934137
8,73.08,-165.75,0.029280941770003552
8,73.08,-165.58,0.029510800252880966
8,73.08,-165.08,0.02778970205077999
8,73.08,-164.58,0.028953460060680905
8,73.08,-163.42,0.02981245322596459
8,73.08,-162.58,0.02734549365413841
8,73.08,-162.42,0.027255243578782447
8,73.08,-162.25,0.027533349487930535
8,73.08,-162.08,0.028531340811627386
8,73.08,-161.92,0.029060066663519
8,73.08,-160.42,0.030203527135943823
8,73.08,-160.25,0.03017007483338768
8,73.25,-166.08,0.029567977879196405
8,73.25,-164.08,0.02816365801607121
8,73.25,-163.42,0.026653995081687754
8,73.25,-163.08,0.027960832230746743
8,73.25,-162.92,0.026976503130908196
8,73.25,-157.58,0.02542444811479072
8,73.42,-166.08,0.02724736892352147
8,73.42,-165.58,0.02766539925201373
8,73.42,-162.92,0.02685482267003793
8,73.42,-159.75,0.025395073691526285
8,73.42,-159.58,0.026190308650257062
8,73.58,-166.08,0.02500334264416444
8,73.58,-162.58,0.02779693836628488
8,73.58,-159.25,0.022049299611281308
8,73.58,-159.08,0.022112864583346343
8,73.58,-156.92,0.021449108038268605
8,73.75,-166.08,0.023661597849180305
8,73.75,-162.42,0.026613367058223848
8,73.75,-158.08,0.020462803542613983
8,73.92,-166.08,0.02297766050171168
8,73.92,-165.92,0.022970831346890284
8,73.92,-165.58,0.02373630587072646
8,73.92,-162.08,0.024457966778286253
8,74.08,-165.08,0.023531632604779768
8,74.08,-164.58,0.024329783104848665
8,74.25,-164.08,0.021211823161380983
9,-54.08,-0.08,0.01394129859339168
9,-26.08,13.42,0.04355179800445007
9,-24.08,13.92,0.08183025484969322
9,-8.08,-14.92,0.010953693485741193
9,-6.75,-25.08,0.008717076757521782
9,-4.58,-12.75,0.01675307854667254
9,-2.25,-13.25,0.0172620996438329
9,-1.58,-12.92,0.018153997854420192
9,1.25,-15.08,0.011159043325783892
9,4.92,-17.08,0.010463310211586457
9,7.75,66.92,0.010055558607240932
9,7.75,67.08,0.01005994525945021
9,7.92,66.92,0.010290628033948855
9,8.58,-19.08,0.013013316842261702
9,10.08,65.42,0.01640340928376342
9,11.75,64.25,0.026528054404479917
9,11.92,64.42,0.029510540021066036
9,11.92,66.92,0.017606775742024183
9,12.58,-20.92,0.014637784096969845
9,13.92,63.08,0.035937665651241936
9,14.08,66.92,0.02233424668277924
9,15.08,64.42,0.03695345757943061
9,15.75,62.08,0.04257758515369561
9,15.92,61.92,0.044220674744186304
9,17.42,60.42,0.04269903484317991
9,18.58,58.75,0.05715420419195046
9,18.92,58.92,0.04974124665992955
9,19.08,58.42,0.05896196550586157
9,19.25,58.08,0.11573736830743858
9,19.42,58.08,0.14579138438299802
9,21.92,-21.08,0.009295698010090643
9,21.92,-20.75,0.0091911121919313
9,22.58,-158.25,0.007038604688002831
9,26.08,-21.92,0.00613511800191999
9,26.08,-20.92,0.00602448432457297
9,26.92,-96.92,0.026361086858539943
9,26.92,-96.75,0.01789661919206588
9,27.08,-152.92,0.006220008990365184
9,27.08,-97.25,0.07724797782591647
9,27.08,-97.08,0.04703570964435736
9,27.25,-96.58,0.015503233841930829
9,27.42,-97.42,0.11390601267062482
9,27.42,-96.58,0.018974252575491037
9,27.58,-97.08,0.10385052379893346
9,27.58,-96.92,0.06323591825397064
9,27.58,-96.08,0.010714723392286234
9,27.58,-93.92,0.008881428686436266
9,27.58,-93.75,0.008661498095736735
9,27.58,-93.58,0.008750197917429937
9,27.75,-96.25,0.0162006413577021
9,27.75,-95.92,0.012291382176853305
9,27.75,-93.92,0.009253535172319973
9,27.75,-93.75,0.00927139801852819
9,27.92,-96.75,0.09801137413726084
9,27.92,-96.42,0.03912906661733157
9,27.92,-95.58,0.013481081172358245
9,27.92,-94.08,0.01012681215070188
9,27.92,-93.92,0.009780105913200207
9,27.92,-93.75,0.0100455219249448
9,28.08,-96.42,0.08265492188123365
9,28.08,-95.75,0.02003513211901817
9,28.08,-95.08,0.012832803703430628
9,28.08,-94.92,0.012365328988784716
9,28.08,-94.75,0.011976749261116816
9,28.08,-94.58,0.011563882328725107
9,28.08,-94.42,0.011566401536886891
9,28.08,-93.92,0.01078640048379182
9,28.25,-95.92,0.05184195944780691
9,28.25,-95.25,0.018432076658225723
9,28.25,-94.25,0.013156729426959324
9,28.25,-93.92,0.012596445876018455
9,28.25,-91.75,0.015074553524350954
9,28.25,-91.42,0.015536289513369815
9,28.42,-95.58,0.0575354206117077
9,28.42,-95.42,0.0410801547113806
9,28.42,-92.92,0.017372529371641576
9,28.42,-92.58,0.017219970022172976
9,28.42,-92.08,0.017738592856201447
9,28.42,-91.75,0.018488874354968883
9,28.42,-91.42,0.023127419266125396
9,28.42,-91.08,0.03238181412355819
9,28.42,-90.92,0.03467443699224128
9,28.42,-90.75,0.03312490035831514
9,28.58,-95.42,0.0864376769038952
9,28.58,-94.42,0.02208947392904924
9,28.58,-94.25,0.020767385359956987
9,28.58,-92.92,0.020924483904511564
9,28.58,-92.58,0.02231363990964989
9,28.58,-92.42,0.02224495022609416
9,28.58,-92.25,0.02200521294596709
9,28.58,-92.08,0.022138905038850173
9,28.58,-91.75,0.025677261744729347
9,28.58,-91.58,0.030777203714630257
9,28.58,-91.42,0.03867719499652998
9,28.58,-91.08,0.05998665147409257
9,28.58,-90.92,0.06484149695218851
9,28.58,-90.58,0.059264182268331446
9,28.75,-94.42,0.031068735471409228
9,28.75,-92.92,0.02577721182670858
9,28.75,-92.58,0.02668235427699983
9,28.75,-92.42,0.02712089565789534
9,28.75,-92.25,0.02759147813129756
9,28.75,-92.08,0.030603592788490157
9,28.75,-91.92,0.03656483845164379
9,28.75,-91.75,0.04254045545692659
9,28.75,-90.58,0.08914612600993779
9,28.92,-95.25,0.1864957714985524
9,28.92,-95.08,0.1544262999151316
9,28.92,-94.92,0.110743470567589
9,28.92,-94.58,0.059171994423700705
9,28.92,-92.92,0.0319048268849858
9,28.92,-92.58,0.033633279730565846
9,28.92,-92.42,0.037187562168886266
9,28.92,-92.25,0.0411756021850225
9,28.92,-92.08,0.04836510830662317
9,28.92,-91.92,0.0601549013905848
9,28.92,-91.58,0.09551187488250434
9,28.92,-90.75,0.164557003778302
9,29.08,-94.75,0.15930480489300358
9,29.08,-93.08,0.04066036296232293
9,29.08,-92.92,0.04281341130586548
9,29.08,-92.75,0.04350191383208665
9,29.08,-92.58,0.05102957572994961
9,29.08,-92.42,0.07053702834269239
9,29.25,-92.92,0.06770889605912897
9,29.42,-92.92,0.14751452843969068
9,30.42,-21.58,0.003996590837939746
9,31.08,-80.92,0.061976169404159814
9,31.08,-80.58,0.03621174439063503
9,31.08,-79.75,0.011756049889502011
9,31.25,-81.08,0.13404809109245738
9,31.25,-80.92,0.0714638808535205
9,31.42,-81.25,0.24950726248197636
9,31.42,-80.92,0.08529207565718228
9,31.42,-80.58,0.04467008524160418
9,33.08,-118.08,0.02050353478019436
9,33.42,-118.58,0.019666150574468903
9,33.42,-118.25,0.020618465470357075
9,33.42,-118.08,0.02179797931522545
9,34.75,-20.58,0.005321706551411707
9,38.08,-24.92,0.007304924126300547
9,38.92,-17.92,0.006558396342572653
9,42.58,-9.75,0.02102922915946692
9,42.58,-9.42,0.052096589610704944
9,42.92,-14.92,0.009987099878748672
9,42.92,-9.58,0.050267770032708846
9,45.42,-1.42,0.051949714737323426
9,46.92,-62.58,0.07883084751665592
9,46.92,-11.75,0.019574368291715577
9,47.25,-8.58,0.019181428373687796
9,47.25,-7.42,0.02311719223184304
9,47.42,-7.42,0.027691150420448847
9,47.58,-64.08,0.10861776934729682
9,47.58,-60.08,0.04463432165923425
9,47.58,-8.08,0.026033280287972756
9,48.25,-10.08,0.02771676207582156
9,48.42,-126.92,0.05172969212031199
9,48.92,-130.92,0.023159553348604176
9,49.08,-138.92,0.021678332433414955
9,49.42,-138.92,0.023274362999169775
9,49.42,-5.58,0.062224684735863574
9,49.42,-0.25,0.10707853368431744
9,49.58,-66.08,0.09424450502006544
9,49.58,-62.08,0.05448686706626581
9,49.92,-145.08,0.02676371989461283
9,49.92,-134.92,0.024294588016346097
9,62.92,-166.58,0.1601560599067145
9,63.92,-172.42,0.0734671806761374
9,64.58,-167.25,0.14979923966651162
9,65.08,-169.92,0.18167840601462457
9,65.08,-169.08,0.18917924367512265
9,66.42,-167.75,0.158645232156333
9,66.58,-169.08,0.13677130344634256
9,67.92,-169.08,0.0861937183610819
9,68.08,-169.08,0.07962783705443144
9,69.92,-166.42,0.07305921514139131
9,69.92,-163.92,0.10467591688588812
9,70.08,-169.08,0.05982903763651848
9,70.92,-162.08,0.058950313108248845
9,71.08,-160.75,0.04702387096975664
9,71.25,-163.42,0.04674246550227205
9,71.25,-163.08,0.04412332218554285
9,71.25,-152.08,0.06696175001561641
9,71.42,-163.92,0.04493122992830144
9,71.42,-158.25,0.05169859114620421
9,71.42,-152.08,0.05829863399267197
9,71.58,-160.08,0.04165849849315626
9,71.58,-155.42,0.0971196650926556
9,71.58,-151.92,0.05617209688893386
9,71.75,-161.42,0.03356250338256359
9,71.75,-158.92,0.041316042033334575
9,71.92,-162.58,0.0347592377414306
9,71.92,-161.92,0.03374812225145953
9,71.92,-154.92,0.05590623624933263
9,72.08,-158.92,0.037357022468414575
9,72.08,-156.42,0.04768055502106162
9,72.42,-168.92,0.035271781496703625
9,72.42,-153.92,0.03225659121594885
9,73.08,-152.92,0.030490133582669145
9,73.25,-151.42,0.026600602795096004
9,73.92,-156.25,0.018694793339818716
9,74.92,-165.08,0.021216738037765023
10,-58.92,61.92,0.012825993909722284
10,-52.92,-0.08,0.013779075005380758
10,-52.08,61.75,0.012503511159969815
10,-48.08,73.42,0.026650091087252928
10,-38.58,-38.25,0.03081155656676354
10,-33.25,-46.75,0.014045460518963378
10,-30.25,-42.58,0.008349985903899732
10,-30.08,-27.42,0.00511796894916815
10,-27.42,-38.92,0.007649530134773974
10,-24.75,-35.25,0.006810563463910386
10,-21.92,-31.58,0.004785838904228575
10,-19.25,-28.42,0.0033262444395122342
10,-19.08,-25.08,0.002806528611911525
10,-16.58,-25.08,0.0031647182808353983
10,-13.92,-21.75,0.004243310187654248
10,-11.08,-18.42,0.006432807241598594
10,28.08,-96.42,0.08145873499070776
10,28.25,-95.92,0.05099621863136518
10,28.58,-95.42,0.07906559655635521
10,30.25,-116.58,0.013234976502456542
10,32.58,-117.58,0.019129516749546445
10,33.42,-118.58,0.020974200540061657
10,33.42,-118.25,0.02275365459379451
10,33.42,-118.08,0.024264717988412957
10,36.25,-72.08,0.00823310884679186
10,37.08,-76.42,0.1472828191030642
10,44.42,37.58,0.03319324390454726
10,44.92,-2.08,0.028056815089979047
10,44.92,-1.92,0.029245536597766752
10,44.92,-1.58,0.03548483256700224
10,45.08,-2.42,0.026165579638347543
10,45.08,-2.08,0.027638137147858222
10,45.08,-1.58,0.040549918158172535
10,45.25,-1.92,0.02930307958339309
10,45.25,-1.58,0.03883181510750076
10,45.42,-2.08,0.03291730378786552
10,45.42,-1.92,0.036015435844531346
10,45.42,-1.75,0.03683368307698903
10,45.58,-2.25,0.03058655704532204
10,45.58,-2.08,0.03141572326421738
10,45.58,-1.58,0.050269458539270125
10,45.75,-1.75,0.04670092412110033
10,47.58,-64.08,0.12867786282480792
10,52.92,0.75,0.2606062795485145
10,53.58,0.08,0.1894647645599702
10,53.92,0.25,0.1019184866213593
10,54.58,-0.42,0.07910049170384119
10,55.42,-1.42,0.07681401083567019
10,62.08,-167.25,0.1474077106298258
10,62.25,-167.58,0.11631373326397604
10,62.42,-168.08,0.08193064336147574
10,62.42,-167.92,0.095051499187118485
10,62.58,-168.92,0.08490802502880494
10,62.58,-168.58,0.08712232133580579
10,62.75,-169.08,0.08636260757015811
10,63.75,-172.08,0.05754508626543813
10,63.92,-172.42,0.06257326320251998
10,63.92,-172.25,0.062193069059182614
10,64.08,-169.58,0.07351496256887913
11,-76.75,-178.42,0.21812943648546937
11,-76.75,169.42,0.04753646519231169
11,-76.58,-178.08,0.10847161666800578
11,-76.58,169.75,0.06295765936374664
11,-76.58,175.92,0.24539462096341275
11,-73.58,176.75,0.015600062441080809
11,-69.42,-85.25,0.016992334419718154
11,-69.25,-85.25,0.018437041701482876
11,-69.08,-85.42,0.021475062404266176
11,-69.08,-85.25,0.0209740002584808
11,-68.92,-85.42,0.026392770698294044
11,-68.92,-85.25,0.026702897979275268
11,-68.75,-85.25,0.031198102159096915
11,-68.58,-85.25,0.03212751289281775
11,-68.58,-85.08,0.03920584665063549
11,-68.42,-85.08,0.04599131238646805
11,-68.25,-85.08,0.12236329959705472
11,-68.08,-85.08,0.10510295277218457
11,-67.92,-85.08,0.13203185300032297
11,-67.75,-85.08,0.08104863706976176
11,-67.58,-85.08,0.03451213237174131
11,-67.42,-85.08,0.026892706165435137
11,-67.25,-85.08,0.02462021021567511
11,-67.08,-85.08,0.021421208465471863
11,-66.42,-84.58,0.019481954814971617
11,-66.25,-84.58,0.019248701183608285
11,-66.08,-84.58,0.018971369567919866
11,-65.92,-84.75,0.019035323223631297
11,-65.92,-84.58,0.01927993990142237
11,-65.75,-84.92,0.01806634487905379
11,-65.75,-84.75,0.018351269570195068
11,-65.58,-85.08,0.017714374943783407
11,-65.58,-84.92,0.01749633046749391
11,-65.42,-85.25,0.016919205415627508
11,-65.42,-85.08,0.01662037538395065
11,-65.42,-84.92,0.016464790212921798
11,-65.42,-84.75,0.01655712467999976
11,-65.42,-84.58,0.016469910342787063
11,-65.42,-84.42,0.01633869027418475
11,-65.42,-84.25,0.01658765533939004
11,-65.42,-84.08,0.01675056513809299
11,-65.42,-83.92,0.017301532812416552
11,-62.92,-62.42,0.02369953639748873
11,-62.92,-62.25,0.024912011599348437
11,-62.75,-62.58,0.026378356142720175
11,-62.75,-62.42,0.02578037796432481
11,-62.58,-62.75,0.027463100384920835
11,-62.58,-62.58,0.02706297766417265
11,-61.58,-62.75,0.020658641314024433
11,-61.42,-62.75,0.019157262512154
11,-61.25,-62.75,0.01663339600268313
11,-61.08,-62.75,0.016140712233369842
11,-60.92,-62.75,0.01597984233761535
11,-60.58,-62.75,0.016712562715196434
11,-60.42,-62.75,0.016958396005279878
11,-60.25,-62.75,0.017643788151497787
11,-60.08,-62.75,0.02048011143993148
11,-60.08,-62.58,0.020892225651015693
11,-59.92,-62.58,0.022295654888319617
11,-59.75,-62.58,0.02334087720716043
11,-59.58,-62.58,0.020183932029313463
11,-59.42,-62.58,0.018635407959878007
11,-59.25,-62.58,0.01844608996008687
11,-59.08,-62.58,0.016967035823172945
11,-58.92,-62.58,0.01731960229603026
11,-58.75,-62.58,0.01868471340276301
11,-58.58,-62.58,0.0195572777541683
11,-58.42,-62.75,0.020739305490518316
11,-58.42,-62.58,0.02085140772739097
11,-58.25,-62.75,0.02353036280392724
11,-58.08,-62.75,0.0233559387133402
11,-57.92,-62.75,0.02343666189870633
11,-57.75,-62.92,0.02434460086035816
11,-57.75,-62.75,0.02394277073086842
11,-57.58,-62.92,0.02448772654101691
11,-57.58,-62.75,0.02420570734230911
11,-57.58,-62.58,0.024405087132061663
11,-57.42,-62.58,0.02482891386813101
11,-57.42,-61.92,0.025377531789298004
11,-57.42,-61.75,0.025327819735085706
11,-57.42,-61.58,0.02577826614245115
11,-57.42,-61.42,0.026548057774027044
11,-57.42,-61.08,0.02622210928101969
11,-57.25,-62.08,0.0258753887952908
11,-57.25,-61.92,0.025428380865110633
11,-57.08,-60.58,0.027203989708248305
11,-56.92,-60.58,0.026687823030549812
11,-56.92,-60.42,0.027746631147559073
11,-56.92,-60.25,0.028055267764584103
11,-56.75,-60.25,0.028759927351904267
11,-56.75,-60.08,0.029116003130398253
11,-56.58,-60.08,0.02890492997625295
11,-56.42,-59.92,0.02910126692286747
11,-56.42,-59.75,0.028166691115235586
11,-56.25,-59.58,0.0286168361781165
11,-56.08,-59.58,0.02997369915657841
11,-56.08,-59.42,0.03082555257167448
11,-55.92,-59.42,0.030108769985792393
11,-55.75,-59.42,0.029436071985401213
11,-55.58,-59.42,0.030009253477842057
11,-51.58,-0.08,0.01712698960567222
11,15.92,61.92,0.02364984190653023
11,17.42,60.42,0.026137930176713887
11,18.75,57.92,0.03135263585649869
11,18.75,58.08,0.030489768408348456
11,18.92,58.58,0.033032917746287936
11,18.92,58.75,0.033009917304084146
11,18.92,58.92,0.03296199023230549
11,19.08,58.42,0.03251685152816422
11,19.25,58.08,0.042109988739385325
11,19.42,57.92,0.08071789197514162
11,19.42,58.08,0.056696384871268976
11,24.42,-64.42,0.003467710137449424
11,25.92,-97.08,0.0720929325941731
11,25.92,-96.92,0.04965453982517561
11,25.92,-96.75,0.03670621579786872
11,25.92,-96.58,0.024810336406945303
11,25.92,-96.42,0.017257524024256888
11,26.08,-96.75,0.03873881811330862
11,26.08,-96.42,0.019148592053063435
11,26.25,-96.92,0.05524261643671814
11,26.42,-96.92,0.05291548582232174
11,26.42,-96.42,0.019862991648123544
11,26.58,-97.08,0.06627224204952226
11,26.58,-96.58,0.02216103604501661
11,26.75,-96.58,0.020551386255058732
11,26.92,-97.08,0.05737539854667643
11,26.92,-96.58,0.01926871435716748
11,26.92,-96.42,0.016923940226928714
11,27.08,-97.42,0.10015005961297052
11,27.08,-97.25,0.08638419128735275
11,27.08,-97.08,0.057124269537298995
11,27.08,-96.92,0.03858741928878076
11,27.08,-96.75,0.02650846895652221
11,27.08,-96.58,0.019251361653647003
11,27.08,-96.42,0.017050297561046833
11,27.25,-96.92,0.040674214675912965
11,27.25,-96.25,0.01588513225536136
11,27.42,-96.92,0.05023301200365976
11,27.42,-96.08,0.016167265499996787
11,27.42,-95.92,0.015652140616165364
11,27.42,-94.42,0.01408829798867159
11,27.58,-96.58,0.030971943400800228
11,27.58,-96.25,0.019796963240129545
11,27.58,-96.08,0.018111949813935685
11,27.58,-95.92,0.017060234252473012
11,27.58,-95.58,0.01607437027097844
11,27.58,-95.42,0.0158292993574458
11,27.58,-95.25,0.015399219577803332
11,27.58,-95.08,0.015178025371449836
11,27.58,-94.92,0.015171753968495657
11,27.58,-94.75,0.01530792345018948
11,27.58,-94.58,0.014928739120745485
11,27.58,-94.42,0.01486795486690586
11,27.58,-94.08,0.014655454885488486
11,27.58,-93.92,0.01484295489567825
11,27.58,-93.58,0.01436404010061832
11,27.58,-93.42,0.014298473210895763
11,27.58,-93.25,0.0145171951256035
11,27.58,-93.08,0.014581772402915008
11,27.58,-92.08,0.013665711904382882
11,27.75,-96.42,0.031090533819652218
11,27.75,-95.25,0.017386183991809103
11,27.75,-94.42,0.016277566196068245
11,27.75,-93.08,0.015649695141131386
11,27.75,-92.75,0.01463094524874845
11,27.75,-92.58,0.014740885194281446
11,27.75,-92.42,0.014603200026185197
11,27.75,-92.08,0.014159940320121892
11,27.75,-91.92,0.01440684379571501
11,27.75,-91.58,0.014302967266891809
11,27.75,-90.58,0.014742887592600548
11,27.92,-96.58,0.06459621593410916
11,27.92,-96.42,0.04594404173343826
11,27.92,-96.08,0.028283143114736852
11,27.92,-95.92,0.02630116548115278
11,27.92,-95.58,0.024755209540564788
11,27.92,-95.42,0.021238022120943403
11,27.92,-94.25,0.017441790811169672
11,27.92,-93.08,0.01641746476183043
11,27.92,-92.08,0.014840013731051892
11,27.92,-91.42,0.014880087254021098
11,27.92,-91.25,0.015612501541481298
11,27.92,-91.08,0.015276778407175753
11,27.92,-90.75,0.015539982835488284
11,27.92,-90.58,0.016742561122073847
11,28.08,-95.42,0.027116026332163635
11,28.08,-95.08,0.02204932731247562
11,28.08,-94.92,0.02163940083290286
11,28.08,-94.58,0.02125228205969667
11,28.08,-94.42,0.02165490742224981
11,28.08,-94.08,0.020732476773178753
11,28.08,-93.08,0.018657308400553817
11,28.08,-92.08,0.0170253077384961
11,28.08,-91.08,0.018481190035612705
11,28.08,-90.92,0.018480209476204917
11,28.08,-90.58,0.02057849388460026
11,28.25,-95.58,0.040711677249740154
11,28.25,-95.42,0.03573447402895374
11,28.25,-94.75,0.026699232211446065
11,28.25,-94.25,0.02576946815037552
11,28.25,-94.08,0.025161941097501445
11,28.25,-93.75,0.023100136135540465
11,28.25,-93.58,0.022870405768866047
11,28.25,-93.42,0.02328966119710137
11,28.25,-93.08,0.022233248797847945
11,28.25,-92.92,0.02245717032757752
11,28.25,-92.08,0.020972156554789227
11,28.25,-91.58,0.02113921699278495
11,28.25,-91.25,0.024127268800785875
11,28.25,-90.58,0.03014957231661195
11,28.25,-64.42,0.004076594914830125
11,28.42,-95.58,0.06471525795538635
11,28.42,-94.75,0.03090377966873348
11,28.42,-94.08,0.029775286723366556
11,28.42,-93.08,0.025483231279341614
11,28.42,-92.58,0.02549583456643364
11,28.42,-92.42,0.025973816607695297
11,28.42,-92.25,0.02546252286992967
11,28.42,-92.08,0.025613612988415885
11,28.42,-91.75,0.030103970223161223
11,28.42,-90.58,0.04572209350162131
11,28.58,-95.58,0.11351420132048202
11,28.58,-94.92,0.04068867761559565
11,28.58,-94.08,0.0335077097885968
11,28.58,-93.08,0.028728756288996116
11,28.58,-92.08,0.03662344470948858
11,28.58,-90.58,0.08053332551807056
11,28.75,-94.92,0.06749062557869098
11,28.75,-94.08,0.047055414165644086
11,28.75,-93.08,0.04010946899036165
11,28.75,-92.08,0.05442388903568773
11,28.75,-90.58,0.10680809951222994
11,28.92,-94.92,0.10631029335234096
11,28.92,-94.08,0.0615198574412395
11,28.92,-93.08,0.054910570300896376
11,28.92,-92.08,0.0952958457500619
11,28.92,-90.58,0.1555739573805648
11,29.08,-94.92,0.1643896430511685
11,29.08,-94.08,0.07984344370882301
11,29.08,-93.08,0.0666908705880975
11,29.08,-92.08,0.16359295049572692
11,29.25,-94.08,0.11463103421470698
11,29.25,-93.08,0.09050336929366869
11,29.42,-94.08,0.183603538748096
11,29.42,-93.08,0.14356844176483505
11,29.75,-64.92,0.004859254192150033
11,30.58,-147.42,0.0069739600054591015
11,30.58,-143.08,0.0068287395132596
11,31.08,-81.08,0.10836427653317944
11,31.08,-80.92,0.06046436321647728
11,31.08,-79.75,0.01671427841681768
11,31.25,-81.08,0.13250116313643315
11,31.42,-80.92,0.08335631105172284
11,31.58,-136.92,0.007025308129788541
11,33.42,-118.58,0.032240135608898365
11,33.42,-64.42,0.008559499182464445
11,34.58,-64.42,0.01105373919777134
11,46.92,-62.58,0.09046122773703356
11,47.58,-64.08,0.11315864371135832
12,-76.58,-178.08,0.1262082539307063
12,-76.58,169.08,0.22615013591459265
12,-76.58,171.92,0.4281105091277923
12,-76.58,172.42,0.4373310275582803
12,-76.58,175.92,0.40046948642056024
12,-69.92,-85.58,0.034714324614749506
12,-69.92,-85.42,0.03296993414943035
12,-69.92,-85.25,0.03098800898130451
12,-69.75,-85.25,0.03295073943103061
12,-69.75,-85.08,0.030867869426545343
12,-69.58,-85.25,0.03453435714949261
12,-69.58,-85.08,0.03284938482656365
12,-69.42,-85.25,0.03132156252861023
12,-69.42,-85.08,0.031807770654559135
12,-69.25,-85.08,0.026651850315155805
12,-69.08,-85.25,0.025406750878601364
12,-69.08,-85.08,0.024450765210477746
12,-68.42,-85.08,0.033761363366947454
12,-68.42,-84.92,0.03693625948154459
12,-68.25,-85.08,0.04549718655359287
12,-68.08,-85.08,0.05586172628886344
12,-67.92,-85.08,0.04235164870818456
12,-67.75,-85.08,0.0446148267429736
12,-67.58,-85.08,0.03984011397770946
12,-64.92,-169.42,0.02646887427075736
12,-64.42,-169.42,0.025658608792160732
12,-63.25,-170.08,0.029445752178111836
12,-63.25,-169.92,0.02879840028213544
12,-62.58,-169.92,0.030038843888582453
12,-61.92,-168.92,0.029292794423074357
12,-61.08,-169.42,0.02428921954965012
12,-60.42,-170.25,0.030849539092741907
12,-56.92,-170.42,0.022148047664409712
12,-55.92,-171.92,0.022058299406328134
12,-54.42,-173.42,0.02326983478592916
12,-53.08,-174.92,0.022252645136581525
12,-53.08,-174.75,0.022180448829506833
12,-49.42,2.08,0.03164456903727518
12,-47.08,4.42,0.03443937100625286
12,-33.92,17.08,0.023241034941747785
12,-32.92,16.42,0.02313258590099091
12,-32.58,17.58,0.1958250592255758
12,-31.08,15.25,0.017762215639878478
12,-30.08,16.92,0.22258605267335144
12,-29.58,16.42,0.16163512971252203
12,-29.58,16.58,0.21787933935411272
12,-20.08,79.92,0.004090740138457881
12,-19.08,79.92,0.004371473827632144
12,-17.08,79.92,0.00544804285487367
12,-15.08,79.92,0.0062821897121870685
12,-13.25,79.92,0.006423591189862539
12,-12.08,79.92,0.006647513267428924
12,-10.08,79.92,0.006781882794004762
12,-7.08,79.92,0.00833137888306131
12,-5.08,79.92,0.00953837022340546
12,-4.08,79.92,0.009722429806263082
12,-1.42,79.92,0.010293650887130449
12,-0.42,79.92,0.010764993397363773
12,0.42,79.92,0.011893005491906984
12,1.92,79.92,0.012598191905352805
12,3.58,79.92,0.014516998496320512
12,5.08,79.92,0.015330241326915309
12,5.58,79.92,0.01841207087272778
12,5.75,79.92,0.020233453827030543
12,7.92,66.75,0.011306235676683072
12,7.92,66.92,0.011219565090464637
12,10.08,65.42,0.013937650863630956
12,11.92,64.42,0.021207250205204926
12,11.92,66.92,0.015634669146190088
12,12.42,154.92,0.004463720432896581
12,13.92,63.08,0.0267704791492886
12,14.08,66.92,0.020205661240551207
12,15.92,61.92,0.02804895614584287
12,16.42,61.58,0.02768131229095161
12,16.58,61.42,0.02871568750641826
12,17.08,61.42,0.02859392798402243
12,19.92,149.92,0.005486637111365174
12,19.92,154.92,0.0053587436042208635
12,21.42,118.42,0.020014886938345928
12,22.92,159.92,0.005488257492995924
12,22.92,179.92,0.006005965774723639
12,27.42,-155.08,0.008260363855192231
12,28.42,154.92,0.008259727322082553
12,29.42,-141.08,0.007721433697345977
12,30.08,-134.58,0.007519926946972393
12,31.58,-123.58,0.01397062686090875
12,33.42,-118.58,0.040398595182018146
12,47.58,-64.08,0.13031724281609058
12,47.58,-60.08,0.04141568625345826
