month,lat01,lon01,mean_BBPm
1,-78.08,-176.42,0.006582242224300117
1,-76.58,-178.25,0.0049162140478276545
1,-76.58,-178.08,0.005016635200813597
1,-76.58,168.92,0.005589489976851906
1,-76.58,175.92,0.006016528092335317
1,-76.58,176.08,0.005875385395484045
1,-76.58,176.92,0.006032388880901801
1,-74.08,176.92,0.0035346427097068243
1,-69.42,-76.42,0.00354163568276404
1,-68.92,-77.25,0.0029673621775145875
1,-68.42,-78.42,0.003066541131925022
1,-68.42,-75.25,0.0027611554183565295
1,-67.92,-76.42,0.002793261088521742
1,-67.92,-73.42,0.002724060492861706
1,-67.92,-70.08,0.004011613023109161
1,-67.58,-71.08,0.0035956119706194536
1,-67.42,-74.58,0.0026032639966948276
1,-67.25,-71.58,0.0033373772499284576
1,-67.08,-69.08,0.0038729405293004616
1,-66.75,-72.92,0.00288417153950671
1,-66.58,-69.58,0.002966334658853112
1,-66.08,-68.42,0.00280500840353988
1,-65.92,-71.58,0.0025901217336194164
1,-65.58,-66.42,0.00323410539578563
1,-65.42,-69.92,0.002515249056852467
1,-65.42,-66.92,0.00342062772525584
1,-65.42,52.92,0.0031087603578767316
1,-65.42,53.08,0.0029982757722874257
1,-65.08,-67.08,0.0027668249364601583
1,-65.08,-64.75,0.003174906379172171
1,-65.08,-64.58,0.003321048907058027
1,-64.92,52.92,0.0028572275797710007
1,-64.75,-68.42,0.0024095231820374257
1,-64.08,-64.08,0.0023843091861635913
1,-63.58,53.58,0.002968232505901886
1,-62.25,53.92,0.0030519758888245137
1,-60.25,54.58,0.003024424029387195
1,-58.42,55.08,0.0032776290000501003
1,-56.42,55.58,0.003318349055586044
1,-54.08,56.42,0.004190008306812326
1,-50.92,57.42,0.004779509755528786
1,-48.75,57.75,0.003775460367747159
1,-48.08,57.58,0.0036587439509193328
1,-45.08,57.58,0.003737745514213615
1,-43.08,8.42,0.002825195342831483
1,-42.25,57.58,0.0034635302462530408
1,-40.42,57.58,0.0032957711373455822
1,-38.42,57.58,0.002990344002186744
1,-36.42,57.42,0.00243228863638995
1,-35.08,57.25,0.002107881833746267
1,-32.25,57.08,0.0018598823371576143
1,-30.42,55.08,0.001960800324344415
1,-23.08,-120.08,0.00178194695035927
1,-23.08,-100.08,0.0018252751575677064
1,27.92,-155.08,0.0013246300434895436
1,33.42,-118.58,0.0019051437550594776
1,45.25,-1.58,0.016994479231388224
1,45.42,-2.08,0.007941637130649971
1,45.42,-1.92,0.012389696125121023
1,45.42,-1.75,0.01891728929000568
1,45.42,-1.58,0.0250965767534746
1,45.42,-1.42,0.027431474360954864
1,45.58,-2.58,0.004334325196396094
1,45.58,-1.92,0.016439053891438314
1,45.58,-1.58,0.02800782247636975
1,45.75,-2.25,0.011149771930253006
1,45.75,-1.75,0.024749831629874697
1,45.92,-2.42,0.010523994303763506
1,45.92,-2.08,0.017161712260779248
1,45.92,-1.92,0.02056334362979132
1,46.08,-2.92,0.005933644005959981
1,46.08,-2.58,0.00980681876998543
1,46.08,-1.92,0.02087643705916972
1,46.25,-2.42,0.013156122611359356
1,46.25,-2.08,0.020906001357202927
2,-78.08,-176.08,0.005756654627052634
2,-76.58,-178.42,0.0035773313147069857
2,-76.58,-178.08,0.003705881244125034
2,-76.42,163.25,0.0039004802321349935
2,-76.08,163.08,0.0055546766712463325
2,-66.25,-168.92,0.0033181780697001764
2,-64.92,-169.42,0.004874004666427416
2,-63.25,-170.08,0.00434314564058912
2,-60.42,-170.25,0.002831557885483129
2,-58.58,-170.08,0.002882692181239171
2,-57.08,-170.42,0.002340614188662065
2,-53.08,-174.92,0.0035149316120493624
2,-2.08,-140.25,0.002037861238932237
2,-1.25,-140.58,0.002055063620597745
2,-1.08,-140.42,0.002081239185783835
2,-1.08,-140.08,0.0021295229394343636
2,-0.08,-140.58,0.0020920725281549884
2,-0.08,-140.42,0.002087722331496133
2,-0.08,-140.25,0.0021179505094464516
2,0.92,-140.42,0.0020847213343672807
2,1.08,-140.42,0.002063535826025708
2,1.08,-140.08,0.002095376097020649
2,1.25,-140.42,0.00202849116924751
2,1.75,-140.08,0.002057556661644152
2,1.92,-140.08,0.002075663796858862
2,2.92,-140.08,0.00213164292619608
2,4.92,-140.08,0.002350505365202913
2,6.92,-140.08,0.0022911563449140105
2,9.08,-140.25,0.0020502842685562513
2,11.92,-140.08,0.0019039304161630017
2,27.92,-155.08,0.0014445514680119231
2,27.92,154.92,0.0014484763281264652
2,33.42,-118.58,0.0021450695452845787
2,44.92,-2.08,0.003634025873560902
2,44.92,-1.92,0.004817275311021755
2,44.92,-1.58,0.010076670522158522
2,45.08,-2.42,0.002875175182582877
2,45.08,-2.08,0.004808404600702315
2,45.08,-1.58,0.011987306858091393
2,45.25,-1.92,0.009002161594772977
2,45.25,-1.58,0.014960854267147147
2,45.42,-2.08,0.008404387870714777
2,45.42,-1.92,0.011367319168389909
2,45.42,-1.75,0.01562055431228752
2,45.42,-1.58,0.019754782906689104
2,45.42,-1.42,0.02294795003087659
2,45.58,-2.25,0.008522923043485554
2,45.58,-2.08,0.01046919773354949
2,45.58,-1.58,0.02481073404972752
2,45.75,-1.75,0.0185704653544928
2,48.42,-126.92,0.0013891968063987968
2,48.92,-130.92,0.0014709098485625523
2,49.08,-138.92,0.0014695775074263413
2,49.42,-138.92,0.0014774801182370755
2,49.58,-142.58,0.0014740190597963409
2,49.92,-145.08,0.001467574534347347
2,49.92,-134.92,0.0013462496437049204
3,-71.42,-166.08,0.00324767792144006
3,-70.58,-166.08,0.0031865452659655025
3,-69.42,-168.58,0.0031366996209774363
3,-67.58,-170.08,0.002674128585600887
3,-66.25,-169.92,0.003014073091825204
3,-64.92,-169.42,0.003401241303436109
3,-63.25,-170.08,0.002631263489580838
3,-61.92,-170.25,0.0024199970319014356
3,-57.58,-0.08,0.0031593485078942702
3,-55.58,-0.08,0.003014866144505767
3,-54.42,-173.42,0.002342955873969168
3,-51.92,-0.08,0.0029948095858366376
3,-50.42,1.08,0.002626789338937231
3,-49.08,2.58,0.0029795861028763184
3,-47.58,4.25,0.0030447174219908305
3,-46.08,5.75,0.003143006294730108
3,-45.08,6.42,0.0032208552924181187
3,-44.92,6.58,0.00329617127845925
3,-42.58,8.75,0.0031716853986123957
3,-41.25,9.75,0.0033474940181070245
3,-36.58,12.92,0.002200390618990164
3,-34.58,14.25,0.002002960263123085
3,-26.58,94.92,0.0017083628364019544
3,-24.92,94.92,0.001634426778238491
3,-22.58,94.92,0.0016868782583175294
3,-20.92,94.92,0.0017595121227429217
3,-17.58,94.92,0.0018189502346991416
3,-12.42,-134.92,0.002156413599276489
3,-12.25,-135.08,0.0021622953950483576
3,-12.25,-134.92,0.002144502088741725
3,-12.25,-134.58,0.0021374192529256984
3,-12.08,-135.08,0.0021541406350008337
3,-9.08,-137.42,0.002132024672106806
3,-7.08,-80.92,0.006381585285157324
3,-5.25,-140.25,0.002036241029041359
3,-5.25,-140.08,0.0020376847908237434
3,-5.08,-140.08,0.0020204659254032084
3,-3.42,-80.92,0.003765757061002484
3,-3.08,-140.08,0.0020804056920200945
3,-3.08,-80.92,0.003597270585147731
3,-2.92,-80.92,0.003489863500560084
3,-2.58,-81.25,0.0033047128726829246
3,-2.42,-81.42,0.0032853353768587112
3,-2.08,-140.92,0.0020635181221639715
3,-2.08,-140.58,0.0020780763785208925
3,-0.58,-80.92,0.0034289473179638028
3,-0.42,-80.75,0.0034586373444489508
3,-0.08,-80.75,0.0034390017113238797
3,0.08,-80.75,0.0032821231671042337
3,0.58,-80.42,0.0033939222073047816
3,1.42,-79.58,0.0054669676219528335
3,1.58,-79.42,0.004861673385084394
3,1.92,-79.25,0.003966409401653941
3,2.42,-79.08,0.003697960874548249
3,2.92,-78.75,0.003871616127575378
3,3.08,-78.42,0.004445310976603125
3,3.25,-78.42,0.0037401441641780266
3,3.58,-78.08,0.0032860860845679977
3,4.08,-77.92,0.00336808700209865
3,4.25,-77.92,0.004105167696252465
3,4.58,-78.08,0.0036475615315027087
3,5.58,-78.08,0.0032254056275698795
3,5.92,-78.42,0.003404391127223351
3,6.92,-78.75,0.003282701070644859
3,7.25,-78.92,0.003593491501152426
3,7.58,-79.08,0.0038347936232563063
3,7.92,-79.08,0.004347042814570378
3,9.92,64.75,0.0017260254833409677
3,14.42,64.75,0.0016706602119122551
3,14.58,64.08,0.001893624191380005
3,15.08,63.42,0.002141717696528747
3,15.25,68.58,0.001490042991627636
3,15.92,61.92,0.002452363505544343
3,18.08,67.42,0.0017158420257135686
3,19.08,66.92,0.0018361649807003967
3,19.08,67.08,0.0017712043138243348
3,28.42,-91.08,0.005110940284443548
3,28.42,-90.92,0.005346279855009662
3,28.42,-90.75,0.004946599916431559
3,28.42,-90.58,0.0048104915683752445
3,28.58,-92.42,0.004766941769048572
3,28.58,-92.25,0.004481582857488868
3,28.58,-92.08,0.004292800230063857
3,28.58,-91.92,0.004601499970430082
3,28.58,-91.58,0.007166334214698838
3,28.58,-91.42,0.009517421008996576
3,28.58,-91.08,0.01143131511151252
3,28.58,-90.92,0.01005690381160926
3,28.58,-90.75,0.009768444190576044
3,28.58,-90.58,0.009360234811341009
3,28.75,-92.58,0.005582950739975435
3,28.75,-92.42,0.00582103556616748
3,28.75,-92.25,0.006072831082056804
3,28.75,-92.08,0.006905024001621698
3,28.75,-91.92,0.0079949419715453
3,28.75,-90.58,0.013849090187282986
3,28.75,-90.42,0.013719155887949716
3,28.92,-93.08,0.007305205923067518
3,28.92,-92.58,0.008398071231589798
3,28.92,-92.42,0.008926766587937453
3,28.92,-92.25,0.01044039027092148
3,28.92,-92.08,0.012355726675119206
3,28.92,-91.92,0.014820764239608163
3,28.92,-91.58,0.023018836189644884
3,28.92,-90.75,0.024338610501152023
3,28.92,-90.58,0.02180413392664169
3,28.92,-90.08,0.02130186098279903
3,28.92,-89.92,0.02435487631641059
3,28.92,-89.75,0.028358752575579536
3,28.92,-89.58,0.03220776193606925
3,29.08,-93.08,0.009092790012932329
3,29.08,-92.92,0.009074301032506558
3,29.08,-92.75,0.01026505150226315
3,29.08,-92.58,0.012454301093604013
3,29.08,-92.42,0.015762491611741394
3,29.08,-89.92,0.026121306120900505
3,33.42,-118.58,0.00251996891744188
3,45.08,-1.58,0.007949748017589551
3,45.25,-1.58,0.010074577142809888
3,45.42,-1.92,0.006580537309202489
3,45.42,-1.75,0.009735977745626168
3,45.42,-1.58,0.014035569864370108
3,45.58,-2.08,0.005745182184120977
3,45.58,-1.92,0.008055586836312011
3,45.75,-2.42,0.004200167186047703
3,45.75,-2.08,0.00649995882911271
3,45.75,-1.75,0.012238243603181228
3,45.92,-2.42,0.005233000983562635
3,45.92,-1.92,0.009146080742287168
3,45.92,-1.58,0.01886538244750216
3,46.08,-2.42,0.006776118364903223
3,46.08,-2.25,0.007380355361299253
3,46.08,-1.92,0.010059204882470868
3,46.25,-1.92,0.012906213644443148
3,46.42,-2.42,0.007280139529555811
3,48.42,-126.92,0.0019151973453945064
3,48.92,-130.92,0.001924293495838093
3,49.08,-138.92,0.0017618188488645009
3,49.42,-138.92,0.0017433575114672892
3,49.58,-0.42,0.01220748922226569
3,49.92,-145.08,0.0018276105058401913
3,49.92,-134.92,0.001640177275059767
3,57.92,-147.92,0.0015451476733194642
3,58.08,-148.08,0.0016001164359152765
3,58.25,-148.25,0.00193860599384026
3,58.42,-148.42,0.0025114347998344577
3,58.58,-148.58,0.002924850925870509
3,58.92,-148.92,0.0033022731329392955
3,58.92,-148.75,0.0032458775508475593
3,58.92,-148.08,0.0030765753051445605
3,59.08,-149.08,0.0036897417354251607
3,59.08,-148.92,0.0036362122059855834
3,59.08,-148.08,0.003835553714321051
3,59.25,-149.25,0.004334489489535251
3,59.25,-148.08,0.004482601081997335
3,59.42,-149.42,0.0049982796036021175
3,59.42,-149.25,0.004800705558968237
3,59.42,-148.92,0.00404764962640692
3,59.42,-148.08,0.005039547241842711
3,59.58,-149.42,0.0052863885115562795
3,59.58,-148.92,0.004449868475154312
3,59.58,-148.08,0.0064309363420132866
4,-47.08,-50.42,0.0021877319147157025
4,-41.58,9.58,0.0028583622744320822
4,-40.08,10.58,0.002727560944848263
4,-31.42,43.92,0.001643150851978406
4,-15.42,94.92,0.001707298857500471
4,-13.75,94.92,0.001761858879741448
4,-11.58,94.92,0.0019286017354105168
4,-10.42,94.92,0.001900084923132698
4,-8.42,94.92,0.0018735198328382711
4,-6.75,94.92,0.00183402460281096
4,-4.58,94.75,0.0017858128143307657
4,-3.25,94.25,0.001825014799972301
4,-2.42,93.92,0.0017484915529641864
4,0.42,92.92,0.0017856524044425406
4,1.25,92.08,0.0018314321615747109
4,2.92,91.58,0.001928922922677124
4,4.92,90.42,0.002008824986266667
4,6.42,89.08,0.0019659557007948186
4,7.92,88.08,0.001962764190384812
4,9.42,86.92,0.001872174687676632
4,10.58,87.08,0.0017920516539059249
4,12.58,88.42,0.0015664002362902815
4,14.42,-109.42,0.001968178281268633
4,14.42,89.42,0.0014227380778001092
4,15.42,-110.08,0.0019366202264356968
4,16.42,-107.25,0.0018715546813918584
4,16.58,60.42,0.001868550415470529
4,16.92,89.58,0.0014156423167693917
4,17.08,59.58,0.0019072941122159584
4,17.42,-106.08,0.00189178062206718
4,17.58,58.92,0.0018801346739211967
4,17.75,-103.92,0.0022552388306679343
4,17.92,-110.08,0.0018701831855352468
4,17.92,57.92,0.001917183034316595
4,18.25,57.08,0.004474716896969658
4,18.42,-110.08,0.0018780389001398388
4,18.42,-104.58,0.0029620003396533985
4,18.58,-104.25,0.0033496231302869188
4,19.58,-105.92,0.003892056239115547
4,19.92,-106.25,0.003285060028559459
4,19.92,-106.08,0.004003548810480913
4,20.58,-106.25,0.0033344132547725495
4,20.92,-110.08,0.0017657876622849211
4,22.58,-110.92,0.0018185239785642763
4,27.42,-93.08,0.0017182854396888792
4,27.42,-92.08,0.0017052435163241713
4,27.58,-94.42,0.0017112103710472306
4,27.58,-94.08,0.0017435667009454276
4,27.58,-93.92,0.0017638833430567895
4,27.58,-93.58,0.001765666394007962
4,27.58,-93.42,0.001748817206582805
4,27.58,-93.25,0.001714353432267237
4,27.58,-93.08,0.001694405001393561
4,27.58,-92.08,0.0017174870816559825
4,27.58,-90.58,0.0018662330903001683
4,27.75,-93.08,0.0016794811174926808
4,27.75,-92.75,0.0016955264675458754
4,27.75,-92.58,0.0016817267256121692
4,27.75,-92.42,0.0017092826996874342
4,27.75,-92.08,0.0017423397268919246
4,27.75,-91.92,0.001746732937936574
4,27.75,-90.58,0.001884216107358572
4,27.92,-94.25,0.0017945515269886202
4,27.92,-93.08,0.001681417675077248
4,27.92,-92.08,0.0017385488548038056
4,27.92,-91.42,0.0017323527622398044
4,27.92,-91.25,0.001772795138366298
4,27.92,-91.08,0.0017941085484448763
4,27.92,-90.75,0.001812936284634938
4,27.92,-90.58,0.001850491493884752
4,28.08,-93.08,0.00178261747959056
4,28.08,-92.08,0.0017970190253178242
4,28.08,-90.58,0.0019070637349817737
4,28.25,-94.75,0.0030699257943918234
4,28.25,-93.08,0.001973634663927577
4,28.25,-92.08,0.00200712117418619
4,28.25,-90.58,0.0022745842979386894
4,28.42,-93.08,0.0025563588584842744
4,28.42,-92.08,0.002429407037822391
4,28.42,-91.25,0.004159506509400237
4,28.42,-91.08,0.00439758276316657
4,28.42,-90.92,0.004598694933411568
4,28.42,-90.75,0.0043928759005754745
4,28.42,-90.58,0.004332898935275291
4,28.42,-89.92,0.005632437624857386
4,28.58,-94.08,0.004808800619915684
4,28.58,-93.08,0.004261020369438538
4,28.58,-92.42,0.003704904538662687
4,28.58,-92.25,0.0033934341583734574
4,28.58,-92.08,0.0034565193450022767
4,28.58,-91.92,0.0036847511525335374
4,28.58,-91.75,0.00442171421200871
4,28.58,-91.58,0.0055285507305733745
4,28.58,-91.42,0.006960737866474621
4,28.58,-91.25,0.008527480110998697
4,28.58,-91.08,0.009638275648814752
4,28.58,-90.92,0.00984313517961818
4,28.58,-90.75,0.009232619655693866
4,28.58,-90.58,0.008390164593540465
4,28.58,-90.42,0.0073362726252526045
4,28.58,-90.08,0.006985790636598953
4,28.58,-89.75,0.01103931352489197
4,28.58,-89.58,0.011188094738745756
4,28.75,-94.08,0.0069802825203610225
4,28.75,-93.08,0.006154850226090248
4,28.75,-92.58,0.0047778973578294715
4,28.75,-92.42,0.004571726639518764
4,28.75,-92.25,0.0046918572364514
4,28.75,-92.08,0.004952897562700977
4,28.75,-91.92,0.006116098560976671
4,28.75,-91.58,0.010804234691131029
4,28.75,-90.58,0.010899904371697956
4,28.75,-90.42,0.010442248979972592
4,28.75,-90.08,0.01350300753169429
4,28.75,-89.92,0.017098586839526447
4,28.75,-89.75,0.020095637978624497
4,28.92,-94.08,0.0099875157414032
4,28.92,-93.25,0.008108149578016418
4,28.92,-93.08,0.007026682977926042
4,28.92,-92.58,0.006633069882266668
4,28.92,-92.42,0.0066184709925871735
4,28.92,-92.25,0.007624388189374733
4,28.92,-92.08,0.009168828556091706
4,28.92,-91.92,0.011494929186388184
4,28.92,-91.75,0.014603827259878611
4,28.92,-91.58,0.018250097159240673
4,28.92,-90.75,0.021393414267074706
4,28.92,-90.58,0.01926209324442629
4,28.92,-89.92,0.02267240413200499
4,28.92,-89.75,0.026898977398844576
4,28.92,-89.58,0.03138953975554722
4,29.08,-94.08,0.012557875323317834
4,29.08,-93.08,0.008271619621942292
4,29.08,-92.92,0.008127474156555846
4,29.08,-92.75,0.00890476764666278
4,29.08,-92.58,0.010782670476404368
4,29.08,-92.42,0.013888268703733808
4,29.08,-92.08,0.01989926563214455
4,29.25,-94.08,0.017691288755011202
4,29.25,-93.08,0.011838417722662885
4,29.42,-94.08,0.02246163883802495
4,29.42,-93.08,0.017700132976439017
4,31.08,-79.75,0.0018656695011391568
4,33.42,-118.58,0.0028946744503953784
4,36.25,-72.08,0.002002799490800322
4,37.08,-76.42,0.03854708621899287
4,43.58,-2.08,0.002893216139984442
4,43.58,-1.92,0.003245035097795302
4,43.92,-2.42,0.002813505300723795
4,43.92,-1.92,0.0025894922576149676
4,44.42,-2.42,0.003366356649533359
4,44.42,-1.92,0.0025362665130784596
4,44.75,-2.42,0.00357867317941429
4,44.75,-1.92,0.002577112277851565
4,44.92,-3.08,0.0034175102682367188
4,44.92,-2.08,0.002819375945567918
4,44.92,-1.92,0.002637050093721543
4,44.92,-1.58,0.003202454275590604
4,45.08,-3.58,0.0032847304081321874
4,45.08,-2.58,0.003346235409670913
4,45.08,-2.42,0.0031756197185769898
4,45.08,-2.25,0.0030820003081696913
4,45.08,-2.08,0.0028298796856525673
4,45.08,-1.92,0.002958791394745792
4,45.08,-1.58,0.0037465219406772462
4,45.25,-2.08,0.0029230326650414003
4,45.25,-1.92,0.0029949978456151353
4,45.25,-1.58,0.004770638292599747
4,45.42,-2.92,0.004438094822550888
4,45.42,-2.08,0.003063511530827008
4,45.42,-1.92,0.0033736038977391462
4,45.42,-1.75,0.004463402649957631
4,45.42,-1.42,0.01291851132566026
4,45.58,-3.92,0.003632458974607289
4,45.58,-2.25,0.003400476666778993
4,45.58,-2.08,0.003653869071085729
4,45.58,-1.75,0.0060744421806798055
4,45.58,-1.58,0.012278859555693482
4,45.75,-3.25,0.004389948046543816
4,45.92,-1.75,0.005085091030141755
4,46.08,-2.58,0.003911185606535691
4,46.92,-62.58,0.0028081578847307426
4,47.58,-64.08,0.0035111255259183583
4,49.42,-0.42,0.012389898043014665
4,49.58,-66.08,0.0030705450961032686
4,49.58,-62.08,0.0023085583622256913
4,58.25,-148.25,0.0028280326870700986
4,58.42,-148.42,0.0028478875756263733
4,58.58,-148.58,0.0030145314070326623
4,58.92,-148.92,0.0030756196938455105
4,58.92,-148.75,0.0031441906171697956
4,59.08,-149.08,0.003234332408269506
4,59.25,-149.08,0.003708875932689033
4,59.42,-149.42,0.004163822458028349
4,59.42,-149.25,0.003936098532320292
4,59.42,-149.08,0.003747712353369527
4,59.58,-149.42,0.004446101661618632
4,59.58,-149.08,0.00404094309118618
5,-45.42,38.58,0.0022278078831732273
5,-44.58,-40.58,0.0018248642988475715
5,-43.42,-45.42,0.0017981157169486275
5,-43.08,40.75,0.001998713109981198
5,-41.08,-41.75,0.0017534490572318105
5,-39.92,43.92,0.001682662305236452
5,-39.08,-38.75,0.0016193659184058492
5,-38.75,11.58,0.0019309675398966272
5,-37.92,-37.75,0.0015235853099995116
5,-36.92,43.92,0.0016230420611763397
5,-36.08,-34.92,0.001378610100939021
5,-34.92,-33.75,0.00134154286197257
5,-33.08,-31.08,0.0013271138150115274
5,-31.42,43.92,0.0015648616834461125
5,-30.92,-28.42,0.0013499144365999236
5,-29.58,-27.08,0.001376681306835594
5,-28.25,-25.25,0.0014188384815543608
5,-26.25,-25.08,0.0014128521994003862
5,-24.42,-25.08,0.0015075410173946543
5,-21.75,-25.08,0.0015851464896179924
5,-21.08,-25.08,0.0016128205446691451
5,-16.75,-25.08,0.0017093395345691071
5,-14.08,-25.08,0.0017591259380378111
5,-12.42,-25.08,0.0017460483919145375
5,-10.75,-25.08,0.0017147667446657073
5,-4.58,-25.08,0.0017515494329029624
5,-2.42,-25.08,0.0017175880397811438
5,-0.25,-25.08,0.0017292076733576346
5,7.08,-27.92,0.0017071373917639868
5,11.25,-29.58,0.0014322463903687394
5,14.58,-30.92,0.0015866135613981022
5,18.58,-32.42,0.0017132602872981253
5,22.08,-33.92,0.001885066311393829
5,24.92,133.92,0.0018178538000800564
5,25.92,-97.08,0.01270324407923448
5,25.92,-96.92,0.006225141388647069
5,25.92,-96.75,0.003930162569166079
5,25.92,-96.58,0.0033867904368222136
5,25.92,-96.42,0.0025524418090788433
5,25.92,-96.25,0.0022381094145836142
5,25.92,-96.08,0.002138303908153991
5,26.08,-96.42,0.0026740920184698852
5,26.42,-96.42,0.002577926045507664
5,26.58,-96.58,0.002845919250416322
5,26.75,-96.58,0.002761915673890823
5,26.92,-96.58,0.0027245437281347715
5,26.92,-96.42,0.002541816427926474
5,26.92,-96.25,0.0023223143078304263
5,26.92,-96.08,0.002170238344004684
5,27.08,-97.42,0.012949549368667332
5,27.08,-97.25,0.009174302456122411
5,27.08,-97.08,0.006125353642185277
5,27.08,-96.92,0.0044102416096750315
5,27.08,-96.75,0.003537136723900426
5,27.08,-96.58,0.002957455802095842
5,27.08,-96.42,0.0028016135845144717
5,27.25,-96.25,0.0025336916169411017
5,27.25,-95.75,0.002102765867698796
5,27.42,-96.08,0.0024646382714044067
5,27.42,-95.92,0.002181152460943389
5,27.42,-95.08,0.0020646041500841893
5,27.42,-94.42,0.0019494592657171284
5,27.58,-96.25,0.002814819943454541
5,27.58,-96.08,0.0025882068314129793
5,27.58,-95.92,0.00224040770207685
5,27.58,-95.58,0.0021353280274904792
5,27.58,-95.42,0.0020907187725334796
5,27.58,-95.25,0.002068432338264641
5,27.58,-95.08,0.002058854295659952
5,27.58,-94.92,0.0020491898647816025
5,27.58,-94.75,0.002025675675478068
5,27.58,-94.58,0.0019796615322061543
5,27.58,-94.42,0.001977239540907778
5,27.75,-96.42,0.003501460147738645
5,27.75,-95.25,0.002220308778017665
5,27.75,-94.42,0.0020773227656660956
5,27.92,-96.58,0.007118970028985339
5,27.92,-96.42,0.0051095722644012185
5,27.92,-95.42,0.002403387615657588
5,27.92,-94.25,0.0021410168611291276
5,28.08,-116.08,0.002703309994886476
5,28.08,-95.42,0.002758915832301578
5,28.08,-94.58,0.0023149225633897924
5,28.08,-94.08,0.002179375787772521
5,28.25,-95.58,0.004148505625161755
5,28.25,-95.42,0.0034150772350781326
5,28.25,-94.75,0.00257744736191404
5,28.25,-94.08,0.0023471909572217093
5,28.42,-95.58,0.00665806234767071
5,28.42,-94.75,0.0030423802989711867
5,28.42,-94.08,0.0026207118401233155
5,28.42,-91.25,0.0033673128802800857
5,28.42,-91.08,0.004060409482733547
5,28.42,-90.92,0.0041658584775603556
5,28.42,-90.75,0.004210821564362349
5,28.42,-90.58,0.004204664370516622
5,28.58,-94.92,0.004728852508919714
5,28.58,-92.42,0.0027038434526258253
5,28.58,-92.25,0.0026526547440834628
5,28.58,-92.08,0.002879648546016292
5,28.58,-91.92,0.003195091729830432
5,28.58,-91.75,0.00375029810297574
5,28.58,-91.58,0.004414113320976119
5,28.58,-91.42,0.005021558016467887
5,28.58,-91.08,0.007123755226265403
5,28.58,-90.92,0.007406756337849965
5,28.58,-90.75,0.00792929190328887
5,28.58,-90.58,0.00709197123806122
5,28.58,-90.42,0.006880890038689669
5,28.75,-94.92,0.007481607310827585
5,28.75,-92.42,0.0037162319235385785
5,28.75,-92.25,0.003923867885141244
5,28.75,-92.08,0.004254690610178852
5,28.75,-91.92,0.005533690694012219
5,28.75,-91.42,0.010149605737268173
5,28.75,-90.58,0.00974869335223508
5,28.75,-90.42,0.01100097705103174
5,28.75,-90.25,0.011610353698576742
5,28.92,-94.92,0.012552466779900124
5,28.92,-93.08,0.0061185298328394
5,28.92,-92.58,0.005539208167244362
5,28.92,-92.42,0.006114531953854463
5,28.92,-92.25,0.007272372750235321
5,28.92,-92.08,0.007663109286723635
5,28.92,-91.92,0.009318941882870432
5,28.92,-91.58,0.015018482739695265
5,28.92,-90.58,0.017297834140260385
5,28.92,-90.25,0.017869523738192606
5,28.92,-90.08,0.018339689694274262
5,28.92,-89.92,0.02099559021984003
5,28.92,-89.75,0.02358383848626591
5,28.92,-89.58,0.026847685404310494
5,29.08,-94.92,0.02151455460234156
5,29.08,-94.58,0.014031895872535585
5,29.08,-94.42,0.012561788867946856
5,29.08,-92.58,0.008897345651624889
5,29.08,-92.42,0.012013645718888017
5,29.08,-89.75,0.02689945697784424
5,29.08,-36.92,0.0017413912234898609
5,29.42,145.58,0.0018538525589606191
5,29.92,146.92,0.002041602594913514
5,31.08,-80.42,0.0026684745326874
5,31.08,-79.75,0.0020639755942894124
5,31.08,-32.75,0.0017549711179365463
5,31.08,-32.58,0.0017817472181389038
5,31.42,-120.42,0.002392812157521331
5,31.92,123.92,0.0171120494185605
5,32.58,-117.58,0.002825491277713187
5,33.42,-118.58,0.0029138904226991007
5,33.92,147.58,0.002456765061928124
5,33.92,151.92,0.0025485808094609765
5,35.58,-22.92,0.0020583822388980017
5,37.92,146.92,0.003411096905334558
5,38.58,-20.08,0.002394396029235913
5,41.92,-18.92,0.002930563131842432
5,43.58,-2.08,0.0031652414251731923
5,43.58,-1.92,0.0038875884198159264
5,43.92,-2.42,0.003316865868489199
5,43.92,-1.92,0.0033376358473036862
5,44.42,-2.42,0.0031268552912375597
5,44.42,-1.92,0.0036820135465410503
5,44.42,37.58,0.009676851482302146
5,44.75,-2.42,0.003612635910652483
5,44.75,-1.92,0.0039053837860097422
5,44.92,-3.08,0.0031808426521152634
5,44.92,-2.08,0.004016908050715169
5,44.92,-1.92,0.004007730848167705
5,45.08,-3.42,0.0033875093176442233
5,45.08,-2.58,0.003866944957194449
5,45.08,-2.25,0.0037712012962850777
5,45.08,-2.08,0.003841635349642815
5,45.08,-1.92,0.003746644294632104
5,45.08,-1.58,0.004203310993771198
5,45.25,-2.08,0.0039067474618271186
5,45.25,-1.75,0.004251679010642103
5,45.25,-1.58,0.0048802764806307
5,45.42,-2.92,0.004522931272800588
5,45.42,-2.08,0.004080220302448997
5,45.42,-1.92,0.004380272953370233
5,45.42,-1.42,0.009789465897115348
5,45.58,-3.92,0.003802617453333415
5,45.58,-2.25,0.004291480793205055
5,45.58,-2.08,0.004320452343436736
5,45.58,-1.75,0.005399323668319119
5,45.58,-1.58,0.009321332988741843
5,45.92,-4.25,0.0040375461751783765
5,45.92,-1.75,0.00440576348359449
5,46.08,-18.08,0.0032605499256095744
5,46.08,-17.92,0.003236383260109851
5,46.08,-4.58,0.003708110612380919
5,46.08,-3.58,0.005499546507467763
5,46.08,-2.42,0.0036060166887090174
5,46.25,-18.08,0.003395335916783425
5,46.25,-17.92,0.003401210742318838
5,46.25,-17.42,0.003302046697574986
5,46.25,-3.08,0.004096939688241935
5,46.42,-18.08,0.0035364269249471307
5,46.42,-5.08,0.004578986109375859
5,46.42,-3.92,0.004642208646157686
5,46.58,-18.58,0.003525547285363833
5,46.58,-5.08,0.00455063693755884
5,46.58,-4.92,0.005121440743096173
5,46.58,-3.42,0.0037552624590152617
5,46.75,-4.42,0.005141937428837807
5,46.75,-3.58,0.003678859563697648
5,46.92,-62.58,0.0016528743413524538
5,46.92,-5.75,0.0039339122551057155
5,46.92,-4.92,0.006101079952690892
5,46.92,-4.25,0.004398421746902639
5,46.92,-2.75,0.004088242408595508
5,47.08,-6.08,0.003956921725781469
5,47.08,-5.42,0.00527365647014702
5,47.08,-3.92,0.00387726880792717
5,47.08,-2.92,0.004164170688961314
5,47.25,-6.58,0.0034674776723914885
5,47.25,-4.42,0.004139413292331126
5,47.42,-7.42,0.0035724196497563133
5,47.42,-4.92,0.005072662266431069
5,47.42,-4.08,0.003666296247628671
5,47.58,-5.75,0.005054059915857602
5,47.92,-6.42,0.005386958113883304
5,48.08,-7.08,0.0071675355731851504
5,48.42,-126.92,0.0025913391948995898
5,48.92,-130.92,0.002329816113379371
5,48.92,-16.58,0.0031966944254604697
5,49.08,-138.92,0.002673684178757234
5,49.25,-59.92,0.0016582540834699816
5,49.42,-138.92,0.00264543323052599
5,49.58,-0.42,0.005676549411367012
5,49.58,-0.25,0.0061783320948340095
5,49.92,-145.08,0.0031325684542048583
5,49.92,-134.92,0.0025788814454233344
5,55.08,3.08,0.005957688582188721
5,55.25,2.58,0.004926791992274266
5,55.42,2.75,0.003954017736736827
5,55.42,3.08,0.004093682313856634
5,55.92,2.42,0.0025598774796729033
5,56.58,2.25,0.0027083426660893463
5,56.92,1.92,0.0027730578838116664
5,57.42,1.25,0.0029529629214784673
5,57.42,1.75,0.002803466075742499
5,57.58,-147.58,0.003557652062618563
5,57.92,-147.92,0.003744565750637292
5,57.92,1.25,0.003031222396559683
5,58.08,-148.08,0.003531793797023217
5,58.25,-148.25,0.0032685381460557635
5,58.25,0.58,0.003048311003861077
5,58.42,-148.42,0.003379357678084811
5,58.42,0.92,0.0031132002573318876
5,58.42,1.25,0.002899555723725146
5,58.58,-148.58,0.0033831633303220135
5,58.58,-148.42,0.0034533110314602907
5,58.75,0.58,0.0030296401458179364
5,58.92,-148.92,0.0035563375509072895
5,58.92,-148.75,0.003481174054366973
5,59.08,-149.08,0.0033876596245608188
5,59.08,-148.92,0.003561615354464024
5,59.08,-147.25,0.0038778099210791386
5,59.08,-0.08,0.0029639966581075723
5,59.08,0.25,0.0030862698729350406
5,59.25,-149.08,0.0033528405445026636
5,59.25,-147.25,0.003946537672117636
5,59.25,0.58,0.002849576838573889
5,59.42,-149.42,0.0037633572333739904
5,59.42,-149.25,0.0036409456751462592
5,59.42,-147.25,0.004111427336318206
5,59.58,-149.42,0.004071753326202212
5,59.58,-0.08,0.002905011445260312
5,60.08,0.42,0.002450259882054893
5,60.25,-0.08,0.0025183244164785536
5,60.58,0.25,0.0025557424744909415
5,60.75,0.92,0.0024244344264233507
5,60.92,0.25,0.0028077519080259754
5,60.92,0.58,0.0031545043265729955
5,64.92,-169.25,0.007639075296797923
5,65.58,-168.92,0.006799610086350835
5,65.58,-168.75,0.0068389957434394294
5,65.58,-168.58,0.006654346107759259
5,67.42,-169.08,0.0077032323807795
5,70.42,-167.58,0.0055530132570614415
5,70.42,-167.42,0.006438849513263752
5,71.08,-162.25,0.008001668174983934
5,71.42,-166.08,0.0066531290067359805
5,71.75,-166.42,0.006076670717447996
5,71.92,-159.75,0.0068000039318576455
5,72.08,-159.92,0.007897503674030304
6,-36.42,13.08,0.0015601241358949448
6,8.42,-30.25,0.001624505332161096
6,12.08,-32.42,0.0014896199957417724
6,14.25,-33.75,0.0013832050185772543
6,17.92,-35.92,0.001661245215343245
6,19.92,159.92,0.0016106042936111667
6,23.92,136.92,0.001618223997606297
6,24.08,140.08,0.0016158002184792643
6,27.75,-93.58,0.0020334291967585507
6,27.92,-155.08,0.0017238030711831968
6,27.92,-93.92,0.0020271568625633207
6,27.92,-93.42,0.002024040289966034
6,28.08,-93.92,0.0020818170811426604
6,28.08,-93.08,0.002025879574440686
6,28.25,-93.92,0.0021735048129422857
6,28.42,-94.08,0.0023403106079924675
6,28.42,-92.75,0.002303630081726061
6,28.42,-91.08,0.003693468491768553
6,28.42,-90.92,0.004158922214715165
6,28.42,-90.58,0.004557785573914381
6,28.58,-94.42,0.003051506214043392
6,28.58,-94.08,0.002720709303892882
6,28.58,-93.92,0.002624563206197871
6,28.58,-92.58,0.002586440885871915
6,28.58,-91.58,0.004006407790473618
6,28.58,-91.42,0.004612414712374587
6,28.58,-91.08,0.006680095742922276
6,28.58,-90.92,0.008005237459049871
6,28.58,-90.75,0.008592099652603446
6,28.58,-90.58,0.008735195334468569
6,28.58,-90.42,0.007419466975122867
6,28.58,-90.08,0.007229781609826854
6,28.58,-89.75,0.008912477683874645
6,28.58,-89.58,0.009132722048975882
6,28.75,-94.42,0.003773290453301299
6,28.75,-94.25,0.003603998326330578
6,28.75,-92.42,0.003553151380315068
6,28.75,-92.08,0.004060101141000078
6,28.75,-91.92,0.0047212480096190815
6,28.75,-90.58,0.01150883327326959
6,28.75,-90.42,0.011074696448520712
6,28.75,-89.92,0.013442586422787004
6,28.75,-89.75,0.015528866441898223
6,28.92,-94.58,0.005926888918371073
6,28.92,-93.75,0.004359510502711471
6,28.92,-93.58,0.00452845017813767
6,28.92,-92.75,0.004109067297706913
6,28.92,-92.08,0.006727568414394877
6,28.92,-91.75,0.010167062418380132
6,28.92,-91.58,0.01286407750532297
6,28.92,-90.58,0.018803650502204183
6,28.92,-89.92,0.018572715008520476
6,28.92,-89.75,0.02188485877732525
6,28.92,-89.58,0.025362925199303953
6,29.08,-94.58,0.00873786343228338
6,29.08,-93.92,0.006257625842755217
6,29.08,-93.25,0.005486304453197157
6,29.08,-89.75,0.024793494237764252
6,30.92,-155.08,0.0017046047793146933
6,33.42,-118.58,0.0030544407837580713
6,34.92,159.92,0.0029020964326004367
6,41.92,-10.42,0.0023020973215655736
6,41.92,-9.92,0.002331874115736268
6,41.92,-9.58,0.0023010754902359275
6,41.92,-9.42,0.002377404878470337
6,41.92,-9.25,0.0023640963384726397
6,41.92,-9.08,0.0022666558534616514
6,42.08,-9.42,0.0024018096224781836
6,42.08,-9.25,0.002437111206485757
6,42.42,-9.42,0.0025242451617183783
6,42.58,-10.42,0.0021167451521337385
6,42.58,-9.92,0.002367558653488578
6,42.58,-9.58,0.002531507037236311
6,42.58,-9.42,0.0025932282747124277
6,42.75,-61.92,0.0032396326562212337
6,42.92,-10.42,0.0021769815953337542
6,42.92,-9.92,0.00242828085902147
6,42.92,-9.58,0.0026303959311917424
6,43.58,-62.92,0.00296101372389655
6,44.42,-19.58,0.003037420482585384
6,44.92,-2.58,0.0028290430172568277
6,44.92,-2.42,0.002977527202650284
6,44.92,-2.08,0.0034207704323177624
6,44.92,-1.92,0.003616799678032597
6,44.92,-1.58,0.003867067529686859
6,45.08,-2.42,0.0031675623544114863
6,45.08,-2.08,0.0037251312044515672
6,45.08,-1.58,0.004346559568408078
6,45.25,-1.92,0.0043115447070227846
6,45.25,-1.58,0.005243763923534148
6,45.42,-2.08,0.004141149826214782
6,45.42,-1.92,0.004597350259289323
6,45.42,-1.75,0.005237756940048365
6,45.42,-1.58,0.006423629914587807
6,45.42,-1.42,0.008589616984993751
6,45.58,-2.25,0.003810474592249929
6,45.58,-2.08,0.004128203440424321
6,45.58,-1.75,0.005627730947231785
6,45.92,-4.25,0.0024881786708387415
6,46.08,-4.58,0.0024085854155211045
6,46.42,-3.92,0.002916363176024918
6,46.58,-3.42,0.003098426674980493
6,46.75,-5.42,0.0026714574473555245
6,46.75,-3.58,0.0030861598372991595
6,46.92,-62.58,0.0022059872176864053
6,46.92,-14.08,0.0029012346924338047
6,46.92,-2.75,0.004736771516036242
6,47.08,-2.92,0.004552098271060025
6,47.42,159.92,0.004116320633329451
6,47.58,-64.08,0.002754391473163629
6,47.58,-60.08,0.001941306911508686
6,49.58,-66.08,0.0023385699266024553
6,49.58,-62.08,0.0016315913983687227
6,70.92,-159.58,0.008090513187926262
6,71.25,-158.25,0.0068820792724951525
6,71.25,-157.75,0.007668186811281851
6,71.25,-154.42,0.008636253952447857
6,71.42,-156.25,0.013297374569008062
6,71.42,-155.92,0.01647589262574911
6,71.42,-154.75,0.010064587203992736
6,71.42,-154.08,0.009273753895495947
6,71.58,-156.42,0.007935579825083123
6,71.58,-155.92,0.01084836697139378
6,71.58,-154.92,0.012258638110425737
6,71.58,-154.75,0.011980739148224102
6,71.58,-154.58,0.011232608143473044
6,71.58,-154.42,0.010597428010607307
6,71.75,-155.08,0.008509587263688445
6,71.75,-154.92,0.008488561492413282
6,71.92,-154.75,0.005778910301160067
6,71.92,-154.58,0.0057208371969560785
6,72.08,-154.58,0.003947920786837737
6,72.42,-157.58,0.0039768790593370795
6,72.42,-154.58,0.004243754083290696
6,72.75,-158.42,0.004442503675818443
6,72.92,-157.92,0.005059587303549051
7,-48.08,29.92,0.0016611256446811323
7,-44.58,21.58,0.0013583002459116
7,-43.08,29.92,0.001533406639943926
7,-42.75,170.75,0.01164241592910416
7,-42.08,21.08,0.0016752074279793303
7,-41.58,171.42,0.005661932866959515
7,-41.42,171.08,0.0015917039004720705
7,-41.42,171.25,0.0018894836422318228
7,-41.25,170.92,0.0015139509811309506
7,-41.08,170.58,0.0012535542889302385
7,-36.58,18.92,0.0017245306060596538
7,-18.75,162.92,0.0015419738020599734
7,19.92,115.08,0.001889589705652642
7,20.92,119.92,0.0019997799324549055
7,22.58,-158.08,0.0017933563609734515
7,27.58,-94.08,0.0021110421962062405
7,27.58,-93.92,0.002086859560222365
7,27.58,-93.58,0.0020787357312986965
7,27.58,-93.42,0.0020743682676270096
7,27.58,-93.25,0.002091798113807189
7,27.58,-93.08,0.0020722637815527955
7,27.58,-92.08,0.002079039964221672
7,27.75,-94.08,0.0021183516205796464
7,27.75,-93.08,0.0020710074617950754
7,27.75,-92.75,0.0020745779501422394
7,27.75,-92.58,0.0020768980188718574
7,27.75,-92.42,0.0021169027472338216
7,27.75,-92.08,0.0021451020981079305
7,27.75,-91.92,0.002134289518422024
7,27.75,-91.58,0.0021634942571505567
7,27.75,-90.58,0.0023762876212872056
7,27.92,-96.08,0.002820150851303796
7,27.92,-95.92,0.0027141254950865086
7,27.92,-95.58,0.0024482711027799683
7,27.92,-94.08,0.0021529870374996044
7,27.92,-93.08,0.002125367704800076
7,27.92,-92.08,0.002242333624797704
7,27.92,-91.42,0.002248351041502742
7,27.92,-91.25,0.002240516371040774
7,27.92,-91.08,0.0022940115291434763
7,27.92,-90.75,0.002317478168565272
7,27.92,-90.58,0.0024610735444267366
7,28.08,-95.08,0.0023290097597055137
7,28.08,-94.92,0.0023149605364200065
7,28.08,-94.58,0.0023315156828506256
7,28.08,-94.42,0.002306273498106748
7,28.08,-93.08,0.002216063515251418
7,28.08,-92.08,0.002372447716135701
7,28.08,-91.08,0.002483905450472693
7,28.08,-90.92,0.002554388269014783
7,28.08,-90.58,0.002579671276511032
7,28.25,-94.75,0.002546027452229861
7,28.25,-94.25,0.002437286276042207
7,28.25,-94.08,0.0023859647719126024
7,28.25,-93.75,0.0023421412783632563
7,28.25,-93.58,0.0023345247516937725
7,28.25,-93.42,0.00230783552846829
7,28.25,-93.08,0.0023333752879724752
7,28.25,-92.92,0.002357003857138228
7,28.25,-92.08,0.00258302726036742
7,28.25,-91.58,0.002646798414802602
7,28.25,-91.25,0.002732919359749014
7,28.25,-90.58,0.0035403592998839236
7,28.42,-93.08,0.002675059919552454
7,28.42,-92.58,0.002850023016270081
7,28.42,-92.42,0.0028903883741639384
7,28.42,-92.25,0.003009825694872151
7,28.42,-92.08,0.003081960726624609
7,28.42,-91.75,0.0030124115649166265
7,28.42,-91.58,0.00304025705025362
7,28.42,-91.25,0.003397608890240504
7,28.42,-91.08,0.0038728017441991888
7,28.42,-90.92,0.004462301049815406
7,28.42,-90.75,0.004615798554203304
7,28.42,-90.58,0.005104231863780032
7,28.58,-93.08,0.0032621063146507367
7,28.58,-92.42,0.003337652372217483
7,28.58,-92.25,0.003290347502281127
7,28.58,-92.08,0.0033759601263392888
7,28.58,-91.92,0.003342601090976545
7,28.58,-91.75,0.003941767478615723
7,28.58,-91.58,0.004756720694289966
7,28.58,-91.42,0.004858561100925065
7,28.58,-91.08,0.006588372528891672
7,28.58,-90.92,0.007473846638194201
7,28.58,-90.75,0.007799364951841364
7,28.58,-90.58,0.007141499358112924
7,28.75,-93.58,0.003340408534065566
7,28.75,-93.08,0.0033081647019240668
7,28.75,-92.92,0.0033985737033865667
7,28.75,-92.58,0.003937870945347558
7,28.75,-92.42,0.0038067227631638
7,28.75,-92.25,0.004214187311431901
7,28.75,-92.08,0.004494354187045246
7,28.75,-91.92,0.00465412664396519
7,28.75,-91.58,0.006918093522968279
7,28.75,-90.58,0.010869391171251084
7,28.92,-93.92,0.0042738299658098685
7,28.92,-93.58,0.00393349627583203
7,28.92,-93.42,0.00398238091359169
7,28.92,-93.25,0.00398764165583998
7,28.92,-93.08,0.003906901513056999
7,28.92,-92.92,0.003879049149955707
7,28.92,-92.75,0.003931296790886501
7,28.92,-92.58,0.004237661365715956
7,28.92,-92.42,0.005193824652286077
7,28.92,-92.25,0.005996773842277683
7,28.92,-92.08,0.006364614768906243
7,28.92,-91.92,0.007149139826651663
7,28.92,-91.75,0.008869999302656983
7,28.92,-91.58,0.01223023394281468
7,28.92,-90.58,0.018134032820605415
7,28.92,-90.25,0.014885170743747783
7,28.92,-90.08,0.01456019507498819
7,29.08,-93.92,0.005325613546037031
7,29.08,-93.58,0.005009836699834771
7,29.08,-93.42,0.004791604421122677
7,29.08,-93.25,0.004915838738353076
7,29.08,-93.08,0.004495517377191308
7,29.08,-92.92,0.004663450238612396
7,29.08,-92.75,0.004864897049794143
7,29.08,-92.58,0.005340653117111122
7,29.08,-92.42,0.007873198864134874
7,29.08,-92.08,0.013852309192192148
7,29.25,-93.75,0.008833100487456912
7,29.25,-93.58,0.008515884398630906
7,29.25,-93.42,0.007767576610521329
7,29.25,-93.25,0.007276176146908917
7,29.25,-93.08,0.0067243257389319215
7,29.25,-92.92,0.0062492043917617675
7,29.25,-92.75,0.0068355723686346955
7,29.42,-93.75,0.014825221603545784
7,29.42,-93.58,0.014128775513117116
7,29.42,-93.42,0.0126635083314878
7,29.42,-93.25,0.012236304753142494
7,29.42,-93.08,0.01118962930790572
7,29.42,-92.92,0.010735998170937157
7,29.58,-93.58,0.022896057793828237
7,29.58,-93.42,0.021497567829845306
7,31.08,-80.92,0.004597302785524252
7,31.08,-80.58,0.0032198051922023296
7,31.08,-79.75,0.0020620448035928844
7,31.25,-81.08,0.008591156836535612
7,31.25,-80.92,0.005194133941338144
7,31.42,-81.25,0.02926921968658765
7,31.42,-80.92,0.006202738340520723
7,31.42,-80.58,0.0036544050672091544
7,33.42,-118.58,0.0024320495391624386
7,37.08,-76.42,0.03919666943450769
7,38.58,-73.08,0.002475320131369782
7,42.58,-10.42,0.0021313724481098525
7,42.58,-9.92,0.0024436593666905537
7,42.92,-10.42,0.002133763548706404
7,42.92,-9.92,0.0024619358935689725
7,42.92,-9.58,0.0027589245133144273
7,43.75,-125.08,0.004091822195649994
7,43.92,-125.42,0.003252955613954162
7,43.92,-124.58,0.006236601517726244
7,44.08,-126.08,0.002642644237229516
7,44.08,-125.42,0.0035581110516266726
7,44.25,-125.08,0.004865621477206746
7,44.42,-125.42,0.004006608231892725
7,44.42,37.75,0.007227446493189568
7,44.58,-124.42,0.007273564519974488
7,44.92,-125.42,0.003411038609390909
7,44.92,-2.08,0.002350946285084567
7,44.92,-1.92,0.002413514972431585
7,45.08,-2.08,0.002384947250406681
7,45.08,-1.58,0.002970382843738083
7,45.25,-1.92,0.002574686835445887
7,45.25,-1.58,0.003182906538396227
7,45.42,-2.08,0.0024583421420009636
7,45.42,-1.92,0.002632362012677318
7,45.42,-1.75,0.00305186723628801
7,45.58,-2.25,0.0023029704408889465
7,45.58,-2.08,0.0023302787012653425
7,45.75,-1.75,0.002896751213649457
7,46.58,-125.25,0.003241957161332142
7,46.58,-124.58,0.008323128896088085
7,46.92,-62.58,0.0030040499656355346
7,47.58,-64.08,0.003062167899439704
7,47.58,-60.08,0.0039691423960241745
7,49.25,-59.92,0.0036808653147256177
7,49.58,-66.08,0.0033989402978808025
7,49.58,-0.25,0.007693323015701026
7,53.42,0.08,0.026684618913210355
7,53.42,0.25,0.02293306575082834
7,57.92,-147.92,0.0044484746626535935
7,58.08,-148.08,0.0045821051197973165
7,58.25,-148.25,0.004754794203274121
7,58.42,-148.42,0.004625974352662029
7,58.58,-148.58,0.004408914275700226
7,58.92,-148.92,0.004416557946983216
7,58.92,-148.75,0.004575559234415943
7,59.08,-149.08,0.00430360132436776
7,59.08,-148.92,0.004389203619211912
7,59.08,-147.25,0.004794101738794284
7,59.25,-149.08,0.004124028325102038
7,59.25,-148.08,0.004383942400719124
7,59.25,-147.25,0.004529378054113212
7,59.42,-149.42,0.003919914745810357
7,59.42,-149.25,0.0038910946327219294
7,59.42,-149.08,0.003965188349618323
7,59.42,-148.42,0.00428248810137368
7,59.42,-148.08,0.004360115671509199
7,59.42,-147.25,0.004543487517036159
7,59.58,-149.08,0.003949174022471363
7,59.58,-148.42,0.004447979405416514
7,59.58,-148.25,0.004435746434451589
7,59.58,-148.08,0.004527260037403638
7,59.58,-147.25,0.004626195610564371
7,59.75,-147.25,0.005619783369845457
7,59.92,-147.25,0.007438993522373494
7,59.92,-146.92,0.004883703799516132
7,65.42,-168.58,0.0052785146452317185
7,65.58,-168.92,0.005612085740060799
7,65.58,-168.75,0.005242506158538163
7,65.58,-168.58,0.005030614678451622
7,67.42,-169.08,0.005840237020906484
7,68.08,-167.75,0.003901984386505898
7,68.42,-167.58,0.004431219686838714
7,68.92,-166.92,0.004508896484780548
7,69.08,-167.75,0.0034480553830772724
7,69.08,-167.42,0.0038175750550263647
7,69.25,-168.25,0.003095657607032494
7,69.42,-168.58,0.002798722908086017
7,69.58,-169.08,0.0026688708858273458
7,69.92,-164.58,0.003334603502532874
7,70.42,-163.25,0.003506352379650477
7,70.42,-149.42,0.030521988291698304
7,70.58,-161.08,0.0050177740770214726
7,70.58,-160.92,0.005673251064893391
7,70.58,-151.42,0.030143718774381437
7,70.58,-149.42,0.02447583610518721
7,70.75,-161.92,0.003337776484753353
7,70.75,-159.92,0.007691670045633579
7,70.92,-162.58,0.0032480313830207325
7,70.92,-162.42,0.003318728973681573
7,70.92,-160.08,0.003817662413764213
7,70.92,-159.75,0.00449192594524105
7,70.92,-159.58,0.005405260347470175
7,70.92,-159.42,0.006200132169163762
7,71.08,-163.08,0.003526399806807084
7,71.08,-159.92,0.004020200028354602
7,71.08,-159.75,0.003957083879504353
7,71.08,-158.08,0.007195578947042426
7,71.08,-157.92,0.007776712793489232
7,71.08,-152.58,0.018068734039035108
7,71.08,-152.42,0.017174679092648956
7,71.25,-163.42,0.003892115329822096
7,71.25,-160.08,0.0038282698443667454
7,71.25,-158.25,0.004559630644507706
7,71.25,-158.08,0.004875202002976813
7,71.25,-157.92,0.005047134067298788
7,71.25,-157.75,0.005285604280204727
7,71.25,-157.08,0.008964330801595147
7,71.25,-152.42,0.0096121507476231
7,71.42,-163.58,0.004067526415383327
7,71.42,-158.42,0.0040057039922640585
7,71.42,-157.08,0.0066498022759333255
7,71.42,-156.92,0.0077190817594810415
7,71.42,-156.25,0.020706107269342935
7,71.42,-156.08,0.01989546347684948
7,71.42,-155.92,0.01940172110418124
7,71.42,-155.25,0.017769641927980747
7,71.42,-155.08,0.015930864722372925
7,71.42,-154.58,0.012346997049314029
7,71.42,-152.58,0.007919235195596378
7,71.42,-152.42,0.007801962775041963
7,71.42,-152.25,0.007715670667080717
7,71.58,-163.25,0.004373685639123169
7,71.58,-162.92,0.004252906682250916
7,71.58,-158.58,0.0041096268250839785
7,71.58,-157.25,0.00591893618147136
7,71.58,-156.25,0.008790001032295925
7,71.58,-156.08,0.010404571421414372
7,71.58,-155.75,0.012027646060398018
7,71.58,-155.58,0.012743461205480764
7,71.58,-155.42,0.01382861634413006
7,71.58,-155.08,0.013132439359457643
7,71.58,-154.42,0.009788786863630756
7,71.58,-152.08,0.005132255141183527
7,71.75,-155.92,0.007338753884083572
7,71.75,-155.08,0.010722898944988155
7,71.75,-154.42,0.010555498833260075
7,71.75,-154.25,0.010061628855678632
7,71.75,-152.08,0.0042508194489138465
7,71.75,-151.92,0.003914296912791377
7,71.92,-162.58,0.0047945413104397185
7,71.92,-162.42,0.004782912465050183
7,71.92,-158.58,0.003934287274855056
7,71.92,-158.42,0.003972261875438003
7,71.92,-154.92,0.008245326501832522
7,71.92,-154.42,0.00756106144884446
7,71.92,-154.25,0.007691894914498743
7,71.92,-154.08,0.007168721413066567
7,71.92,-151.92,0.003286031242977414
7,72.08,-162.08,0.0049033860126113955
7,72.08,-158.25,0.00428918808271798
7,72.08,-154.42,0.005342972218169875
7,72.08,-154.08,0.0054345280897417445
7,72.08,-152.08,0.003297916769264014
7,72.08,-151.75,0.003346805494012578
7,72.25,-161.92,0.004430475677104874
7,72.25,-158.08,0.003930123665580346
7,72.25,-153.92,0.004661418645211109
7,72.25,-151.58,0.0029753323319847837
7,72.42,-161.58,0.004373488307464868
7,72.42,-158.08,0.0041374301986901885
7,72.42,-157.92,0.004280391982040153
7,72.42,-153.92,0.0040464431574372085
7,72.42,-153.42,0.0037824267620277224
7,72.42,-151.58,0.003189469090042015
7,72.58,-161.42,0.0040609088299485546
7,72.58,-161.08,0.00419362967893962
7,72.58,-157.75,0.004240609627837936
7,72.58,-157.58,0.0042712198254386225
7,72.58,-153.08,0.0031364049385141195
7,72.58,-152.75,0.002893105903812857
7,72.58,-151.92,0.003045554622076452
7,72.75,-160.92,0.0039563331735768805
7,72.75,-157.42,0.004431063701674618
7,72.92,-160.92,0.003970250654965639
7,72.92,-160.75,0.0037120030998873217
7,72.92,-160.58,0.0034876775636803357
7,72.92,-157.42,0.003165041664033197
7,72.92,-157.08,0.003096649912185967
7,72.92,-152.42,0.0026069815857740846
7,73.08,-160.58,0.0033590144652407617
7,73.08,-160.42,0.003449493646621704
7,73.08,-160.25,0.003650433320382779
7,73.08,-160.08,0.003689907777394789
7,73.08,-157.08,0.0025820769975932003
7,73.08,-156.92,0.002805425248959142
7,73.25,-160.08,0.003212998383043503
7,73.42,-159.92,0.0028563054352575405
7,73.42,-159.75,0.00279514855217366
7,73.42,-156.75,0.0024107087738229893
7,73.42,-156.58,0.0023251151869772
7,73.58,-159.58,0.0029015144876514873
7,73.58,-159.42,0.002772881067357958
7,73.58,-156.75,0.002411868405313446
7,73.75,-159.25,0.0028993065144667135
7,73.75,-157.92,0.002718354086391628
7,73.75,-157.25,0.0026385854455708924
7,73.92,-158.92,0.002954659100699549
7,73.92,-158.42,0.0024449725010940297
8,-56.08,-0.08,0.0021748177583932
8,17.92,57.92,0.004752926000616175
8,18.42,57.08,0.007555015985748138
8,22.58,-158.25,0.0018166060472140089
8,22.58,-158.08,0.001836312883163125
8,25.92,-97.08,0.010530817285391757
8,25.92,-96.92,0.003854644207008691
8,25.92,-96.75,0.002542314692453312
8,25.92,-96.58,0.002221557104018178
8,25.92,-96.42,0.002135600671119226
8,26.08,-96.75,0.0026285239146091044
8,26.08,-96.42,0.00217568351813084
8,26.25,-96.92,0.003886566542364149
8,26.42,-96.92,0.0033298989503898406
8,26.42,-96.42,0.0022110931035554545
8,26.58,-97.08,0.004905931990255009
8,26.58,-96.58,0.002260671092451296
8,26.75,-96.58,0.0021908965983047065
8,26.92,-97.08,0.003961902680616317
8,26.92,-96.58,0.0021823467408963056
8,26.92,-96.42,0.00215288128873164
8,27.08,-97.42,0.011002595303580163
8,27.08,-97.25,0.0076580579043366015
8,27.08,-97.08,0.003819276028397409
8,27.08,-96.92,0.0025721252922349695
8,27.08,-96.75,0.00221254194912035
8,27.08,-96.58,0.002172499340800145
8,27.08,-96.42,0.002164524392521178
8,27.25,-96.92,0.0028182710997167637
8,27.25,-96.25,0.0022143778756303204
8,27.42,-96.92,0.0034795376837295903
8,27.42,-96.08,0.002223995545963672
8,27.42,-95.92,0.0022045495292827995
8,27.58,-96.58,0.002578727424737405
8,27.58,-96.25,0.00224518021621572
8,27.58,-96.08,0.0022005201674553314
8,27.58,-95.92,0.002197092138389549
8,27.58,-95.58,0.002113793847622054
8,27.58,-95.42,0.00212700689999937
8,27.58,-95.25,0.0021552692328854887
8,27.58,-95.08,0.0021506788034457713
8,27.58,-94.92,0.0021469595707127487
8,27.58,-94.75,0.0021595874118661
8,27.58,-94.58,0.002109638383527371
8,27.58,-94.42,0.0021440268160817636
8,27.58,-94.08,0.0021126603294925935
8,27.58,-93.92,0.002119973627321253
8,27.58,-93.75,0.0021456006573068657
8,27.58,-93.58,0.002147072251483967
8,27.75,-96.42,0.0026076319058616223
8,27.75,-95.25,0.002146842763812112
8,27.75,-94.58,0.0021279041684465483
8,27.75,-94.42,0.00216917648900893
8,27.75,-93.92,0.0021594495814166626
8,27.75,-93.75,0.0022083658166758887
8,27.75,-93.58,0.0022547767849490892
8,27.92,-155.08,0.0017815754637757147
8,27.92,-96.58,0.005425025743368844
8,27.92,-96.42,0.0035377032922538506
8,27.92,-95.42,0.0023241108561209826
8,27.92,-94.58,0.002168531544157304
8,27.92,-94.25,0.0021891375971873376
8,27.92,-93.92,0.0022167559641688554
8,27.92,-93.75,0.0022100230178859256
8,27.92,-93.58,0.002244846486560577
8,28.08,-95.42,0.0026127247216539795
8,28.08,-94.58,0.0023076887432993813
8,28.08,-94.08,0.002310627179791812
8,28.25,-95.42,0.003156551571340639
8,28.25,-94.75,0.002418879567730156
8,28.25,-94.08,0.0023585362545087596
8,28.42,-95.58,0.006156218164092438
8,28.42,-94.75,0.002633342148990116
8,28.42,-94.08,0.0025048004727895286
8,28.42,-91.25,0.003630970991004935
8,28.42,-91.08,0.004069910702210936
8,28.42,-90.92,0.004252852872014046
8,28.42,-90.75,0.0046356457222083754
8,28.42,-90.58,0.0044978476626883175
8,28.42,-89.92,0.003559736544213427
8,28.58,-95.58,0.01120634533595521
8,28.58,-94.92,0.0035800040350295603
8,28.58,-94.08,0.003051107281035828
8,28.58,-92.42,0.0028406243284486913
8,28.58,-92.25,0.0028552810492163353
8,28.58,-92.08,0.0029426591222132133
8,28.58,-91.92,0.003117364400002936
8,28.58,-91.58,0.003545760452239351
8,28.58,-91.42,0.004116325051820075
8,28.58,-91.25,0.005856017240809954
8,28.58,-91.08,0.006765591094418513
8,28.58,-90.92,0.007366682291665877
8,28.58,-90.75,0.007093263390495188
8,28.58,-90.58,0.006413113683017648
8,28.58,-90.42,0.00572753047560003
8,28.58,-89.75,0.005469601021931422
8,28.58,-89.58,0.005499734105383554
8,28.75,-94.92,0.005587176108912734
8,28.75,-94.08,0.004072191542945802
8,28.75,-92.58,0.003198045594300228
8,28.75,-92.42,0.003186815604832108
8,28.75,-92.25,0.0034077682648785412
8,28.75,-92.08,0.003671180239920928
8,28.75,-91.92,0.003851430801494809
8,28.75,-91.75,0.004077489794739945
8,28.75,-91.58,0.0051039054815191776
8,28.75,-91.42,0.007145614770706743
8,28.75,-90.58,0.008540571720170026
8,28.75,-90.42,0.008183541062118655
8,28.75,-89.92,0.006911600331394849
8,28.75,-89.75,0.007433821211717176
8,28.92,-94.92,0.009527866646583954
8,28.92,-94.08,0.006268928200535645
8,28.92,-93.92,0.005500783217774535
8,28.92,-93.58,0.004809629994931377
8,28.92,-93.42,0.004475815229604698
8,28.92,-93.25,0.00412465907654471
8,28.92,-92.92,0.003792041928549721
8,28.92,-92.75,0.003764872437882745
8,28.92,-92.58,0.003808609647835097
8,28.92,-92.42,0.003968064028991979
8,28.92,-92.25,0.004537746312879873
8,28.92,-92.08,0.005662536066004329
8,28.92,-91.92,0.006427780653625218
8,28.92,-91.58,0.010856037475274536
8,28.92,-90.75,0.02039887437025424
8,28.92,-90.58,0.01755492369094017
8,28.92,-90.42,0.014531124589583753
8,28.92,-90.08,0.011840047251263804
8,28.92,-89.92,0.009774216776184569
8,28.92,-89.75,0.012380501832178032
8,28.92,-89.58,0.01810584918976846
8,29.08,-94.92,0.01805146358674392
8,29.08,-94.08,0.009744589711772278
8,29.08,-93.92,0.009455957315036689
8,29.08,-93.58,0.006637014541245828
8,29.08,-93.42,0.006062798453389074
8,29.08,-93.25,0.00560976803006435
8,29.08,-93.08,0.005203542810208587
8,29.08,-92.92,0.0051738179436969485
8,29.08,-92.75,0.004735906002513895
8,29.08,-92.58,0.005378023610153998
8,29.08,-92.42,0.007461253918749703
8,29.25,-94.08,0.015218914782797749
8,29.25,-93.75,0.012672294486864384
8,29.25,-93.58,0.011254134953064336
8,29.25,-92.75,0.008520966244924983
8,29.42,-94.08,0.019635202320800585
8,29.42,-93.75,0.01789727972672236
8,29.42,-93.42,0.014252020839855752
8,29.42,-93.25,0.01327278544935821
8,29.42,-93.08,0.01203983573941514
8,29.58,-93.58,0.02411197917535901
8,29.92,-150.08,0.0017348058185730638
8,30.75,-79.08,0.001994483233746988
8,30.92,-78.92,0.0019933048500785267
8,31.08,-81.08,0.006657262507360429
8,31.08,-80.92,0.0049895068461244755
8,31.08,-80.58,0.0034776792480525646
8,31.08,-79.92,0.0021238434432730587
8,31.08,-79.75,0.002023320855435238
8,31.25,-81.08,0.00954604834921404
8,31.25,-80.92,0.0056362255815077915
8,31.25,-80.08,0.002386875930824317
8,31.25,-79.42,0.001992794481338933
8,31.42,-81.25,0.029792156173951097
8,31.42,-81.08,0.015920987680808386
8,31.42,-80.75,0.004630683787664483
8,31.42,-79.92,0.002358161914426918
8,32.42,-66.08,0.0018001775064145809
8,33.08,-78.75,0.004939736742843789
8,33.08,-77.58,0.0023005810190542516
8,33.08,-76.58,0.002067996013052338
8,33.08,-76.25,0.0020356650129542686
8,33.08,-75.75,0.0019706567082638767
8,33.42,-118.58,0.0021082285132830625
8,33.42,-118.08,0.002197362049959007
8,33.42,-74.58,0.001959953692593527
8,33.58,-70.08,0.0019072365658675235
8,33.92,-77.58,0.004282615253363143
8,33.92,-76.42,0.00227764612513552
8,33.92,-75.92,0.0020607855152444577
8,33.92,-75.42,0.002005085527674634
8,34.42,-76.58,0.005768266308057884
8,34.42,-75.58,0.0020907719272972
8,34.42,-74.58,0.0019828389869706534
8,34.92,-75.92,0.0037330749725118617
8,34.92,-75.08,0.002066970005134036
8,34.92,-74.08,0.0020093662341506306
8,35.42,-72.42,0.0019565523715837944
8,35.58,-74.58,0.0022358942197487604
8,35.58,-73.58,0.0020060213180179494
8,35.92,-75.08,0.002741160914989781
8,36.08,-75.75,0.01009810059963737
8,36.08,-74.42,0.002322224734763784
8,36.08,-73.92,0.002141197528213855
8,36.08,-72.42,0.0019563102310216477
8,36.42,-71.42,0.0019539900491839612
8,36.75,-74.92,0.002342401089580645
8,36.75,-73.92,0.002116353502391245
8,37.08,-76.42,0.03716071708393948
8,37.58,-74.92,0.002630747441964393
8,37.58,-74.08,0.0020956717092882504
8,38.08,-72.75,0.0020176153385281477
8,38.08,-72.42,0.0020431874714135615
8,38.25,-72.75,0.0020153165969531983
8,38.25,-72.58,0.001982175797986036
8,38.58,-72.42,0.0020319501001557164
8,38.92,-150.08,0.0020248099595350636
8,41.58,-10.25,0.0018812919694358825
8,41.75,-10.08,0.0019642370329661803
8,41.75,-9.92,0.002008952949174934
8,41.75,-9.42,0.0025662162026326932
8,41.92,-9.58,0.0023984486549373037
8,42.08,-9.58,0.002483626228323291
8,42.25,-9.42,0.0027029443815329364
8,43.75,-150.08,0.0031209301814669743
8,48.42,-126.08,0.006330831009439531
8,48.58,-128.92,0.0027291896694805473
8,49.08,-134.92,0.003388674297391183
8,49.42,-0.58,0.010902522811771963
8,49.92,-144.92,0.003898736965228719
8,53.42,0.08,0.023388080943662383
8,53.42,0.25,0.02288903332134681
8,64.25,-166.58,0.007718123855407943
8,65.92,-167.42,0.016188040912807497
8,66.42,-168.92,0.00713601682218723
8,66.42,-167.92,0.010227667121481236
8,66.92,-168.42,0.007145212256794118
8,67.42,-169.08,0.006207431302093689
8,67.42,-167.42,0.005571481315696888
8,67.92,-168.92,0.005097830277174415
8,67.92,-168.08,0.005225842068532736
8,68.08,-167.42,0.004847419696902348
8,68.08,-167.25,0.00500070619455073
8,68.58,-168.42,0.004071225498178551
8,68.92,-169.08,0.003740708411152644
8,70.25,-164.42,0.003926387566025369
8,70.25,-163.92,0.005445140224765055
8,70.25,-163.42,0.006781503178486178
8,70.42,-168.42,0.002898571013991552
8,70.42,-167.92,0.0029532279692251573
8,70.42,-167.42,0.0031323198874650352
8,70.42,-166.92,0.0032235477251974357
8,70.42,-166.42,0.0031874065541408277
8,70.42,-165.92,0.0033136975398520008
8,70.42,-165.42,0.003325633006170392
8,70.42,-164.92,0.003456957372360524
8,70.58,-168.92,0.0027778129598035857
8,70.58,-168.58,0.0028051878309104886
8,70.58,-166.58,0.0031426922148305243
8,70.58,-161.58,0.005754711320516707
8,70.58,-161.42,0.005754997910953116
8,70.75,-168.25,0.0026756842769166474
8,70.92,-167.92,0.002699921092822809
8,70.92,-160.08,0.004841920441120035
8,70.92,-149.42,0.0052164227185446934
8,71.08,-167.58,0.002813205584640276
8,71.08,-167.25,0.002802653012291888
8,71.08,-160.75,0.00374711398180807
8,71.08,-157.42,0.011889102388877512
8,71.08,-152.75,0.015459009322236128
8,71.08,-152.58,0.014401210402440908
8,71.08,-152.42,0.013162948246310023
8,71.08,-149.42,0.004251104140054588
8,71.25,-166.92,0.002923342536880889
8,71.25,-157.58,0.006990993493673159
8,71.25,-152.42,0.007150673831914334
8,71.25,-149.25,0.003357155838421022
8,71.42,-166.58,0.0028087846519404343
8,71.42,-163.58,0.003214582978833424
8,71.42,-161.42,0.0035361777415992804
8,71.42,-157.92,0.004188074191542677
8,71.42,-155.25,0.014111102549717404
8,71.42,-155.08,0.012884206129479912
8,71.42,-152.75,0.006152366237903509
8,71.42,-152.58,0.00630700878391508
8,71.42,-152.42,0.005552034404592939
8,71.42,-152.25,0.005426157113200949
8,71.42,-149.25,0.0029448712002589144
8,71.42,-149.08,0.0028568676874783706
8,71.58,-166.08,0.003074201023991918
8,71.58,-164.58,0.0031988860573619604
8,71.58,-159.42,0.003550114977683517
8,71.58,-158.75,0.003298665754430528
8,71.58,-158.58,0.00334750550815903
8,71.58,-158.25,0.003509464576918946
8,71.58,-157.92,0.0038053919394899697
8,71.58,-157.75,0.003965621115639806
8,71.58,-157.42,0.004241497679322493
8,71.58,-157.25,0.004550399027357344
8,71.58,-157.08,0.004849502430710045
8,71.58,-156.75,0.005675825515750031
8,71.58,-155.75,0.00916588080495044
8,71.58,-155.58,0.009554293869835575
8,71.58,-155.42,0.010458192322403193
8,71.58,-155.08,0.01025122654463314
8,71.58,-152.58,0.005578758518418504
8,71.58,-152.42,0.004743436950957402
8,71.58,-152.08,0.004264849235073893
8,71.58,-149.08,0.0028480762924224913
8,71.75,-159.08,0.003285307448961595
8,71.75,-158.92,0.0032759455984513112
8,71.75,-156.58,0.003908993584627751
8,71.75,-156.25,0.0042999731108116414
8,71.75,-155.92,0.004572298651107269
8,71.75,-152.08,0.0034539403796598716
8,71.75,-149.08,0.002580677205243136
8,71.92,-166.08,0.0028885374546195543
8,71.92,-163.58,0.003464423730198679
8,71.92,-162.42,0.003815975841078683
8,71.92,-161.08,0.003600028759057197
8,71.92,-159.75,0.003395477970444923
8,71.92,-159.58,0.0034324754286477934
8,71.92,-159.42,0.00344119986056328
8,71.92,-155.58,0.003559324556745861
8,71.92,-155.42,0.0036422865715150425
8,71.92,-155.25,0.003863785726328691
8,71.92,-155.08,0.004072252297884829
8,71.92,-153.75,0.004275668868766293
8,71.92,-152.42,0.003223714792673565
8,71.92,-151.92,0.003198994522952564
8,71.92,-148.92,0.002416924925119144
8,72.08,-166.08,0.0027725042372449852
8,72.08,-160.08,0.0036185570378033326
8,72.08,-159.92,0.0035519776908956744
8,72.08,-159.75,0.0034846641879257615
8,72.08,-159.42,0.0034626617102113404
8,72.08,-154.08,0.0034012713729702857
8,72.08,-151.92,0.002941636537046482
8,72.08,-151.75,0.002810147140219154
8,72.25,-164.25,0.0032158327923188434
8,72.25,-160.58,0.003625243128560295
8,72.25,-159.75,0.0035447379873122698
8,72.25,-159.58,0.0035333068535467723
8,72.25,-159.08,0.0034914824958300083
8,72.25,-153.58,0.0030560405851390803
8,72.25,-152.08,0.0027381936734956172
8,72.42,-166.08,0.003132848835693122
8,72.42,-164.08,0.0033407450691079615
8,72.42,-161.58,0.0034041586725113843
8,72.42,-161.08,0.0035484110288962257
8,72.42,-159.58,0.003329592930831383
8,72.42,-159.42,0.003310188786666159
8,72.42,-159.25,0.003271695002717112
8,72.42,-159.08,0.0032365037367548567
8,72.42,-158.92,0.003205977045936601
8,72.42,-158.75,0.00319166534449678
8,72.42,-152.08,0.00246251295205914
8,72.58,-166.08,0.003093873558100313
8,72.58,-163.92,0.0032497267252992747
8,72.58,-161.92,0.0034244753288128127
8,72.58,-161.75,0.003310769273995016
8,72.58,-161.58,0.003408070611553022
8,72.58,-161.42,0.0034313853493107387
8,72.58,-161.25,0.003562783465512391
8,72.58,-159.25,0.0032158264881897583
8,72.58,-159.08,0.0031647217593428383
8,72.58,-158.92,0.00311097844408963
8,72.58,-158.75,0.0031743583478113045
8,72.58,-158.58,0.003091618508776827
8,72.58,-158.42,0.0030414034078669982
8,72.58,-153.08,0.002401546870266468
8,72.75,-163.75,0.0032678017756736636
8,72.75,-162.08,0.003518926065967039
8,72.75,-161.75,0.0035756947921521693
8,72.75,-158.92,0.0032174982437695636
8,72.75,-158.42,0.003074672015636791
8,72.92,-169.08,0.0032347344777857263
8,72.92,-168.58,0.0033004297845395684
8,72.92,-167.92,0.003384505180665889
8,72.92,-167.42,0.003327902400326964
8,72.92,-166.08,0.0033943559581341293
8,72.92,-163.58,0.003433317635082514
8,72.92,-163.08,0.0033991987308438277
8,72.92,-161.92,0.0034757283196086065
8,72.92,-161.75,0.003532512070335172
8,72.92,-160.92,0.003400708734568388
8,72.92,-160.75,0.0033624291661128935
8,72.92,-160.58,0.003344695101329406
8,72.92,-158.08,0.0029269688264643655
8,73.08,-166.92,0.003254052269119412
8,73.08,-166.08,0.003546730574532986
8,73.08,-165.75,0.0035149557914661424
8,73.08,-165.58,0.0035506824967578973
8,73.08,-165.08,0.003588189313519899
8,73.08,-164.58,0.003353986548302744
8,73.08,-163.42,0.0033287218717719677
8,73.08,-162.58,0.0032399959172835224
8,73.08,-162.42,0.003271066366671872
8,73.08,-162.25,0.0032435163710392827
8,73.08,-162.08,0.0031605842864004577
8,73.08,-161.92,0.0032080764983065152
8,73.08,-160.42,0.002821198267799734
8,73.08,-160.25,0.00293102025951645
8,73.25,-166.08,0.0034706932623726383
8,73.25,-164.08,0.0033824545948905266
8,73.25,-163.42,0.003216886526752205
8,73.25,-163.08,0.003025926353681522
8,73.25,-162.92,0.00303489671564477
8,73.25,-157.58,0.0025149056567058256
8,73.42,-166.08,0.003197883813671479
8,73.42,-165.58,0.0032658615814788
8,73.42,-162.92,0.003123854712567315
8,73.42,-159.75,0.0025147899509591547
8,73.42,-159.58,0.0024820661140588125
8,73.58,-166.08,0.0030640031012201994
8,73.58,-162.58,0.002859277209187517
8,73.58,-159.25,0.0023798875781837142
8,73.58,-159.08,0.0023727787708674995
8,73.58,-156.92,0.0021469913042821715
8,73.75,-166.08,0.002899432523796956
8,73.75,-162.42,0.0027021877045271827
8,73.75,-158.08,0.002118585960318645
8,73.92,-166.08,0.002707010875456035
8,73.92,-165.92,0.0027395807690202044
8,73.92,-165.58,0.002730038471207464
8,73.92,-162.08,0.002480560867331439
8,74.08,-165.08,0.0024925839124868314
8,74.08,-164.58,0.002437768511889452
8,74.25,-164.08,0.0023948240391483766
9,-54.08,-0.08,0.0018008753610922236
9,-26.08,13.42,0.0029829727983186867
9,-24.08,13.92,0.004530200160595335
9,-8.08,-14.92,0.0017138151134448972
9,-6.75,-25.08,0.0016284510784316808
9,-4.58,-12.75,0.001952263790868032
9,-2.25,-13.25,0.0018989245297482491
9,-1.58,-12.92,0.0019320495379030365
9,1.25,-15.08,0.0016328521666185804
9,4.92,-17.08,0.0020370883629022337
9,7.75,66.92,0.001950339149599048
9,7.75,67.08,0.001928417240957391
9,7.92,66.92,0.001950446331730663
9,8.58,-19.08,0.001994306603922847
9,10.08,65.42,0.002140500821538312
9,11.75,64.25,0.002523749818051742
9,11.92,64.42,0.002630419329348528
9,11.92,66.92,0.0022885908481178126
9,12.58,-20.92,0.0019406300290773456
9,13.92,63.08,0.0027324575626566498
9,14.08,66.92,0.0022654226076238874
9,15.08,64.42,0.0028839197118279776
9,15.75,62.08,0.0030425974910031073
9,15.92,61.92,0.003162001266239465
9,17.42,60.42,0.003240496627933515
9,18.58,58.75,0.003914123312411407
9,18.92,58.92,0.004150146621131254
9,19.08,58.42,0.004389289601187391
9,19.25,58.08,0.006323506113734435
9,19.42,58.08,0.007489334887147627
9,21.92,-21.08,0.0016934639319184828
9,21.92,-20.75,0.001648693364007737
9,22.58,-158.25,0.0018248241778399629
9,26.08,-21.92,0.001608399573755874
9,26.08,-20.92,0.0015534161386974367
9,26.92,-96.92,0.0044957971126264465
9,26.92,-96.75,0.00328902747688434
9,27.08,-152.92,0.0018148920445872304
9,27.08,-97.25,0.011697375956414777
9,27.08,-97.08,0.007707016209182752
9,27.25,-96.58,0.0029982308492022144
9,27.42,-97.42,0.01555797253968194
9,27.42,-96.58,0.0031564087138659406
9,27.58,-97.08,0.014615557190898637
9,27.58,-96.92,0.009316468153635717
9,27.58,-96.08,0.0022604842908384108
9,27.58,-93.92,0.0020080280691300604
9,27.58,-93.75,0.0019870739289961584
9,27.58,-93.58,0.0020234936620743774
9,27.75,-96.25,0.002996194413175214
9,27.75,-95.92,0.002464937773765996
9,27.75,-93.92,0.0021028461818456312
9,27.75,-93.75,0.002070515347771686
9,27.92,-96.75,0.014145880299937826
9,27.92,-96.42,0.006351083985381675
9,27.92,-95.58,0.00268655236471783
9,27.92,-94.08,0.002156689906603953
9,27.92,-93.92,0.002165986557718663
9,27.92,-93.75,0.002146990411512723
9,28.08,-96.42,0.011375705296152526
9,28.08,-95.75,0.0041758317992472175
9,28.08,-95.08,0.002691712340244769
9,28.08,-94.92,0.0025710064430975103
9,28.08,-94.75,0.002524080350254239
9,28.08,-94.58,0.0024479690354465592
9,28.08,-94.42,0.0023816597111528445
9,28.08,-93.92,0.0022924446847437966
9,28.25,-95.92,0.008920432383258065
9,28.25,-95.25,0.004086977044194514
9,28.25,-94.25,0.0026661461041922766
9,28.25,-93.92,0.0025058527852789584
9,28.25,-91.75,0.0025724671564107252
9,28.25,-91.42,0.0027274283109529115
9,28.42,-95.58,0.009542263475437225
9,28.42,-95.42,0.007720172029538927
9,28.42,-92.92,0.003205345169011377
9,28.42,-92.58,0.0030471552328725175
9,28.42,-92.08,0.0028841466013215145
9,28.42,-91.75,0.003010944708049382
9,28.42,-91.42,0.004094001093604179
9,28.42,-91.08,0.004359438920139589
9,28.42,-90.92,0.0046085210686380215
9,28.42,-90.75,0.004169529106796042
9,28.58,-95.42,0.012156225370497188
9,28.58,-94.42,0.004915267583617771
9,28.58,-94.25,0.004510007573778487
9,28.58,-92.92,0.004022160261890597
9,28.58,-92.58,0.00397615242797077
9,28.58,-92.42,0.004244283431696452
9,28.58,-92.25,0.003978432030469941
9,28.58,-92.08,0.0042195504488931465
9,28.58,-91.75,0.004471609149318697
9,28.58,-91.58,0.005203888190656223
9,28.58,-91.42,0.006460272386902943
9,28.58,-91.08,0.009534424914322286
9,28.58,-90.92,0.008654071129223501
9,28.58,-90.58,0.006653807438190349
9,28.75,-94.42,0.007161510825178332
9,28.75,-92.92,0.005083480101099915
9,28.75,-92.58,0.005426137245112014
9,28.75,-92.42,0.005157033748797734
9,28.75,-92.25,0.0051933034053284
9,28.75,-92.08,0.005591256374662573
9,28.75,-91.92,0.0066466067616023465
9,28.75,-91.75,0.007363200023643334
9,28.75,-90.58,0.009267584481594067
9,28.92,-95.25,0.02228018706609007
9,28.92,-95.08,0.01684084724084559
9,28.92,-94.92,0.014144725687484342
9,28.92,-94.58,0.011790002206742594
9,28.92,-92.92,0.006484907690636729
9,28.92,-92.58,0.006496111957610331
9,28.92,-92.42,0.006774591951398179
9,28.92,-92.25,0.007320674628400328
9,28.92,-92.08,0.008141962983328003
9,28.92,-91.92,0.009963539974044332
9,28.92,-91.58,0.01442126580778594
9,28.92,-90.75,0.017161859670357608
9,29.08,-94.75,0.017413161856397477
9,29.08,-93.08,0.008386220793578435
9,29.08,-92.92,0.008360003518067639
9,29.08,-92.75,0.007981585431314836
9,29.08,-92.58,0.008951173407364298
9,29.08,-92.42,0.01118787798755379
9,29.25,-92.92,0.010934265085697089
9,29.42,-92.92,0.015131618409544568
9,30.42,-21.58,0.0016000987922201273
9,31.08,-80.92,0.008516180903163993
9,31.08,-80.58,0.0062330582679185845
9,31.08,-79.75,0.0022514941566359166
9,31.25,-81.08,0.014059184629745274
9,31.25,-80.92,0.00918969992992722
9,31.42,-81.25,0.03360261046992881
9,31.42,-80.92,0.009734165809773416
9,31.42,-80.58,0.006538635557676157
9,33.08,-118.08,0.001980458637593653
9,33.42,-118.58,0.0019011593870924448
9,33.42,-118.25,0.001980870558658022
9,33.42,-118.08,0.002035231345375492
9,34.75,-20.58,0.0015865997371623632
9,38.08,-24.92,0.0015636546569029715
9,38.92,-17.92,0.0016358610988721591
9,42.58,-9.75,0.0018517370527578432
9,42.58,-9.42,0.0023907853352615016
9,42.92,-14.92,0.001494696321639243
9,42.92,-9.58,0.002335614894532641
9,45.42,-1.42,0.004847594005034559
9,46.92,-62.58,0.002445202925380065
9,46.92,-11.75,0.001788332690590654
9,47.25,-8.58,0.0017317701933114388
9,47.25,-7.42,0.001911845937932164
9,47.42,-7.42,0.00196272663412277
9,47.58,-64.08,0.0029096915558594364
9,47.58,-60.08,0.0026881053861209443
9,47.58,-8.08,0.001996594995778816
9,48.25,-10.08,0.001994079435297119
9,48.42,-126.92,0.002829847825606438
9,48.92,-130.92,0.00261904288940555
9,49.08,-138.92,0.0028033954043745657
9,49.42,-138.92,0.0028155311301816255
9,49.42,-5.58,0.0034888747812312267
9,49.42,-0.25,0.010497049252576702
9,49.58,-66.08,0.003376836440028538
9,49.58,-62.08,0.0024878923286451027
9,49.92,-145.08,0.00315375643549487
9,49.92,-134.92,0.002710471652046015
9,62.92,-166.58,0.014256450098896908
9,63.92,-172.42,0.0026237342608510517
9,64.58,-167.25,0.011368234457305252
9,65.08,-169.92,0.0066896336978640066
9,65.08,-169.08,0.007250696202390827
9,66.42,-167.75,0.012643465457815976
9,66.58,-169.08,0.009229885453929786
9,67.92,-169.08,0.0047363521166103465
9,68.08,-169.08,0.0044178105328517795
9,69.92,-166.42,0.0038787606009105784
9,69.92,-163.92,0.009321042386793786
9,70.08,-169.08,0.0035280541959571456
9,70.92,-162.08,0.0035592031093652954
9,71.08,-160.75,0.0034878410583855037
9,71.25,-163.42,0.002904400905456648
9,71.25,-163.08,0.0029714152293639595
9,71.25,-152.08,0.006768844772650059
9,71.42,-163.92,0.003021794141783506
9,71.42,-158.25,0.0041909209738316185
9,71.42,-152.08,0.004914852037895904
9,71.58,-160.08,0.0033302792269454965
9,71.58,-155.42,0.010944238037890975
9,71.58,-151.92,0.004591192598021481
9,71.75,-161.42,0.003041836086573989
9,71.75,-158.92,0.003294667296524329
9,71.92,-162.58,0.003282924908985892
9,71.92,-161.92,0.0033653454454399124
9,71.92,-154.92,0.00410915024489937
9,72.08,-158.92,0.0030609008549204605
9,72.08,-156.42,0.002977763882571286
9,72.42,-168.92,0.0023213740522888575
9,72.42,-153.92,0.003050359624640329
9,73.08,-152.92,0.0022746071250677653
9,73.25,-151.42,0.00219583891594084
9,73.92,-156.25,0.001871688466053456
9,74.92,-165.08,0.002299196110107005
10,-58.92,61.92,0.0022385400836355982
10,-52.92,-0.08,0.0023251806359580705
10,-52.08,61.75,0.002726674017588227
10,-48.08,73.42,0.0024776308203745684
10,-38.58,-38.25,0.0020609899951984554
10,-33.25,-46.75,0.0018808372289230916
10,-30.25,-42.58,0.0016921916861795414
10,-30.08,-27.42,0.001637273753376704
10,-27.42,-38.92,0.0017074605763207754
10,-24.75,-35.25,0.0017881483187190664
10,-21.92,-31.58,0.001781347980001338
10,-19.25,-28.42,0.001776051292733722
10,-19.08,-25.08,0.001777455182811639
10,-16.58,-25.08,0.0018024277966797455
10,-13.92,-21.75,0.001951414501478135
10,-11.08,-18.42,0.0021437581949932893
10,28.08,-96.42,0.011876020557575032
10,28.25,-95.92,0.009465292906126296
10,28.58,-95.42,0.013411179680088666
10,30.25,-116.58,0.0015259723893930794
10,32.58,-117.58,0.001626482970428876
10,33.42,-118.58,0.0016111836729335114
10,33.42,-118.25,0.001593425451010518
10,33.42,-118.08,0.0016237893059823504
10,36.25,-72.08,0.0015170639651355294
10,37.08,-76.42,0.036922430071760624
10,44.42,37.58,0.0028027155723136204
10,44.92,-2.08,0.0014494113635573483
10,44.92,-1.92,0.001542198944354797
10,44.92,-1.58,0.0022263127620148304
10,45.08,-2.42,0.001425115601487563
10,45.08,-2.08,0.0014983843700488058
10,45.08,-1.58,0.0023858784820923818
10,45.25,-1.92,0.001538401974601225
10,45.25,-1.58,0.0025919582875130673
10,45.42,-2.08,0.001469035785396019
10,45.42,-1.92,0.0016225099450462616
10,45.42,-1.75,0.002235960663775061
10,45.58,-2.25,0.0014847048064759395
10,45.58,-2.08,0.0015776508125397836
10,45.58,-1.58,0.006933651255397782
10,45.75,-1.75,0.004323360805307895
10,47.58,-64.08,0.002474519934072356
10,52.92,0.75,0.03000404756568687
10,53.58,0.08,0.024103526237674738
10,53.92,0.25,0.009770695680857335
10,54.58,-0.42,0.004441474092973422
10,55.42,-1.42,0.0060934040590491095
10,62.08,-167.25,0.02157412791116671
10,62.25,-167.58,0.017965678294951267
10,62.42,-168.08,0.01177297984461554
10,62.42,-167.92,0.012938439433293586
10,62.58,-168.92,0.010778356825043873
10,62.58,-168.58,0.01094063813268969
10,62.75,-169.08,0.010118227303874764
10,63.75,-172.08,0.004049538957505402
10,63.92,-172.42,0.0035805378186826906
10,63.92,-172.25,0.003847771429545467
10,64.08,-169.58,0.0072557043240522034
11,-76.75,-178.42,0.004102652071742341
11,-76.75,169.42,0.00285700805640469
11,-76.58,-178.08,0.0030906858252516636
11,-76.58,169.75,0.0024264075748904267
11,-76.58,175.92,0.005254407874487627
11,-73.58,176.75,0.0017500041285529733
11,-69.42,-85.25,0.00178244235770156
11,-69.25,-85.25,0.001691549222039826
11,-69.08,-85.42,0.002064954090747051
11,-69.08,-85.25,0.001995537069160491
11,-68.92,-85.42,0.001927690476326174
11,-68.92,-85.25,0.001935468372539617
11,-68.75,-85.25,0.0019831480299630625
11,-68.58,-85.25,0.0017998715180014683
11,-68.58,-85.08,0.0018119131881659005
11,-68.42,-85.08,0.0019302444651167695
11,-68.25,-85.08,0.002719872465402457
11,-68.08,-85.08,0.0025447369487916023
11,-67.92,-85.08,0.003078139293938875
11,-67.75,-85.08,0.002528816285062461
11,-67.58,-85.08,0.002077785282916225
11,-67.42,-85.08,0.002002493561259612
11,-67.25,-85.08,0.002270865689570201
11,-67.08,-85.08,0.0023602434332442887
11,-66.42,-84.58,0.002505822976672789
11,-66.25,-84.58,0.002428491110017953
11,-66.08,-84.58,0.0025186453382971125
11,-65.92,-84.75,0.0024160924409786103
11,-65.92,-84.58,0.0024521466274403363
11,-65.75,-84.92,0.0024499121370840154
11,-65.75,-84.75,0.00250350171542802
11,-65.58,-85.08,0.0024572687446683026
11,-65.58,-84.92,0.0024442462244122806
11,-65.42,-85.25,0.0024705863585327997
11,-65.42,-85.08,0.002453572052457419
11,-65.42,-84.92,0.0023810765640034028
11,-65.42,-84.75,0.0023191222058621384
11,-65.42,-84.58,0.0023354145729621
11,-65.42,-84.42,0.0023151722210519887
11,-65.42,-84.25,0.0023310891988997657
11,-65.42,-84.08,0.002299333008547389
11,-65.42,-83.92,0.0022624131160167357
11,-62.92,-62.42,0.0038359652641286822
11,-62.92,-62.25,0.0030888401578474593
11,-62.75,-62.58,0.0023849398662324672
11,-62.75,-62.42,0.0026510560159930534
11,-62.58,-62.75,0.0019155283381867155
11,-62.58,-62.58,0.0019809190721943883
11,-61.58,-62.75,0.0018821852989999736
11,-61.42,-62.75,0.0018478316684107643
11,-61.25,-62.75,0.0017610194087196815
11,-61.08,-62.75,0.0017653751581155482
11,-60.92,-62.75,0.001801351637927344
11,-60.58,-62.75,0.001796020235212699
11,-60.42,-62.75,0.0018946853240514288
11,-60.25,-62.75,0.001913522158367896
11,-60.08,-62.75,0.002000199706596603
11,-60.08,-62.58,0.0020208329162897027
11,-59.92,-62.58,0.002123026403104774
11,-59.75,-62.58,0.00219416194483189
11,-59.58,-62.58,0.002195274031425758
11,-59.42,-62.58,0.002358047145407465
11,-59.25,-62.58,0.0023679039062348656
11,-59.08,-62.58,0.002321028161137533
11,-58.92,-62.58,0.002458636661576309
11,-58.75,-62.58,0.002658230725238212
11,-58.58,-62.58,0.0028651153461177305
11,-58.42,-62.75,0.0029681150504129836
11,-58.42,-62.58,0.0029744117924696708
11,-58.25,-62.75,0.003194791957713574
11,-58.08,-62.75,0.0032753639795581797
11,-57.92,-62.75,0.0031959209612189197
11,-57.75,-62.92,0.0031046509077907146
11,-57.75,-62.75,0.003116195667983897
11,-57.58,-62.92,0.003211486311797726
11,-57.58,-62.75,0.003199717411434794
11,-57.58,-62.58,0.0031702988177919425
11,-57.42,-62.58,0.0032335953458762132
11,-57.42,-61.92,0.0033774471516350665
11,-57.42,-61.75,0.003373894094298762
11,-57.42,-61.58,0.003412014076834073
11,-57.42,-61.42,0.003489378517134542
11,-57.42,-61.08,0.003482083358005228
11,-57.25,-62.08,0.0033536178904237696
11,-57.25,-61.92,0.0034253934695643476
11,-57.08,-60.58,0.003451738042296864
11,-56.92,-60.58,0.0033458097520879053
11,-56.92,-60.42,0.0033847994805055568
11,-56.92,-60.25,0.0034142824490161904
11,-56.75,-60.25,0.003410391236027052
11,-56.75,-60.08,0.003372334423531071
11,-56.58,-60.08,0.00343756779399981
11,-56.42,-59.92,0.0034189120787813
11,-56.42,-59.75,0.0034111648999962463
11,-56.25,-59.58,0.00339134440039206
11,-56.08,-59.58,0.0034361561586384675
11,-56.08,-59.42,0.003376144250989499
11,-55.92,-59.42,0.0032653967809235028
11,-55.75,-59.42,0.0031575381079778433
11,-55.58,-59.42,0.002928442830859448
11,-51.58,-0.08,0.003249357173959893
11,15.92,61.92,0.0019771534211776524
11,17.42,60.42,0.0020010733544961155
11,18.75,57.92,0.002197263111551124
11,18.75,58.08,0.002138467930560281
11,18.92,58.58,0.0021901446470362416
11,18.92,58.75,0.002198727713078709
11,18.92,58.92,0.002200489593052631
11,19.08,58.42,0.002176585403854499
11,19.25,58.08,0.002467312047774174
11,19.42,57.92,0.004344062746435134
11,19.42,58.08,0.0029829244861513914
11,24.42,-64.42,0.001585711922821959
11,25.92,-97.08,0.0203757416400834
11,25.92,-96.92,0.010918650229662062
11,25.92,-96.75,0.006405543012780149
11,25.92,-96.58,0.00397301902882306
11,25.92,-96.42,0.00247252144828349
11,26.08,-96.75,0.006883884083019592
11,26.08,-96.42,0.002667157673024494
11,26.25,-96.92,0.011281122718601072
11,26.42,-96.92,0.010381643876366049
11,26.42,-96.42,0.0027270417615591763
11,26.58,-97.08,0.013940659542399716
11,26.58,-96.58,0.0032833760088107674
11,26.75,-96.58,0.002851289192057518
11,26.92,-97.08,0.011780433668137854
11,26.92,-96.58,0.002710925886429936
11,26.92,-96.42,0.0021451331130846077
11,27.08,-97.42,0.022621302103454415
11,27.08,-97.25,0.01894403355903026
11,27.08,-97.08,0.011759007446389332
11,27.08,-96.92,0.006868936272943954
11,27.08,-96.75,0.0040556769214952024
11,27.08,-96.58,0.0026873289298894533
11,27.08,-96.42,0.002175665672318673
11,27.25,-96.92,0.007667685008933206
11,27.25,-96.25,0.0020098815719787793
11,27.42,-96.92,0.010561588972088802
11,27.42,-96.08,0.0019741004805574306
11,27.42,-95.92,0.001873569025136306
11,27.42,-94.42,0.0016738444479765845
11,27.58,-96.58,0.005574509362600385
11,27.58,-96.25,0.0029291518962470792
11,27.58,-96.08,0.002512285083319139
11,27.58,-95.92,0.0023706309660057345
11,27.58,-95.58,0.0018418180890919932
11,27.58,-95.42,0.0018211680174109535
11,27.58,-95.25,0.0018143632746559669
11,27.58,-95.08,0.0017918021606101867
11,27.58,-94.92,0.0017763218430084098
11,27.58,-94.75,0.0017559120062660112
11,27.58,-94.58,0.0016976697524695333
11,27.58,-94.42,0.001701284210472536
11,27.58,-94.08,0.0016818715607276164
11,27.58,-93.92,0.0016687741630755544
11,27.58,-93.58,0.0016630577037099704
11,27.58,-93.42,0.001612995602527117
11,27.58,-93.25,0.0016424960634918008
11,27.58,-93.08,0.0016646533138511411
11,27.58,-92.08,0.0016345045843487044
11,27.75,-96.42,0.005347408633398633
11,27.75,-95.25,0.0020108148343412273
11,27.75,-94.42,0.0018942159325647423
11,27.75,-93.08,0.0017517226178715207
11,27.75,-92.75,0.0016371426537228994
11,27.75,-92.58,0.0016699762024681073
11,27.75,-92.42,0.0016725201577688735
11,27.75,-92.08,0.0016623109856799964
11,27.75,-91.92,0.0016610800633655794
11,27.75,-91.58,0.0016622181984607175
11,27.75,-90.58,0.0017237417850116022
11,27.92,-96.58,0.014596014822193658
11,27.92,-96.42,0.009078736299177608
11,27.92,-96.08,0.005315419165866382
11,27.92,-95.92,0.005063986384691334
11,27.92,-95.58,0.00453793387074607
11,27.92,-95.42,0.0034004521096147686
11,27.92,-94.25,0.0022562942327370487
11,27.92,-93.08,0.0019083280910187996
11,27.92,-92.08,0.0017474087134721767
11,27.92,-91.42,0.0017414624173003417
11,27.92,-91.25,0.0017622555998793568
11,27.92,-91.08,0.0017483524742525026
11,27.92,-90.75,0.0018322254637682656
11,27.92,-90.58,0.0019057786228213773
11,28.08,-95.42,0.005595604155538042
11,28.08,-95.08,0.004332554239095245
11,28.08,-94.92,0.004049030138202101
11,28.08,-94.58,0.004057305159484856
11,28.08,-94.42,0.004268341881492321
11,28.08,-94.08,0.003813691267530512
11,28.08,-93.08,0.0026980976851836563
11,28.08,-92.08,0.002356871545275516
11,28.08,-91.08,0.0021262239589052924
11,28.08,-90.92,0.0021417876326826862
11,28.08,-90.58,0.0022427224587783755
11,28.25,-95.58,0.007639157815825149
11,28.25,-95.42,0.007097632209041032
11,28.25,-94.75,0.006126727907447122
11,28.25,-94.25,0.0061115858366668045
11,28.25,-94.08,0.005994591922274825
11,28.25,-93.75,0.004921855423206755
11,28.25,-93.58,0.004921976892075625
11,28.25,-93.42,0.005238125877769058
11,28.25,-93.08,0.005168487944819751
11,28.25,-92.92,0.0050621023808370335
11,28.25,-92.08,0.004157989172276154
11,28.25,-91.58,0.0035461787469628974
11,28.25,-91.25,0.0034060432331591665
11,28.25,-90.58,0.003809875493072512
11,28.25,-64.42,0.0014321075100872489
11,28.42,-95.58,0.013117635956438011
11,28.42,-94.75,0.007838136879783348
11,28.42,-94.08,0.007721684023131986
11,28.42,-93.08,0.007419546808015151
11,28.42,-92.58,0.006794436679064599
11,28.42,-92.42,0.006660162072898035
11,28.42,-92.25,0.006393207066007946
11,28.42,-92.08,0.005946361583219953
11,28.42,-91.75,0.005920182426841593
11,28.42,-90.58,0.00615833575433367
11,28.58,-95.58,0.021625831552955787
11,28.58,-94.92,0.010118267010807633
11,28.58,-94.08,0.010170320396771631
11,28.58,-93.08,0.008220994982486927
11,28.58,-92.08,0.007331286070318556
11,28.58,-90.58,0.009735282434778938
11,28.75,-94.92,0.01645478290920875
11,28.75,-94.08,0.015010094948965744
11,28.75,-93.08,0.011633994091436806
11,28.75,-92.08,0.00994737698775099
11,28.75,-90.58,0.012825492912544364
11,28.92,-94.92,0.021888567656503027
11,28.92,-94.08,0.02045088422383709
11,28.92,-93.08,0.01596583459099912
11,28.92,-92.08,0.017383507758670723
11,28.92,-90.58,0.0218564494658845
11,29.08,-94.92,0.02697338701326804
11,29.08,-94.08,0.024040954815874618
11,29.08,-93.08,0.019506685416135625
11,29.08,-92.08,0.026840977628816324
11,29.25,-94.08,0.02685420047940619
11,29.25,-93.08,0.02371277965335961
11,29.42,-94.08,0.028313444282141435
11,29.42,-93.08,0.024229416146829545
11,29.75,-64.92,0.0014130462736665571
11,30.58,-147.42,0.0013957069232970118
11,30.58,-143.08,0.001425827391226832
11,31.08,-81.08,0.011258869224328952
11,31.08,-80.92,0.008054458275325147
11,31.08,-79.75,0.0017693085267758333
11,31.25,-81.08,0.014071394335927374
11,31.42,-80.92,0.008882368376186812
11,31.58,-136.92,0.001509984010193744
11,33.42,-118.58,0.0014606667494931516
11,33.42,-64.42,0.0013812741696699914
11,34.58,-64.42,0.0014918832878402647
11,46.92,-62.58,0.002093530691614965
11,47.58,-64.08,0.0036431995654585265
12,-76.58,-178.08,0.004767050970832842
12,-76.58,169.08,0.007762946572840073
12,-76.58,171.92,0.009146353542997403
12,-76.58,172.42,0.009578660285721222
12,-76.58,175.92,0.009090448687921334
12,-69.92,-85.58,0.0030888302000955893
12,-69.92,-85.42,0.003128449575832257
12,-69.92,-85.25,0.0033591670133838697
12,-69.75,-85.25,0.0034065195229939288
12,-69.75,-85.08,0.0034944142292564115
12,-69.58,-85.25,0.003485810952649141
12,-69.58,-85.08,0.003476288007653278
12,-69.42,-85.25,0.0038172311093337065
12,-69.42,-85.08,0.00368196703092163
12,-69.25,-85.08,0.003406990484725083
12,-69.08,-85.25,0.0034539930780443386
12,-69.08,-85.08,0.0033788385672347716
12,-68.42,-85.08,0.002954676377749632
12,-68.42,-84.92,0.0029810376554017977
12,-68.25,-85.08,0.003338908134537633
12,-68.08,-85.08,0.003488620534919622
12,-67.92,-85.08,0.0034433245942833506
12,-67.75,-85.08,0.0035127234012366105
12,-67.58,-85.08,0.0034275834958505213
12,-64.92,-169.42,0.003987957046391736
12,-64.42,-169.42,0.004007885084276842
12,-63.25,-170.08,0.004287076264683326
12,-63.25,-169.92,0.0042475221575428304
12,-62.58,-169.92,0.004176910572410138
12,-61.92,-168.92,0.004163561214227229
12,-61.08,-169.42,0.003968543322778053
12,-60.42,-170.25,0.00481782778991725
12,-56.92,-170.42,0.003965666848340665
12,-55.92,-171.92,0.0037960832441140983
12,-54.42,-173.42,0.003381033732280643
12,-53.08,-174.92,0.003079929785268508
12,-53.08,-174.75,0.0031110508405783385
12,-49.42,2.08,0.0043189722531348125
12,-47.08,4.42,0.004540630819974467
12,-33.92,17.08,0.002814890425228937
12,-32.92,16.42,0.0027728875892617825
12,-32.58,17.58,0.007104582592463968
12,-31.08,15.25,0.0025730864468972536
12,-30.08,16.92,0.008746036058503458
12,-29.58,16.42,0.007459847724848342
12,-29.58,16.58,0.008301021848720584
12,-20.08,79.92,0.0019378085483119569
12,-19.08,79.92,0.0019507970732361589
12,-17.08,79.92,0.0020586510165065356
12,-15.08,79.92,0.002127303319866769
12,-13.25,79.92,0.002072855892368931
12,-12.08,79.92,0.002046913136093115
12,-10.08,79.92,0.002043501303308982
12,-7.08,79.92,0.0021567670337390155
12,-5.08,79.92,0.0021170078702694313
12,-4.08,79.92,0.002084837177376771
12,-1.42,79.92,0.0019546843342885204
12,-0.42,79.92,0.002007870250963606
12,0.42,79.92,0.0018950690679379147
12,1.92,79.92,0.0019844922869445077
12,3.58,79.92,0.001944982522135516
12,5.08,79.92,0.001934401389338415
12,5.58,79.92,0.002042399913823994
12,5.75,79.92,0.002112261415194635
12,7.92,66.75,0.0017234273661663544
12,7.92,66.92,0.0016916920602935452
12,10.08,65.42,0.0016008059068223122
12,11.92,64.42,0.0016341272136990235
12,11.92,66.92,0.001486647089636377
12,12.42,154.92,0.0016070069230574352
12,13.92,63.08,0.001664187956604027
12,14.08,66.92,0.001492369492718188
12,15.92,61.92,0.001674223884368654
12,16.42,61.58,0.001701770196880468
12,16.58,61.42,0.0017120755907275122
12,17.08,61.42,0.001727906551836482
12,19.92,149.92,0.0014671395104166795
12,19.92,154.92,0.0015036593937442046
12,21.42,118.42,0.0019173050671022131
12,22.92,159.92,0.0014448336402314123
12,22.92,179.92,0.0014171158340600828
12,27.42,-155.08,0.001339151823644484
12,28.42,154.92,0.0014005533402351748
12,29.42,-141.08,0.001407574777245331
12,30.08,-134.58,0.0013195499483448327
12,31.58,-123.58,0.0014092181690185416
12,33.42,-118.58,0.0016493348296287215
12,47.58,-64.08,0.008413482952164486
12,47.58,-60.08,0.0025271004051319323
