month,lat01,lon01,mean_BBPsm
1,-78.08,-176.42,1.588461034827762
1,-76.58,-178.25,1.3976172506809237
1,-76.58,-178.08,1.3893809378147126
1,-76.58,168.92,1.39884672164917
1,-76.58,175.92,1.3282744189103444
1,-76.58,176.08,1.3298328504675911
1,-76.58,176.92,1.281997371287573
1,-74.08,176.92,1.662406001772199
1,-69.42,-76.42,1.5060284733772278
1,-68.92,-77.25,1.674899008538988
1,-68.42,-78.42,1.7468400909787132
1,-68.42,-75.25,1.583669986989763
1,-67.92,-76.42,1.7826895997637795
1,-67.92,-73.42,1.532653758400365
1,-67.92,-70.08,1.2982033342123032
1,-67.58,-71.08,1.326947089872862
1,-67.42,-74.58,1.7803647972288583
1,-67.25,-71.58,1.4268833369016647
1,-67.08,-69.08,1.5629115729104903
1,-66.75,-72.92,1.7663603056044803
1,-66.58,-69.58,1.5220804838907152
1,-66.08,-68.42,1.5813363166082472
1,-65.92,-71.58,1.8185826142628987
1,-65.58,-66.42,1.4847410519917803
1,-65.42,-69.92,1.7975509393782845
1,-65.42,-66.92,1.4980616257304238
1,-65.42,52.92,1.7893390530034117
1,-65.42,53.08,1.7835138973436857
1,-65.08,-67.08,1.631165038971674
1,-65.08,-64.75,1.4598322242498398
1,-65.08,-64.58,1.479083463549614
1,-64.92,52.92,1.8476040363311768
1,-64.75,-68.42,1.7801789215632848
1,-64.08,-64.08,1.6609059401920865
1,-63.58,53.58,1.902176096325829
1,-62.25,53.92,1.8722679615020752
1,-60.25,54.58,1.8741919994354248
1,-58.42,55.08,1.8465428749720256
1,-56.42,55.58,1.882849591118949
1,-54.08,56.42,1.8146773860568093
1,-50.92,57.42,1.7599608500798545
1,-48.75,57.75,1.8340983674639748
1,-48.08,57.58,1.825606522105989
1,-45.08,57.58,1.723827492623102
1,-43.08,8.42,1.8209518591562908
1,-42.25,57.58,1.620855070295788
1,-40.42,57.58,1.716132362683614
1,-38.42,57.58,1.8451884474073137
1,-36.42,57.42,1.9385011593500776
1,-35.08,57.25,1.9671991779690696
1,-32.25,57.08,1.9818414392925443
1,-30.42,55.08,1.9751660596756708
1,-23.08,-120.08,1.9987296547208513
1,-23.08,-100.08,1.997552792231242
1,27.92,-155.08,1.9658250297818864
1,33.42,-118.58,1.3782129968915666
1,45.25,-1.58,0.9040229859806242
1,45.42,-2.08,1.2072440698033289
1,45.42,-1.92,1.0485859257834298
1,45.42,-1.75,0.903278302578699
1,45.42,-1.58,0.8192103902498881
1,45.42,-1.42,0.7641571703411284
1,45.58,-2.58,1.433235696383885
1,45.58,-1.92,0.985168993473053
1,45.58,-1.58,0.7929165760676066
1,45.75,-2.25,1.1742328575679235
1,45.75,-1.75,0.8240966285978045
1,45.92,-2.42,1.2159756053061712
1,45.92,-2.08,0.9630332106635684
1,45.92,-1.92,0.87325500306629
1,46.08,-2.92,1.3743417546862648
1,46.08,-2.58,1.2069172376678103
1,46.08,-1.92,0.8354015321958632
1,46.25,-2.42,0.9957425849778312
1,46.25,-2.08,0.8070422410964966
2,-78.08,-176.08,1.567266285419464
2,-76.58,-178.42,1.4357163041830063
2,-76.58,-178.08,1.4597416877746583
2,-76.42,163.25,1.618192434310913
2,-76.08,163.08,1.772956993844774
2,-66.25,-168.92,1.7888723498299008
2,-64.92,-169.42,1.6556059122085571
2,-63.25,-170.08,1.7369908094406128
2,-60.42,-170.25,1.8995061147780643
2,-58.58,-170.08,1.9029672997338432
2,-57.08,-170.42,1.9128093605949763
2,-53.08,-174.92,1.7384826455797469
2,-2.08,-140.25,1.9004868609564645
2,-1.25,-140.58,1.8687690780276345
2,-1.08,-140.42,1.8546398480733235
2,-1.08,-140.08,1.8507073266165597
2,-0.08,-140.58,1.8201193923041936
2,-0.08,-140.42,1.8172412372770763
2,-0.08,-140.25,1.8167844613393147
2,0.92,-140.42,1.849620983714149
2,1.08,-140.42,1.8622498114903767
2,1.08,-140.08,1.8589179061707997
2,1.25,-140.42,1.8723105930146715
2,1.75,-140.08,1.8861760582242693
2,1.92,-140.08,1.892083695956639
2,2.92,-140.08,1.8991441159021287
2,4.92,-140.08,1.8939225333077567
2,6.92,-140.08,1.8979768582752772
2,9.08,-140.25,1.92826441356114
2,11.92,-140.08,1.9407318660191129
2,27.92,-155.08,1.9624698843274797
2,27.92,154.92,1.896727437064761
2,33.42,-118.58,1.4104640256790888
2,44.92,-2.08,1.3689580020450411
2,44.92,-1.92,1.237732961064293
2,44.92,-1.58,0.975343040057591
2,45.08,-2.42,1.4780139185133434
2,45.08,-2.08,1.2553632316135226
2,45.08,-1.58,0.9470702040763128
2,45.25,-1.92,1.047002823579879
2,45.25,-1.58,0.8652444964363462
2,45.42,-2.08,1.074901132356553
2,45.42,-1.92,0.9629894495010376
2,45.42,-1.75,0.8513374300230117
2,45.42,-1.58,0.794141914163317
2,45.42,-1.42,0.7315926523435683
2,45.58,-2.25,1.1249147596813382
2,45.58,-2.08,1.0181283439908708
2,45.58,-1.58,0.7425078891572499
2,45.75,-1.75,0.8079705550557091
2,48.42,-126.92,1.564565210115342
2,48.92,-130.92,1.7430653345017206
2,49.08,-138.92,1.7407812618073963
2,49.42,-138.92,1.7559468008223034
2,49.58,-142.58,1.7466848293940227
2,49.92,-145.08,1.7519285678863523
2,49.92,-134.92,1.7546624456133162
3,-71.42,-166.08,1.68269868124099
3,-70.58,-166.08,1.743070125579834
3,-69.42,-168.58,1.7967334247770763
3,-67.58,-170.08,1.828425021398635
3,-66.25,-169.92,1.7872069619950794
3,-64.92,-169.42,1.7855898198627291
3,-63.25,-170.08,1.8476213614145915
3,-61.92,-170.25,1.8914319276809692
3,-57.58,-0.08,1.7556597562063307
3,-55.58,-0.08,1.7348898195085072
3,-54.42,-173.42,1.8545212745666504
3,-51.92,-0.08,1.8494875317528137
3,-50.42,1.08,1.8419612589336576
3,-49.08,2.58,1.8454815319606237
3,-47.58,4.25,1.863671166556222
3,-46.08,5.75,1.8493074235462008
3,-45.08,6.42,1.845953975405012
3,-44.92,6.58,1.843666383198329
3,-42.58,8.75,1.7458536284310475
3,-41.25,9.75,1.6515570197786604
3,-36.58,12.92,1.8181385199228923
3,-34.58,14.25,1.8682095947719757
3,-26.58,94.92,1.9946096738179524
3,-24.92,94.92,1.9947515782855807
3,-22.58,94.92,1.9933626311165944
3,-20.92,94.92,1.9910892361686343
3,-17.58,94.92,1.9876962900161743
3,-12.42,-134.92,1.9518264475322904
3,-12.25,-135.08,1.9495085364296325
3,-12.25,-134.92,1.9500337612061271
3,-12.25,-134.58,1.9489909013112383
3,-12.08,-135.08,1.9497113965806507
3,-9.08,-137.42,1.933931861604963
3,-7.08,-80.92,1.002485190119062
3,-5.25,-140.25,1.9297896339779808
3,-5.25,-140.08,1.9300595408394223
3,-5.08,-140.08,1.9286736704054332
3,-3.42,-80.92,1.2374082576660883
3,-3.08,-140.08,1.9219986824762256
3,-3.08,-80.92,1.3016708748681205
3,-2.92,-80.92,1.3103605281739008
3,-2.58,-81.25,1.38963402452923
3,-2.42,-81.42,1.4175081366584414
3,-2.08,-140.92,1.909161919639224
3,-2.08,-140.58,1.907682322320484
3,-0.58,-80.92,1.3960954007648287
3,-0.42,-80.75,1.4112604232061476
3,-0.08,-80.75,1.446167957215082
3,0.08,-80.75,1.4841906059355965
3,0.58,-80.42,1.4644932519821894
3,1.42,-79.58,1.2442415952682495
3,1.58,-79.42,1.2733507667269026
3,1.92,-79.25,1.3622718992687406
3,2.42,-79.08,1.418246206783113
3,2.92,-78.75,1.404759094828651
3,3.08,-78.42,1.3156661419641404
3,3.25,-78.42,1.3995839187077113
3,3.58,-78.08,1.4089115347181047
3,4.08,-77.92,1.4209830988021124
3,4.25,-77.92,1.371446530024211
3,4.58,-78.08,1.4188367298671178
3,5.58,-78.08,1.4134985151745023
3,5.92,-78.42,1.372852731318701
3,6.92,-78.75,1.2784349066870553
3,7.25,-78.92,1.2387362037386214
3,7.58,-79.08,1.183799459820702
3,7.92,-79.08,1.1560084990092687
3,9.92,64.75,1.9353501285825456
3,14.42,64.75,1.7133960326512654
3,14.58,64.08,1.6277168818882533
3,15.08,63.42,1.5390627611251104
3,15.25,68.58,1.864929965564183
3,15.92,61.92,1.4631486648604983
3,18.08,67.42,1.6791073708307176
3,19.08,66.92,1.59225332736969
3,19.08,67.08,1.6022804918743314
3,28.42,-91.08,1.1711533282484328
3,28.42,-90.92,1.144258846839269
3,28.42,-90.75,1.1558980374109178
3,28.42,-90.58,1.1922255896386649
3,28.58,-92.42,1.3762616912523906
3,28.58,-92.25,1.361943347113473
3,28.58,-92.08,1.3258287140301297
3,28.58,-91.92,1.255260129769643
3,28.58,-91.58,1.0195480727014088
3,28.58,-91.42,0.909616796743302
3,28.58,-91.08,0.7505790704772586
3,28.58,-90.92,0.7713568125452314
3,28.58,-90.75,0.7697646759805226
3,28.58,-90.58,0.8079763438020434
3,28.75,-92.58,1.170551334108625
3,28.75,-92.42,1.1369053352446783
3,28.75,-92.25,1.0886649574552263
3,28.75,-92.08,1.0169339179992676
3,28.75,-91.92,0.917441189289093
3,28.75,-90.58,0.5873829495339167
3,28.75,-90.42,0.6052092611789703
3,28.92,-93.08,0.9941056626183646
3,28.92,-92.58,0.9003546237945557
3,28.92,-92.42,0.8393764382316953
3,28.92,-92.25,0.77423833381562
3,28.92,-92.08,0.7019091035638537
3,28.92,-91.92,0.64048690029553
3,28.92,-91.58,0.5296465002355122
3,28.92,-90.75,0.4524159715289161
3,28.92,-90.58,0.46978754656655447
3,28.92,-90.08,0.4909018278121948
3,28.92,-89.92,0.4785350788207281
3,28.92,-89.75,0.44178677882467
3,28.92,-89.58,0.4090257677293959
3,29.08,-93.08,0.8404739499092102
3,29.08,-92.92,0.8199200176057362
3,29.08,-92.75,0.7586641481944493
3,29.08,-92.58,0.6939284616992587
3,29.08,-92.42,0.6159981247924623
3,29.08,-89.92,0.37895195540927706
3,33.42,-118.58,1.377435979389009
3,45.08,-1.58,0.9677996748969668
3,45.25,-1.58,0.8995638546489534
3,45.42,-1.92,1.0094233694530668
3,45.42,-1.75,0.9064009161222548
3,45.42,-1.58,0.8144765609786624
3,45.58,-2.08,1.060898599170503
3,45.58,-1.92,0.9583505136626108
3,45.75,-2.42,1.1494126802399045
3,45.75,-2.08,1.0025568632852464
3,45.75,-1.75,0.8355113211132231
3,45.92,-2.42,1.0665964143616813
3,45.92,-1.92,0.9030223602340336
3,45.92,-1.58,0.717119676726205
3,46.08,-2.42,0.9885751945631844
3,46.08,-2.25,0.9579840245701018
3,46.08,-1.92,0.8570559961455209
3,46.25,-1.92,0.7936559234346662
3,46.42,-2.42,0.8993381403741383
3,48.42,-126.92,1.4732924699783323
3,48.92,-130.92,1.6691683303742182
3,49.08,-138.92,1.727323742139907
3,49.42,-138.92,1.7237530549367268
3,49.58,-0.42,0.7585253289767674
3,49.92,-145.08,1.73076978183928
3,49.92,-134.92,1.7048081159591677
3,57.92,-147.92,1.6040921892438615
3,58.08,-148.08,1.583991016660418
3,58.25,-148.25,1.5225213595799036
3,58.42,-148.42,1.4595763115655809
3,58.58,-148.58,1.378129936399914
3,58.92,-148.92,1.3030311209814889
3,58.92,-148.75,1.321083284559704
3,58.92,-148.08,1.3608155931745256
3,59.08,-149.08,1.275968421073187
3,59.08,-148.92,1.2854416427158175
3,59.08,-148.08,1.2991488717851185
3,59.25,-149.25,1.2244350910186768
3,59.25,-148.08,1.24454242842538
3,59.42,-149.42,1.1962513469514393
3,59.42,-149.25,1.20676432904743
3,59.42,-148.92,1.2487486430576868
3,59.42,-148.08,1.2269280354181926
3,59.58,-149.42,1.2150016001292638
3,59.58,-148.92,1.2487751188732328
3,59.58,-148.08,1.1671585582551502
4,-47.08,-50.42,1.5192553429376512
4,-41.58,9.58,1.719332462265378
4,-40.08,10.58,1.656720933460054
4,-31.42,43.92,1.9577965622856504
4,-15.42,94.92,1.9830182847522555
4,-13.75,94.92,1.979194096156529
4,-11.58,94.92,1.9584678979147048
4,-10.42,94.92,1.9467240458443051
4,-8.42,94.92,1.958056580452692
4,-6.75,94.92,1.9613260314578105
4,-4.58,94.75,1.9709057353791737
4,-3.25,94.25,1.970556690579369
4,-2.42,93.92,1.97056135677156
4,0.42,92.92,1.9613374698729744
4,1.25,92.08,1.961072745777312
4,2.92,91.58,1.9612953492573328
4,4.92,90.42,1.9438082490648545
4,6.42,89.08,1.9329562584559123
4,7.92,88.08,1.9330331427710397
4,9.42,86.92,1.9434795606703985
4,10.58,87.08,1.9464040881111508
4,12.58,88.42,1.9519171033586775
4,14.42,-109.42,1.9442909501847767
4,14.42,89.42,1.9440511919203256
4,15.42,-110.08,1.949237102553958
4,16.42,-107.25,1.9376748970576696
4,16.58,60.42,1.818304419517517
4,16.92,89.58,1.903714299201965
4,17.08,59.58,1.8185757455371676
4,17.42,-106.08,1.8973069758642287
4,17.58,58.92,1.7729182981309437
4,17.75,-103.92,1.7128033978598458
4,17.92,-110.08,1.9487222603389196
4,17.92,57.92,1.753912692978269
4,18.25,57.08,1.2038914703187489
4,18.42,-110.08,1.945791028794788
4,18.42,-104.58,1.5248491168022156
4,18.58,-104.25,1.4618702814692544
4,19.58,-105.92,1.3523366508029755
4,19.92,-106.25,1.4414569224630085
4,19.92,-106.08,1.3249008598781766
4,20.58,-106.25,1.392659692537217
4,20.92,-110.08,1.919827353386652
4,22.58,-110.92,1.872673165230524
4,27.42,-93.08,1.9041472162519184
4,27.42,-92.08,1.919928266888573
4,27.58,-94.42,1.8400962523051672
4,27.58,-94.08,1.8614650680905296
4,27.58,-93.92,1.8641800426301505
4,27.58,-93.58,1.8764471326555523
4,27.58,-93.42,1.8832920392354329
4,27.58,-93.25,1.886763748668489
4,27.58,-93.08,1.893208628609067
4,27.58,-92.08,1.917623553957258
4,27.58,-90.58,1.911570356005714
4,27.75,-93.08,1.8867675349825903
4,27.75,-92.75,1.8942861557006836
4,27.75,-92.58,1.903806340126764
4,27.75,-92.42,1.906387550490243
4,27.75,-92.08,1.9106867881048293
4,27.75,-91.92,1.9112788552329656
4,27.75,-90.58,1.8945480585098269
4,27.92,-94.25,1.8089539720898584
4,27.92,-93.08,1.8780835980460755
4,27.92,-92.08,1.901317658878508
4,27.92,-91.42,1.907044796716599
4,27.92,-91.25,1.9041598297300792
4,27.92,-91.08,1.892695954867772
4,27.92,-90.75,1.8753657851900376
4,27.92,-90.58,1.8703111410140991
4,28.08,-93.08,1.850370656876337
4,28.08,-92.08,1.880401270730155
4,28.08,-90.58,1.8205848932266235
4,28.25,-94.75,1.55415483883449
4,28.25,-93.08,1.8110023680187408
4,28.25,-92.08,1.827492464156378
4,28.25,-90.58,1.6466314792633057
4,28.42,-93.08,1.7456854638599215
4,28.42,-92.08,1.7316680522192092
4,28.42,-91.25,1.44748508362543
4,28.42,-91.08,1.365050835268838
4,28.42,-90.92,1.3199273092406136
4,28.42,-90.75,1.2735080491928827
4,28.42,-90.58,1.290083382810865
4,28.42,-89.92,1.3961101883933658
4,28.58,-94.08,1.4683595782234555
4,28.58,-93.08,1.5600648437227522
4,28.58,-92.42,1.5573374572254362
4,28.58,-92.25,1.5558326783634366
4,28.58,-92.08,1.51694027866636
4,28.58,-91.92,1.4563853513626823
4,28.58,-91.75,1.346659836314973
4,28.58,-91.58,1.229032087893713
4,28.58,-91.42,1.0821454524993896
4,28.58,-91.25,0.9132970741816928
4,28.58,-91.08,0.800232972417559
4,28.58,-90.92,0.776425974709647
4,28.58,-90.75,0.7850420446622939
4,28.58,-90.58,0.8264309565226237
4,28.58,-90.42,0.9440233352638426
4,28.58,-90.08,1.0875078695161002
4,28.58,-89.75,1.0728612684068226
4,28.58,-89.58,1.1103669887497312
4,28.75,-94.08,1.214476383867718
4,28.75,-93.08,1.3329683939615886
4,28.75,-92.58,1.3351108034451802
4,28.75,-92.42,1.3115490107309251
4,28.75,-92.25,1.253675727617173
4,28.75,-92.08,1.168545541309175
4,28.75,-91.92,1.0737711758840651
4,28.75,-91.58,0.7730049263863337
4,28.75,-90.58,0.6399445753721964
4,28.75,-90.42,0.6708115765026638
4,28.75,-90.08,0.7423350796813056
4,28.75,-89.92,0.6847313990195593
4,28.75,-89.75,0.6441152166752588
4,28.92,-94.08,0.9547818217958722
4,28.92,-93.25,1.0442530938557215
4,28.92,-93.08,1.0746214333034696
4,28.92,-92.58,1.0539103973479498
4,28.92,-92.42,0.9756385797546024
4,28.92,-92.25,0.8762724229267665
4,28.92,-92.08,0.8064003359703791
4,28.92,-91.92,0.7165991465250651
4,28.92,-91.75,0.6075708965460459
4,28.92,-91.58,0.5514011496589297
4,28.92,-90.75,0.4430810028598422
4,28.92,-90.58,0.47019463564668385
4,28.92,-89.92,0.42330965399742126
4,28.92,-89.75,0.3753488415053913
4,28.92,-89.58,0.33116911564554485
4,29.08,-94.08,0.7799871535528273
4,29.08,-93.08,0.8927253399576459
4,29.08,-92.92,0.8782802479607719
4,29.08,-92.75,0.8235454161961874
4,29.08,-92.58,0.7537115045956203
4,29.08,-92.42,0.657818405401139
4,29.08,-92.08,0.5458933384645552
4,29.25,-94.08,0.5853333231948671
4,29.25,-93.08,0.6861749702975863
4,29.42,-94.08,0.4380607356627782
4,29.42,-93.08,0.5229558334464118
4,31.08,-79.75,1.9048946074077064
4,33.42,-118.58,1.3235637006305514
4,36.25,-72.08,1.82337410677047
4,37.08,-76.42,0.15112461056560278
4,43.58,-2.08,1.320314089457194
4,43.58,-1.92,1.2561904447419303
4,43.92,-2.42,1.401549804778326
4,43.92,-1.92,1.3693015348343622
4,44.42,-2.42,1.3853363479886736
4,44.42,-1.92,1.4013362441744124
4,44.75,-2.42,1.3506317706335158
4,44.75,-1.92,1.3977105447224207
4,44.92,-3.08,1.3934543303080968
4,44.92,-2.08,1.373548252241952
4,44.92,-1.92,1.3808159771419706
4,44.92,-1.58,1.2562295567421686
4,45.08,-3.58,1.391187009357271
4,45.08,-2.58,1.3324823606581917
4,45.08,-2.42,1.3281042405537196
4,45.08,-2.25,1.3318773281006586
4,45.08,-2.08,1.378006929442996
4,45.08,-1.92,1.3633406219028292
4,45.08,-1.58,1.1959564203307742
4,45.25,-2.08,1.3382775329408192
4,45.25,-1.92,1.3063297896158128
4,45.25,-1.58,1.0829694952283586
4,45.42,-2.92,1.276483640784309
4,45.42,-2.08,1.2793393418902443
4,45.42,-1.92,1.212109971614111
4,45.42,-1.75,1.1064478300866627
4,45.42,-1.42,0.8047749286606198
4,45.58,-3.92,1.3160259127616882
4,45.58,-2.25,1.2667661280859084
4,45.58,-2.08,1.2220900796708607
4,45.58,-1.75,1.0042132706869216
4,45.58,-1.58,0.8263741703260512
4,45.75,-3.25,1.2761025088174005
4,45.92,-1.75,0.9884122950690132
4,46.08,-2.58,1.1727671793528966
4,46.92,-62.58,0.9460860093434652
4,47.58,-64.08,0.8383245099158514
4,49.42,-0.42,0.6385744242441087
4,49.58,-66.08,0.8973301705859956
4,49.58,-62.08,1.1995672356514704
4,58.25,-148.25,1.2813386548133123
4,58.42,-148.42,1.2685245871543884
4,58.58,-148.58,1.2162193883033026
4,58.92,-148.92,1.2076585037367684
4,58.92,-148.75,1.1979028383890789
4,59.08,-149.08,1.181552767753601
4,59.25,-149.08,1.117418388525645
4,59.42,-149.42,1.1224171348980494
4,59.42,-149.25,1.1184033836637224
4,59.42,-149.08,1.1298146418162756
4,59.58,-149.42,1.143004031408401
4,59.58,-149.08,1.16525437718346
5,-45.42,38.58,1.833369907878694
5,-44.58,-40.58,1.7525150605610438
5,-43.42,-45.42,1.6563591957092283
5,-43.08,40.75,1.773952081089928
5,-41.08,-41.75,1.6861920016152518
5,-39.92,43.92,1.7471775100344704
5,-39.08,-38.75,1.7434985353833152
5,-38.75,11.58,1.77055865810031
5,-37.92,-37.75,1.787988713809422
5,-36.92,43.92,1.8510436727887107
5,-36.08,-34.92,1.9274247203554429
5,-34.92,-33.75,1.9490652879079184
5,-33.08,-31.08,1.962263924734933
5,-31.42,43.92,1.9427299329212733
5,-30.92,-28.42,1.9773121107192264
5,-29.58,-27.08,1.9833050114767892
5,-28.25,-25.25,1.9858906723204113
5,-26.25,-25.08,1.987736594109308
5,-24.42,-25.08,1.9913470518021357
5,-21.75,-25.08,1.9936802216938565
5,-21.08,-25.08,1.9940674645560128
5,-16.75,-25.08,1.995645551454453
5,-14.08,-25.08,1.99492993808928
5,-12.42,-25.08,1.9926073664710635
5,-10.75,-25.08,1.9901941333498272
5,-4.58,-25.08,1.9384995982760476
5,-2.42,-25.08,1.9267436322711764
5,-0.25,-25.08,1.9112546160107569
5,7.08,-27.92,1.9178758632569088
5,11.25,-29.58,1.9492963609241305
5,14.58,-30.92,1.9615841479528515
5,18.58,-32.42,1.9760373603729977
5,22.08,-33.92,1.984903846468244
5,24.92,133.92,1.9817163206282116
5,25.92,-97.08,0.9796209136645
5,25.92,-96.92,1.2176923808597384
5,25.92,-96.75,1.3920267394610817
5,25.92,-96.58,1.5179025388899303
5,25.92,-96.42,1.6131956974665325
5,25.92,-96.25,1.6984195936293829
5,25.92,-96.08,1.7474584863299416
5,26.08,-96.42,1.5678435564041138
5,26.42,-96.42,1.4789412702832905
5,26.58,-96.58,1.3624813017391024
5,26.75,-96.58,1.3638894983700345
5,26.92,-96.58,1.3632492905571347
5,26.92,-96.42,1.4820864825021651
5,26.92,-96.25,1.5966629698162986
5,26.92,-96.08,1.684783481416248
5,27.08,-97.42,0.7490513771772385
5,27.08,-97.25,0.8636326335725331
5,27.08,-97.08,1.0002995729446411
5,27.08,-96.92,1.1069794183685666
5,27.08,-96.75,1.228747648852212
5,27.08,-96.58,1.357266187667847
5,27.08,-96.42,1.4432723976316906
5,27.25,-96.25,1.5408323747771129
5,27.25,-95.75,1.7728065763201033
5,27.42,-96.08,1.6018360966727847
5,27.42,-95.92,1.7057392199834187
5,27.42,-95.08,1.819615108626229
5,27.42,-94.42,1.8509277048565091
5,27.58,-96.25,1.3796325467881705
5,27.58,-96.08,1.4938044746716816
5,27.58,-95.92,1.6031285694667272
5,27.58,-95.58,1.7349546296255929
5,27.58,-95.42,1.7612802641732352
5,27.58,-95.25,1.775134455590021
5,27.58,-95.08,1.7886233613604592
5,27.58,-94.92,1.7943943795703707
5,27.58,-94.75,1.800703769638425
5,27.58,-94.58,1.815226776259286
5,27.58,-94.42,1.8211906580697923
5,27.75,-96.42,1.1656149512245542
5,27.75,-95.25,1.6736496686935425
5,27.75,-94.42,1.7867990050997054
5,27.92,-96.58,0.9266430763971238
5,27.92,-96.42,1.0200440798486985
5,27.92,-95.42,1.5455928359712874
5,27.92,-94.25,1.7604913143884569
5,28.08,-116.08,1.676347783633641
5,28.08,-95.42,1.4247270481927057
5,28.08,-94.58,1.6659271944136846
5,28.08,-94.08,1.7436099790391468
5,28.25,-95.58,1.1538271960758029
5,28.25,-95.42,1.270686345441001
5,28.25,-94.75,1.545161587851388
5,28.25,-94.08,1.7089129913420904
5,28.42,-95.58,0.943181003843035
5,28.42,-94.75,1.4722611393247331
5,28.42,-94.08,1.6568585407166254
5,28.42,-91.25,1.5727166050956365
5,28.42,-91.08,1.4563869833946228
5,28.42,-90.92,1.4026637134097872
5,28.42,-90.75,1.3898455188387917
5,28.42,-90.58,1.4059263183957054
5,28.58,-94.92,1.2083845535914104
5,28.58,-92.42,1.713851565406436
5,28.58,-92.25,1.717071294784546
5,28.58,-92.08,1.6716038783391316
5,28.58,-91.92,1.5959030730383736
5,28.58,-91.75,1.5314607790538244
5,28.58,-91.58,1.4297706286112468
5,28.58,-91.42,1.2977477993283952
5,28.58,-91.08,1.0052096389588856
5,28.58,-90.92,0.974038995447613
5,28.58,-90.75,0.9816272854804992
5,28.58,-90.58,1.048074117728642
5,28.58,-90.42,1.124138715721312
5,28.75,-94.92,0.944130764121101
5,28.75,-92.42,1.5080789781752086
5,28.75,-92.25,1.481251324926104
5,28.75,-92.08,1.413761434100923
5,28.75,-91.92,1.297056501819974
5,28.75,-91.42,0.8615738295373463
5,28.75,-90.58,0.8048873799187797
5,28.75,-90.42,0.8186426219486055
5,28.75,-90.25,0.8759088601384845
5,28.92,-94.92,0.7709134419759115
5,28.92,-93.08,1.2046140886488417
5,28.92,-92.58,1.2376160621643066
5,28.92,-92.42,1.1923717714491344
5,28.92,-92.25,1.1019365475291298
5,28.92,-92.08,1.0351379144759405
5,28.92,-91.92,0.931350032488505
5,28.92,-91.58,0.7166007913294292
5,28.92,-90.58,0.6373338756107149
5,28.92,-90.25,0.6464112954480308
5,28.92,-90.08,0.6619167597520919
5,28.92,-89.92,0.6584942851747785
5,28.92,-89.75,0.5813539127508799
5,28.92,-89.58,0.4788068873541696
5,29.08,-94.92,0.5931701092492967
5,29.08,-94.58,0.7473397056261698
5,29.08,-94.42,0.7505365439823696
5,29.08,-92.58,0.949886251063574
5,29.08,-92.42,0.8378396232922872
5,29.08,-89.75,0.4569488196145921
5,29.08,-36.92,1.9933529183978127
5,29.42,145.58,1.943134960674104
5,29.92,146.92,1.938201421783084
5,31.08,-80.42,1.5045938718886602
5,31.08,-79.75,1.9257117680140905
5,31.08,-32.75,1.986767780213129
5,31.08,-32.58,1.9860554820015317
5,31.42,-120.42,1.7658558970405942
5,31.92,123.92,0.717523870014009
5,32.58,-117.58,1.6068657352810811
5,33.42,-118.58,1.4380328371411275
5,33.92,147.58,1.7391300258182345
5,33.92,151.92,1.7474678300675892
5,35.58,-22.92,1.9526195639655703
5,37.92,146.92,1.4471427088692077
5,38.58,-20.08,1.8423323347454976
5,41.92,-18.92,1.5975260791324437
5,43.58,-2.08,1.462130416007269
5,43.58,-1.92,1.3656871886480422
5,43.92,-2.42,1.6105379206793649
5,43.92,-1.92,1.5104629141943795
5,44.42,-2.42,1.571702202161153
5,44.42,-1.92,1.480244131315322
5,44.42,37.58,1.231978416442871
5,44.75,-2.42,1.518878357751029
5,44.75,-1.92,1.4006030701455616
5,44.92,-3.08,1.5756319477444602
5,44.92,-2.08,1.3939264246395655
5,44.92,-1.92,1.342121734505608
5,45.08,-3.42,1.5449907439095634
5,45.08,-2.58,1.4588773534411477
5,45.08,-2.25,1.3852723723366147
5,45.08,-2.08,1.332331623349871
5,45.08,-1.92,1.26390388466063
5,45.08,-1.58,1.1304594760849362
5,45.25,-2.08,1.2731248878297352
5,45.25,-1.75,1.1272147042410714
5,45.25,-1.58,1.0378861966587247
5,45.42,-2.92,1.4191099064690726
5,45.42,-2.08,1.212760783377148
5,45.42,-1.92,1.121762480054583
5,45.42,-1.42,0.8030504328863961
5,45.58,-3.92,1.4736786910465784
5,45.58,-2.25,1.2106468308539615
5,45.58,-2.08,1.1620150492304848
5,45.58,-1.75,1.004723242350987
5,45.58,-1.58,0.8475510619935536
5,45.92,-4.25,1.4176796958560036
5,45.92,-1.75,1.0661913270042056
5,46.08,-18.08,1.4651190723691667
5,46.08,-17.92,1.4627035685947962
5,46.08,-4.58,1.3891845373880296
5,46.08,-3.58,1.3586568378266837
5,46.08,-2.42,1.156014811424982
5,46.25,-18.08,1.4416597740990775
5,46.25,-17.92,1.4510898079190937
5,46.25,-17.42,1.4406542891547791
5,46.25,-3.08,1.269877314567566
5,46.42,-18.08,1.4402775650932675
5,46.42,-5.08,1.3127099644570124
5,46.42,-3.92,1.3145387570063274
5,46.58,-18.58,1.4527011939457484
5,46.58,-5.08,1.2760058045387268
5,46.58,-4.92,1.243482339949835
5,46.58,-3.42,1.2332424549829393
5,46.75,-4.42,1.2167406053770156
5,46.75,-3.58,1.2152832746505735
5,46.92,-62.58,1.2626685017631167
5,46.92,-5.75,1.2626156352815174
5,46.92,-4.92,1.142288795539311
5,46.92,-4.25,1.2027834909302848
5,46.92,-2.75,0.9843454758326212
5,47.08,-6.08,1.268426083383106
5,47.08,-5.42,1.1533241016524178
5,47.08,-3.92,1.1776649384271531
5,47.08,-2.92,0.9867530465126038
5,47.25,-6.58,1.3256518386659168
5,47.25,-4.42,1.1984348580950783
5,47.42,-7.42,1.3152983302161807
5,47.42,-4.92,1.2236654304322745
5,47.42,-4.08,1.1532559054238456
5,47.58,-5.75,1.2355523535183497
5,47.92,-6.42,1.2889549675441925
5,48.08,-7.08,1.185580591360728
5,48.42,-126.92,1.4419048996198744
5,48.92,-130.92,1.7043291273571195
5,48.92,-16.58,1.557467403865996
5,49.08,-138.92,1.7667995407467796
5,49.25,-59.92,1.3510391825721375
5,49.42,-138.92,1.750607587042309
5,49.58,-0.42,0.8479565069788978
5,49.58,-0.25,0.8045367967514765
5,49.92,-145.08,1.733261125428336
5,49.92,-134.92,1.730638135047186
5,55.08,3.08,1.2148415928795224
5,55.25,2.58,1.2973763318288891
5,55.42,2.75,1.346131296384902
5,55.42,3.08,1.3186511255445934
5,55.92,2.42,1.3898554188864571
5,56.58,2.25,1.3498974868229456
5,56.92,1.92,1.358251066434951
5,57.42,1.25,1.2983316296622869
5,57.42,1.75,1.355044949622381
5,57.58,-147.58,1.4071760064079648
5,57.92,-147.92,1.2610379514240084
5,57.92,1.25,1.3075044126737685
5,58.08,-148.08,1.2629680860610235
5,58.25,-148.25,1.2334226256325131
5,58.25,0.58,1.319382423446292
5,58.42,-148.42,1.1684667382921492
5,58.42,0.92,1.3056848560060774
5,58.42,1.25,1.328709849289485
5,58.58,-148.58,1.1472784592991785
5,58.58,-148.42,1.1572828803743636
5,58.75,0.58,1.3138136239278884
5,58.92,-148.92,1.1075586619831266
5,58.92,-148.75,1.1313114563624065
5,59.08,-149.08,1.1017047053291684
5,59.08,-148.92,1.09763164747329
5,59.08,-147.25,1.148078081153688
5,59.08,-0.08,1.29031868491854
5,59.08,0.25,1.2919052158083235
5,59.25,-149.08,1.1073525349299114
5,59.25,-147.25,1.1297785895211356
5,59.25,0.58,1.3342121442159016
5,59.42,-149.42,1.1328645036334084
5,59.42,-149.25,1.1247828432491846
5,59.42,-147.25,1.0935902084623064
5,59.58,-149.42,1.1801631081671942
5,59.58,-0.08,1.3528149383408683
5,60.08,0.42,1.4020970889500208
5,60.25,-0.08,1.3808822291237968
5,60.58,0.25,1.3559569546154566
5,60.75,0.92,1.381724701041267
5,60.92,0.25,1.3537098850522722
5,60.92,0.58,1.3375617010252816
5,64.92,-169.25,0.8748799023174104
5,65.58,-168.92,1.020395883492061
5,65.58,-168.75,1.0511866694404963
5,65.58,-168.58,1.098210979075659
5,67.42,-169.08,1.0241639500572568
5,70.42,-167.58,1.2627384185791015
5,70.42,-167.42,1.298926098006112
5,71.08,-162.25,1.261521615087986
5,71.42,-166.08,1.215342541535695
5,71.75,-166.42,1.5319305658340454
5,71.92,-159.75,1.5152569214502971
5,72.08,-159.92,1.5733541250228882
6,-36.42,13.08,1.8074791431427
6,8.42,-30.25,1.9431323948360624
6,12.08,-32.42,1.9623672905422391
6,14.25,-33.75,1.977155980609712
6,17.92,-35.92,1.9842608656202043
6,19.92,159.92,1.9926292498906453
6,23.92,136.92,1.9918530271166848
6,24.08,140.08,1.9919886418751307
6,27.75,-93.58,1.824366155124846
6,27.92,-155.08,1.98712652637845
6,27.92,-93.92,1.741952033269973
6,27.92,-93.42,1.8171299241838
6,28.08,-93.92,1.6528389737719582
6,28.08,-93.08,1.789709596406846
6,28.25,-93.92,1.6072829621178764
6,28.42,-94.08,1.5218890053885323
6,28.42,-92.75,1.689545444079808
6,28.42,-91.08,1.4974133741287958
6,28.42,-90.92,1.4324430284045993
6,28.42,-90.58,1.3885416218212672
6,28.58,-94.42,1.342172866775876
6,28.58,-94.08,1.407970910980588
6,28.58,-93.92,1.4372262216749645
6,28.58,-92.58,1.5816385462170557
6,28.58,-91.58,1.4248028766541254
6,28.58,-91.42,1.3221598210788907
6,28.58,-91.08,1.0784423436437334
6,28.58,-90.92,1.0253909343764895
6,28.58,-90.75,1.0178051931517464
6,28.58,-90.58,1.0671421573275612
6,28.58,-90.42,1.135568496726808
6,28.58,-90.08,1.194921504883539
6,28.58,-89.75,1.1855045698937916
6,28.58,-89.58,1.221926518848964
6,28.75,-94.42,1.1911559842881705
6,28.75,-94.25,1.2209409390177046
6,28.75,-92.42,1.4192552452995664
6,28.75,-92.08,1.3361346494583857
6,28.75,-91.92,1.279463870184762
6,28.75,-90.58,0.8217261291685558
6,28.75,-90.42,0.8508179868970599
6,28.75,-89.92,0.8845005546297345
6,28.75,-89.75,0.8368432578586397
6,28.92,-94.58,1.0032060259864444
6,28.92,-93.75,1.124608658608936
6,28.92,-93.58,1.1387602516583033
6,28.92,-92.75,1.2393327809515453
6,28.92,-92.08,1.052921175956726
6,28.92,-91.75,0.877493177141462
6,28.92,-91.58,0.7895362064951942
6,28.92,-90.58,0.6505426054909116
6,28.92,-89.92,0.6881212606316521
6,28.92,-89.75,0.6293083826700846
6,28.92,-89.58,0.5636320177997861
6,29.08,-94.58,0.8428901973224822
6,29.08,-93.92,0.9659226593517122
6,29.08,-93.25,1.0258749581518627
6,29.08,-89.75,0.5489811301231384
6,30.92,-155.08,1.9847135203225272
6,33.42,-118.58,1.5938926197233654
6,34.92,159.92,1.8069203694661455
6,41.92,-10.42,1.7796125979650588
6,41.92,-9.92,1.7655748072124662
6,41.92,-9.58,1.7216014634995234
6,41.92,-9.42,1.6551511457988195
6,41.92,-9.25,1.559532364209493
6,41.92,-9.08,1.408676754860651
6,42.08,-9.42,1.6430500178110032
6,42.08,-9.25,1.547418679509844
6,42.42,-9.42,1.5770008223397392
6,42.58,-10.42,1.773477321579343
6,42.58,-9.92,1.7309174083528065
6,42.58,-9.58,1.5833025773366292
6,42.58,-9.42,1.477311719031561
6,42.75,-61.92,1.452917462303525
6,42.92,-10.42,1.7611758652187528
6,42.92,-9.92,1.684808924084618
6,42.92,-9.58,1.5164107254573278
6,43.58,-62.92,1.4857724564416068
6,44.42,-19.58,1.6211296149662562
6,44.92,-2.58,1.5318427483240764
6,44.92,-2.42,1.4611220813932873
6,44.92,-2.08,1.2996609466416496
6,44.92,-1.92,1.2476877002489
6,44.92,-1.58,1.179330635638464
6,45.08,-2.42,1.3850904816672915
6,45.08,-2.08,1.2325115629604884
6,45.08,-1.58,1.1106417519705636
6,45.25,-1.92,1.1190398250307356
6,45.25,-1.58,1.02041319722221
6,45.42,-2.08,1.1545967204230172
6,45.42,-1.92,1.0892729191553026
6,45.42,-1.75,1.0214001763434637
6,45.42,-1.58,0.9424773511432466
6,45.42,-1.42,0.8264013415291196
6,45.58,-2.25,1.2064016120774406
6,45.58,-2.08,1.1520875550451732
6,45.58,-1.75,1.0060411861964635
6,45.92,-4.25,1.627374915849595
6,46.08,-4.58,1.6187388442811512
6,46.42,-3.92,1.4621225226493109
6,46.58,-3.42,1.306686934970674
6,46.75,-5.42,1.4949553807576497
6,46.75,-3.58,1.3151274238313948
6,46.92,-62.58,1.2272692578179496
6,46.92,-14.08,1.5565254801795596
6,46.92,-2.75,0.9965129352751232
6,47.08,-2.92,1.009604207106999
6,47.42,159.92,1.4940489757628668
6,47.58,-64.08,0.9760545179957436
6,47.58,-60.08,1.3862619683856057
6,49.58,-66.08,1.0046657068388802
6,49.58,-62.08,1.2285158946400596
6,70.92,-159.58,1.0407355866934125
6,71.25,-158.25,1.15797739870408
6,71.25,-157.75,1.1454163624180689
6,71.25,-154.42,1.264696737130483
6,71.42,-156.25,1.142611801624298
6,71.42,-155.92,0.9987093318592418
6,71.42,-154.75,1.3399650851885478
6,71.42,-154.08,1.2664447511945451
6,71.58,-156.42,1.3203309774398804
6,71.58,-155.92,1.2093045949935912
6,71.58,-154.92,1.2384941975275676
6,71.58,-154.75,1.2512701153755188
6,71.58,-154.58,1.1833019971847534
6,71.58,-154.42,1.1879367572920665
6,71.75,-155.08,1.181378768550025
6,71.75,-154.92,1.2859448393185933
6,71.92,-154.75,1.411686944961548
6,71.92,-154.58,1.386821150779724
6,72.08,-154.58,1.4616483449935913
6,72.42,-157.58,1.4646703004837036
6,72.42,-154.58,1.7336809635162354
6,72.75,-158.42,1.4582509994506836
6,72.92,-157.92,1.6679123640060425
7,-48.08,29.92,1.9115022591182165
7,-44.58,21.58,1.89663869426364
7,-43.08,29.92,1.864605358668736
7,-42.75,170.75,0.9119753667286464
7,-42.08,21.08,1.8390170733133953
7,-41.58,171.42,1.1775246205784025
7,-41.42,171.08,1.6966157470430647
7,-41.42,171.25,1.6171740463801794
7,-41.25,170.92,1.7716587895438785
7,-41.08,170.58,1.7960414659409296
7,-36.58,18.92,1.639964580535889
7,-18.75,162.92,1.9034584760665896
7,19.92,115.08,1.934565231913612
7,20.92,119.92,1.9557037637347268
7,22.58,-158.08,1.982928474744161
7,27.58,-94.08,1.869642660731361
7,27.58,-93.92,1.8802397364661807
7,27.58,-93.58,1.8794351645878384
7,27.58,-93.42,1.8816216162272863
7,27.58,-93.25,1.8828933920179096
7,27.58,-93.08,1.8774054845174153
7,27.58,-92.08,1.8817276841118225
7,27.75,-94.08,1.827869863737197
7,27.75,-93.08,1.8416239136741277
7,27.75,-92.75,1.8333511182240076
7,27.75,-92.58,1.8359674839746385
7,27.75,-92.42,1.831654321579706
7,27.75,-92.08,1.8428890307744343
7,27.75,-91.92,1.8347372951961696
7,27.75,-91.58,1.8355194216682795
7,27.75,-90.58,1.7959466945557367
7,27.92,-96.08,1.7072623684292747
7,27.92,-95.92,1.7228548242932271
7,27.92,-95.58,1.7405937399183
7,27.92,-94.08,1.7729062693459647
7,27.92,-93.08,1.7898548727943784
7,27.92,-92.08,1.7775702533267794
7,27.92,-91.42,1.7589100372223627
7,27.92,-91.25,1.7482210454486666
7,27.92,-91.08,1.7287271647226243
7,27.92,-90.75,1.733706962494623
7,27.92,-90.58,1.7367502280644007
7,28.08,-95.08,1.712798748697553
7,28.08,-94.92,1.7257211492175148
7,28.08,-94.58,1.7120205618086315
7,28.08,-94.42,1.7009114083789645
7,28.08,-93.08,1.716758682614281
7,28.08,-92.08,1.6805429061253865
7,28.08,-91.08,1.6523622558230446
7,28.08,-90.92,1.6452044873010545
7,28.08,-90.58,1.649947756812686
7,28.25,-94.75,1.656874247959682
7,28.25,-94.25,1.6237368470146545
7,28.25,-94.08,1.6219401359558103
7,28.25,-93.75,1.6572554338546026
7,28.25,-93.58,1.6619046075003487
7,28.25,-93.42,1.6578728130885534
7,28.25,-93.08,1.6310957556679135
7,28.25,-92.92,1.6165330296471006
7,28.25,-92.08,1.5441857803435552
7,28.25,-91.58,1.5208361602964855
7,28.25,-91.25,1.5151178411075048
7,28.25,-90.58,1.494091919490269
7,28.42,-93.08,1.5173929645901634
7,28.42,-92.58,1.5009235768091111
7,28.42,-92.42,1.478565085501898
7,28.42,-92.25,1.463390969094776
7,28.42,-92.08,1.4593705165953863
7,28.42,-91.75,1.411935181844802
7,28.42,-91.58,1.396830098969596
7,28.42,-91.25,1.350585665021624
7,28.42,-91.08,1.2990747775350298
7,28.42,-90.92,1.2509777460779463
7,28.42,-90.75,1.2440085382688613
7,28.42,-90.58,1.233658024242946
7,28.58,-93.08,1.393175286906106
7,28.58,-92.42,1.3587215968540736
7,28.58,-92.25,1.371390944435483
7,28.58,-92.08,1.3499974778720312
7,28.58,-91.92,1.3305224293754214
7,28.58,-91.75,1.2631878824461074
7,28.58,-91.58,1.1861948370933533
7,28.58,-91.42,1.1476556630361647
7,28.58,-91.08,1.010262560276758
7,28.58,-90.92,0.9753528492791312
7,28.58,-90.75,0.975623125121707
7,28.58,-90.58,1.0147574203354972
7,28.75,-93.58,1.334794260206677
7,28.75,-93.08,1.3023481454168049
7,28.75,-92.92,1.2829806009928386
7,28.75,-92.58,1.2610589350972856
7,28.75,-92.42,1.2639546110516502
7,28.75,-92.25,1.2526076208977472
7,28.75,-92.08,1.2048502280598594
7,28.75,-91.92,1.1507148402077811
7,28.75,-91.58,0.983589041800726
7,28.75,-90.58,0.8307582991463798
7,28.92,-93.92,1.2315358860152108
7,28.92,-93.58,1.2130450152215504
7,28.92,-93.42,1.190550582749503
7,28.92,-93.25,1.1848665646144323
7,28.92,-93.08,1.1637863970938185
7,28.92,-92.92,1.1675752600034075
7,28.92,-92.75,1.1546706131526403
7,28.92,-92.58,1.1446524972007388
7,28.92,-92.42,1.115664501984914
7,28.92,-92.25,1.0670023532140822
7,28.92,-92.08,1.0074461528233118
7,28.92,-91.92,0.9395920208522252
7,28.92,-91.75,0.8551294860385713
7,28.92,-91.58,0.7619020229294187
7,28.92,-90.58,0.6696888861202058
7,28.92,-90.25,0.7252875963846842
7,28.92,-90.08,0.7544474119231814
7,29.08,-93.92,1.069977990218571
7,29.08,-93.58,1.0904568831125896
7,29.08,-93.42,1.0928252736727395
7,29.08,-93.25,1.081004227910723
7,29.08,-93.08,1.0863810976346333
7,29.08,-92.92,1.058996714296795
7,29.08,-92.75,1.0433384804498582
7,29.08,-92.58,1.0191378337996346
7,29.08,-92.42,0.904515856788272
7,29.08,-92.08,0.7032336904889062
7,29.25,-93.75,0.8824145254634675
7,29.25,-93.58,0.8949788156009856
7,29.25,-93.42,0.9003346335320246
7,29.25,-93.25,0.9166477776709056
7,29.25,-93.08,0.92794398466746
7,29.25,-92.92,0.9105926326342992
7,29.25,-92.75,0.8989251199222746
7,29.42,-93.75,0.6995867944899059
7,29.42,-93.58,0.7194821039835612
7,29.42,-93.42,0.7360889173689342
7,29.42,-93.25,0.7340180831296104
7,29.42,-93.08,0.7598883864425477
7,29.42,-92.92,0.7607883498782203
7,29.58,-93.58,0.5659986109960646
7,29.58,-93.42,0.5816301518962497
7,31.08,-80.92,1.2213866824195498
7,31.08,-80.58,1.5549417677379789
7,31.08,-79.75,1.9265607198079424
7,31.25,-81.08,0.9079830135617938
7,31.25,-80.92,1.1287701896258764
7,31.42,-81.25,0.5180449897334689
7,31.42,-80.92,1.0230980742545357
7,31.42,-80.58,1.4220538593473888
7,33.42,-118.58,1.6415935414178031
7,37.08,-76.42,0.16933848602431162
7,38.58,-73.08,1.6349121445701236
7,42.58,-10.42,1.7942468495596022
7,42.58,-9.92,1.670094092686971
7,42.92,-10.42,1.7929972921098982
7,42.92,-9.92,1.6555375144595192
7,42.92,-9.58,1.4175698075975691
7,43.75,-125.08,1.3376104916845049
7,43.92,-125.42,1.4939255033220564
7,43.92,-124.58,0.8903070461182367
7,44.08,-126.08,1.656841970625378
7,44.08,-125.42,1.4283039967219036
7,44.25,-125.08,1.1877480575016566
7,44.42,-125.42,1.4082676739919753
7,44.42,37.75,1.2862618537176222
7,44.58,-124.42,0.7879572340420314
7,44.92,-125.42,1.5123762687047322
7,44.92,-2.08,1.4265902382986886
7,44.92,-1.92,1.397002447219122
7,45.08,-2.08,1.3958952540443057
7,45.08,-1.58,1.2715762456258135
7,45.25,-1.92,1.3397860441889082
7,45.25,-1.58,1.2179172464779444
7,45.42,-2.08,1.3640218121664864
7,45.42,-1.92,1.319533103988284
7,45.42,-1.75,1.2466333849089486
7,45.58,-2.25,1.385432243347168
7,45.58,-2.08,1.3527290594010126
7,45.75,-1.75,1.2075104514757793
7,46.58,-125.25,1.6071719044730777
7,46.58,-124.58,0.9150233666102092
7,46.92,-62.58,1.1153428100404286
7,47.58,-64.08,0.986625523794265
7,47.58,-60.08,1.3416242656253634
7,49.25,-59.92,1.390123287836711
7,49.58,-66.08,1.006562420300075
7,49.58,-0.25,0.7698824405670166
7,53.42,0.08,0.2684628926217556
7,53.42,0.25,0.49018388241529465
7,57.92,-147.92,1.412898858388265
7,58.08,-148.08,1.353376811458951
7,58.25,-148.25,1.2877211201758612
7,58.42,-148.42,1.2302326588403611
7,58.58,-148.58,1.1944693412099563
7,58.92,-148.92,1.1620591339610873
7,58.92,-148.75,1.1641154573077248
7,59.08,-149.08,1.1472954977126348
7,59.08,-148.92,1.1508917666616894
7,59.08,-147.25,1.2836317817370098
7,59.25,-149.08,1.1711538973308744
7,59.25,-148.08,1.1592907025700523
7,59.25,-147.25,1.2113503984042575
7,59.42,-149.42,1.1584920968328205
7,59.42,-149.25,1.1821598240307398
7,59.42,-149.08,1.187362463701339
7,59.42,-148.42,1.1448338883263725
7,59.42,-148.08,1.1518179916200184
7,59.42,-147.25,1.1640432278315227
7,59.58,-149.08,1.1855831430071877
7,59.58,-148.42,1.1559484260422843
7,59.58,-148.25,1.1530194594746543
7,59.58,-148.08,1.140463071210044
7,59.58,-147.25,1.1745280822118125
7,59.75,-147.25,1.1293462713559468
7,59.92,-147.25,1.020105350585211
7,59.92,-146.92,1.1883993773233323
7,65.42,-168.58,1.1725104536328996
7,65.58,-168.92,1.1336882029260908
7,65.58,-168.75,1.162547835281917
7,65.58,-168.58,1.1959218212536402
7,67.42,-169.08,1.0665214657783508
7,68.08,-167.75,1.2802049602781025
7,68.42,-167.58,1.1804849959555126
7,68.92,-166.92,1.116880096140362
7,69.08,-167.75,1.2806264559427898
7,69.08,-167.42,1.2317270636558533
7,69.25,-168.25,1.340376956122262
7,69.42,-168.58,1.3715564182826452
7,69.58,-169.08,1.4361535424277896
7,69.92,-164.58,1.179038521789369
7,70.42,-163.25,1.2306876012257166
7,70.42,-149.42,0.5121373375877738
7,70.58,-161.08,1.1402826820101055
7,70.58,-160.92,1.093042756829943
7,70.58,-151.42,0.440188207619247
7,70.58,-149.42,0.5677560113370419
7,70.75,-161.92,1.3501782701129006
7,70.75,-159.92,0.8985652072089059
7,70.92,-162.58,1.4260657401311965
7,70.92,-162.42,1.427584755988348
7,70.92,-160.08,1.2943426313854398
7,70.92,-159.75,1.2045423218182154
7,70.92,-159.58,1.1277596013886588
7,70.92,-159.42,1.0381777769043332
7,71.08,-163.08,1.452909651256743
7,71.08,-159.92,1.3337305426597594
7,71.08,-159.75,1.3282694488763809
7,71.08,-158.08,1.007712917668479
7,71.08,-157.92,0.9958064556121826
7,71.08,-152.58,0.7254465724292555
7,71.08,-152.42,0.7245304521761442
7,71.25,-163.42,1.4328646943682717
7,71.25,-160.08,1.34591062201394
7,71.25,-158.25,1.2318889640626454
7,71.25,-158.08,1.1994670799800329
7,71.25,-157.92,1.1741122944014413
7,71.25,-157.75,1.1574092081614904
7,71.25,-157.08,0.9513874508085703
7,71.25,-152.42,0.9919253066182137
7,71.42,-163.58,1.38886102608272
7,71.42,-158.42,1.336055878135893
7,71.42,-157.08,1.1563562807582677
7,71.42,-156.92,1.0787949505306424
7,71.42,-156.25,0.7693254351615906
7,71.42,-156.08,0.7355656623840332
7,71.42,-155.92,0.7210620301110404
7,71.42,-155.25,0.7162327302826775
7,71.42,-155.08,0.7288747272070717
7,71.42,-154.58,0.7846195014084086
7,71.42,-152.58,1.0714326985180378
7,71.42,-152.42,1.0879311203956603
7,71.42,-152.25,1.1000246365865072
7,71.58,-163.25,1.297833709155812
7,71.58,-162.92,1.3070775932735867
7,71.58,-158.58,1.382664449074689
7,71.58,-157.25,1.2388744155565898
7,71.58,-156.25,1.1255963504314423
7,71.58,-156.08,1.057489088177681
7,71.58,-155.75,0.9836659176009042
7,71.58,-155.58,0.966350331902504
7,71.58,-155.42,0.8932255655527115
7,71.58,-155.08,0.8836637705564498
7,71.58,-154.42,0.9005539781517453
7,71.58,-152.08,1.2693540453910828
7,71.75,-155.92,1.2207922795239616
7,71.75,-155.08,1.0710801262604563
7,71.75,-154.42,1.0257064435217116
7,71.75,-154.25,1.0058328757683437
7,71.75,-152.08,1.3323853532473249
7,71.75,-151.92,1.3780482371648153
7,71.92,-162.58,1.2270540174315958
7,71.92,-162.42,1.2196594231268938
7,71.92,-158.58,1.4608336757211124
7,71.92,-158.42,1.4337449073791504
7,71.92,-154.92,1.2155367872294258
7,71.92,-154.42,1.2139285074339972
7,71.92,-154.25,1.1827611107575269
7,71.92,-154.08,1.1322805682818096
7,71.92,-151.92,1.465223304927349
7,72.08,-162.08,1.2554356424432052
7,72.08,-158.25,1.39921585470438
7,72.08,-154.42,1.2651993176516363
7,72.08,-154.08,1.290807943791151
7,72.08,-152.08,1.530480041223414
7,72.08,-151.75,1.529812480722155
7,72.25,-161.92,1.3486838738123577
7,72.25,-158.08,1.4023352776254927
7,72.25,-153.92,1.419554384315715
7,72.25,-151.58,1.6002990007400513
7,72.42,-161.58,1.4113905529181163
7,72.42,-158.08,1.3796538966042655
7,72.42,-157.92,1.3398563010351998
7,72.42,-153.92,1.547847446273355
7,72.42,-153.42,1.5722842812538147
7,72.42,-151.58,1.591547424143011
7,72.58,-161.42,1.4550269742806752
7,72.58,-161.08,1.44010924299558
7,72.58,-157.75,1.4104815904910748
7,72.58,-157.58,1.4306631258555822
7,72.58,-153.08,1.658823976914088
7,72.58,-152.75,1.6378183473240246
7,72.58,-151.92,1.638388070193204
7,72.75,-160.92,1.523734661249014
7,72.75,-157.42,1.443823162998472
7,72.92,-160.92,1.531070202589035
7,72.92,-160.75,1.5273439983526866
7,72.92,-160.58,1.504094421863556
7,72.92,-157.42,1.6138917207717896
7,72.92,-157.08,1.593822641806169
7,72.92,-152.42,1.7682311101393269
7,73.08,-160.58,1.5214141498912463
7,73.08,-160.42,1.5153578844937412
7,73.08,-160.25,1.5179368952910106
7,73.08,-160.08,1.5327993631362915
7,73.08,-157.08,1.6435022262426524
7,73.08,-156.92,1.6467356383800509
7,73.25,-160.08,1.581274960722242
7,73.42,-159.92,1.612573580308394
7,73.42,-159.75,1.605853796005249
7,73.42,-156.75,1.747902588410811
7,73.42,-156.58,1.7819945712884266
7,73.58,-159.58,1.7096751561531651
7,73.58,-159.42,1.706696351369222
7,73.58,-156.75,1.8008951048056283
7,73.75,-159.25,1.727054672581809
7,73.75,-157.92,1.7647146085898082
7,73.75,-157.25,1.778623443383437
7,73.92,-158.92,1.7566371072422375
7,73.92,-158.42,1.746110475063324
8,-56.08,-0.08,1.902255826526218
8,17.92,57.92,0.9254677295684814
8,18.42,57.08,0.7846231957276663
8,22.58,-158.25,1.9797586316154117
8,22.58,-158.08,1.979752813066755
8,25.92,-97.08,1.2638044215383983
8,25.92,-96.92,1.6811492953981673
8,25.92,-96.75,1.8400519405092512
8,25.92,-96.58,1.884705418632144
8,25.92,-96.42,1.9055077745800928
8,26.08,-96.75,1.8264189107077464
8,26.08,-96.42,1.9020270733606248
8,26.25,-96.92,1.6743455614362444
8,26.42,-96.92,1.7185770954404558
8,26.42,-96.42,1.9004765635445005
8,26.58,-97.08,1.5280369860785348
8,26.58,-96.58,1.8881115232195176
8,26.75,-96.58,1.9004274606704712
8,26.92,-97.08,1.6823766799200148
8,26.92,-96.58,1.903826185635158
8,26.92,-96.42,1.9123953864687968
8,27.08,-97.42,0.9847452271552312
8,27.08,-97.25,1.3058339130310783
8,27.08,-97.08,1.6835601840700425
8,27.08,-96.92,1.8465971833183652
8,27.08,-96.75,1.8962695371536984
8,27.08,-96.58,1.910188765752883
8,27.08,-96.42,1.914423318136306
8,27.25,-96.92,1.814719892683483
8,27.25,-96.25,1.916206161181132
8,27.42,-96.92,1.7427613962264288
8,27.42,-96.08,1.9181482735134303
8,27.42,-95.92,1.921140506154015
8,27.58,-96.58,1.872849118141901
8,27.58,-96.25,1.905196025258019
8,27.58,-96.08,1.9116300571532476
8,27.58,-95.92,1.9160549300057548
8,27.58,-95.58,1.917663778577532
8,27.58,-95.42,1.9190927687145416
8,27.58,-95.25,1.9239980777104695
8,27.58,-95.08,1.925566485949925
8,27.58,-94.92,1.922439143771217
8,27.58,-94.75,1.921055492900667
8,27.58,-94.58,1.9208468369075231
8,27.58,-94.42,1.9202169463748024
8,27.58,-94.08,1.9240832442329043
8,27.58,-93.92,1.9228417759849912
8,27.58,-93.75,1.9193538597651891
8,27.58,-93.58,1.9155659675598145
8,27.75,-96.42,1.8636597224644251
8,27.75,-95.25,1.908934439931597
8,27.75,-94.58,1.9039787451426189
8,27.75,-94.42,1.9043100050517492
8,27.75,-93.92,1.8969942331314087
8,27.75,-93.75,1.8963864530835832
8,27.75,-93.58,1.8874581768399192
8,27.92,-155.08,1.9843447151638212
8,27.92,-96.58,1.544806304432097
8,27.92,-96.42,1.7208175034750075
8,27.92,-95.42,1.8902266366141185
8,27.92,-94.58,1.884806820324489
8,27.92,-94.25,1.8773325170789448
8,27.92,-93.92,1.8747541904449463
8,27.92,-93.75,1.871337856565203
8,27.92,-93.58,1.8613228968211584
8,28.08,-95.42,1.848999029114133
8,28.08,-94.58,1.8558630659466695
8,28.08,-94.08,1.839842881475176
8,28.25,-95.42,1.772926586014884
8,28.25,-94.75,1.813248895463489
8,28.25,-94.08,1.8006629205885387
8,28.42,-95.58,1.4938253164291382
8,28.42,-94.75,1.768291467712039
8,28.42,-94.08,1.7478895357676916
8,28.42,-91.25,1.3844427438009352
8,28.42,-91.08,1.335285382611411
8,28.42,-90.92,1.2961834186599368
8,28.42,-90.75,1.2853804628054302
8,28.42,-90.58,1.2800744147527785
8,28.42,-89.92,1.4278464430854434
8,28.58,-95.58,1.122197721685682
8,28.58,-94.92,1.6413935309364682
8,28.58,-94.08,1.656048644156683
8,28.58,-92.42,1.5078870739255632
8,28.58,-92.25,1.4910808915183658
8,28.58,-92.08,1.4738128696169173
8,28.58,-91.92,1.4393497960908073
8,28.58,-91.58,1.3427504755201791
8,28.58,-91.42,1.261081508227757
8,28.58,-91.25,1.1644867630231948
8,28.58,-91.08,1.0768184860547385
8,28.58,-90.92,1.0235869316827684
8,28.58,-90.75,1.0301244854927063
8,28.58,-90.58,1.06094567548661
8,28.58,-90.42,1.1146951942216785
8,28.58,-89.75,1.2146038129216148
8,28.58,-89.58,1.2261877769515628
8,28.75,-94.92,1.4221420458384924
8,28.75,-94.08,1.5229630356743222
8,28.75,-92.58,1.430768268448966
8,28.75,-92.42,1.4133516606830416
8,28.75,-92.25,1.3825348218282063
8,28.75,-92.08,1.3446560473669142
8,28.75,-91.92,1.3025268543334234
8,28.75,-91.75,1.2510674113319034
8,28.75,-91.58,1.146120324021294
8,28.75,-91.42,1.0229843571072532
8,28.75,-90.58,0.8973657006309146
8,28.75,-90.42,0.940941688560304
8,28.75,-89.92,1.02888837598619
8,28.75,-89.75,1.0205802747181485
8,28.92,-94.92,1.13361048130762
8,28.92,-94.08,1.3183039880934215
8,28.92,-93.92,1.3436160541716076
8,28.92,-93.58,1.3372211285999842
8,28.92,-93.42,1.3530898150943576
8,28.92,-93.25,1.376273683139256
8,28.92,-92.92,1.3547780854361398
8,28.92,-92.75,1.3294598914328075
8,28.92,-92.58,1.3102645533425468
8,28.92,-92.42,1.2801405588785808
8,28.92,-92.25,1.2097008285068331
8,28.92,-92.08,1.1349985911732627
8,28.92,-91.92,1.0696214267185755
8,28.92,-91.58,0.8608676365443638
8,28.92,-90.75,0.6269411856219882
8,28.92,-90.58,0.681337948356356
8,28.92,-90.42,0.7429417882646833
8,28.92,-90.08,0.8281688008989606
8,28.92,-89.92,0.8892628295081002
8,28.92,-89.75,0.8298216547284808
8,28.92,-89.58,0.6937867445605141
8,29.08,-94.92,0.7908283982958112
8,29.08,-94.08,1.0807999542781286
8,29.08,-93.92,1.1269178645951408
8,29.08,-93.58,1.1857748145148868
8,29.08,-93.42,1.2025571664174397
8,29.08,-93.25,1.2181608449845087
8,29.08,-93.08,1.2407606300853549
8,29.08,-92.92,1.218778371810913
8,29.08,-92.75,1.2066181983266555
8,29.08,-92.58,1.1434751607122875
8,29.08,-92.42,1.0150925715764365
8,29.25,-94.08,0.8808337989307585
8,29.25,-93.75,0.9122248377118792
8,29.25,-93.58,0.9411510938689822
8,29.25,-92.75,0.9829498245602564
8,29.42,-94.08,0.7214563545726594
8,29.42,-93.75,0.7263717339152381
8,29.42,-93.42,0.7761413909140087
8,29.42,-93.25,0.780481585434505
8,29.42,-93.08,0.8078395298549107
8,29.58,-93.58,0.6173282464345297
8,29.92,-150.08,1.9799872580028717
8,30.75,-79.08,1.9770722502753848
8,30.92,-78.92,1.9778537920543129
8,31.08,-81.08,0.99239087388629
8,31.08,-80.92,1.1924353270303636
8,31.08,-80.58,1.5154116324016027
8,31.08,-79.92,1.842087501571292
8,31.08,-79.75,1.919451497849964
8,31.25,-81.08,0.8738071634655907
8,31.25,-80.92,1.1011320239021665
8,31.25,-80.08,1.7812334355853854
8,31.25,-79.42,1.9625476655505951
8,31.42,-81.25,0.49895374689783367
8,31.42,-81.08,0.7053910862831843
8,31.42,-80.75,1.2270967818441845
8,31.42,-79.92,1.795189925602504
8,32.42,-66.08,1.9886399791354223
8,33.08,-78.75,1.2707292068572271
8,33.08,-77.58,1.8356887045360744
8,33.08,-76.58,1.9439133973348708
8,33.08,-76.25,1.9671562966846283
8,33.08,-75.75,1.9769041311173212
8,33.42,-118.58,1.6284784021831693
8,33.42,-118.08,1.6140253373554774
8,33.42,-74.58,1.980670486177717
8,33.58,-70.08,1.9859999531791324
8,33.92,-77.58,1.451090347199213
8,33.92,-76.42,1.8661587238311768
8,33.92,-75.92,1.9289434921173825
8,33.92,-75.42,1.9673769246964228
8,34.42,-76.58,1.3806647686731248
8,34.42,-75.58,1.9222507249741327
8,34.42,-74.58,1.9741809822264171
8,34.92,-75.92,1.5615457012539815
8,34.92,-75.08,1.9236373106638591
8,34.92,-74.08,1.9766932669140045
8,35.42,-72.42,1.980496497381301
8,35.58,-74.58,1.842625447681972
8,35.58,-73.58,1.9729231141862416
8,35.92,-75.08,1.546702606337411
8,36.08,-75.75,0.9181768950961884
8,36.08,-74.42,1.7220541068485804
8,36.08,-73.92,1.8653489351272583
8,36.08,-72.42,1.972158596629188
8,36.42,-71.42,1.9739078737440563
8,36.75,-74.92,1.5568840276627314
8,36.75,-73.92,1.7523048945835658
8,37.08,-76.42,0.13875457441264932
8,37.58,-74.92,1.4156671024504162
8,37.58,-74.08,1.680942864645095
8,38.08,-72.75,1.8060549043473744
8,38.08,-72.42,1.820354631968907
8,38.25,-72.75,1.7920023373195104
8,38.25,-72.58,1.8104206210091
8,38.58,-72.42,1.800029686519078
8,38.92,-150.08,1.9636219229016985
8,41.58,-10.25,1.8022181420099168
8,41.75,-10.08,1.7708637487320673
8,41.75,-9.92,1.7444075345993042
8,41.75,-9.42,1.487405090104966
8,41.92,-9.58,1.591063062349955
8,42.08,-9.58,1.5680312656220936
8,42.25,-9.42,1.4304952224095662
8,43.75,-150.08,1.8385671036584037
8,48.42,-126.08,1.0497632452419825
8,48.58,-128.92,1.699010900088719
8,49.08,-134.92,1.768702268600464
8,49.42,-0.58,0.6568085579645067
8,49.92,-144.92,1.6739265067236764
8,53.42,0.08,0.35672311688011343
8,53.42,0.25,0.5450354104950315
8,64.25,-166.58,0.9406477241289048
8,65.92,-167.42,0.6636602410248348
8,66.42,-168.92,0.9391171960603624
8,66.42,-167.92,0.8025746274562109
8,66.92,-168.42,0.949235615276155
8,67.42,-169.08,0.9861698406083244
8,67.42,-167.42,1.0175890667097909
8,67.92,-168.92,1.0861948870477225
8,67.92,-168.08,1.0774211571330117
8,68.08,-167.42,1.045903640133994
8,68.08,-167.25,1.026384248619988
8,68.58,-168.42,1.1735760768254595
8,68.92,-169.08,1.215292147227696
8,70.25,-164.42,1.1898124132837569
8,70.25,-163.92,1.1246914040474665
8,70.25,-163.42,1.0338397196360998
8,70.42,-168.42,1.5278127306983584
8,70.42,-167.92,1.5002327532995314
8,70.42,-167.42,1.4521611020678566
8,70.42,-166.92,1.405721250034514
8,70.42,-166.42,1.3524649029686338
8,70.42,-165.92,1.3516015268507455
8,70.42,-165.42,1.355282397497268
8,70.42,-164.92,1.3293186539695376
8,70.58,-168.92,1.540926252092634
8,70.58,-168.58,1.535663326581319
8,70.58,-166.58,1.4027522177923293
8,70.58,-161.58,1.128280335948581
8,70.58,-161.42,1.1145375825109936
8,70.75,-168.25,1.5374260062263123
8,70.92,-167.92,1.4826317174094064
8,70.92,-160.08,1.2846010355722337
8,70.92,-149.42,1.1457795530557633
8,71.08,-167.58,1.4772697460083737
8,71.08,-167.25,1.4811971698488509
8,71.08,-160.75,1.4271631297611056
8,71.08,-157.42,0.8993240481331235
8,71.08,-152.75,0.85669625940777006
8,71.08,-152.58,0.8854598459743318
8,71.08,-152.42,0.8850034645625523
8,71.08,-149.42,1.272796094417572
8,71.25,-166.92,1.4995233104342507
8,71.25,-157.58,1.1927615943409149
8,71.25,-152.42,1.0815205233437677
8,71.25,-149.25,1.396141489346822
8,71.42,-166.58,1.5237412452697754
8,71.42,-163.58,1.512662717274257
8,71.42,-161.42,1.456903616587321
8,71.42,-157.92,1.391207184110369
8,71.42,-155.25,0.9061139424641927
8,71.42,-155.08,0.9241099641436622
8,71.42,-152.75,1.1798512254442488
8,71.42,-152.58,1.1943901578585308
8,71.42,-152.42,1.227464729831332
8,71.42,-152.25,1.243756041640327
8,71.42,-149.25,1.4488717377185822
8,71.42,-149.08,1.4674758195877076
8,71.58,-166.08,1.5636977695283436
8,71.58,-164.58,1.544819712638855
8,71.58,-159.42,1.4603650456383117
8,71.58,-158.75,1.4792022307713826
8,71.58,-158.58,1.466635681333996
8,71.58,-158.25,1.4591073251905895
8,71.58,-157.92,1.4388654260408311
8,71.58,-157.75,1.429072692280724
8,71.58,-157.42,1.394984693754287
8,71.58,-157.25,1.3854265071096874
8,71.58,-157.08,1.3585124015808103
8,71.58,-156.75,1.319324459348406
8,71.58,-155.75,1.1489482947758265
8,71.58,-155.58,1.1209762947899955
8,71.58,-155.42,1.0580736710911705
8,71.58,-155.08,1.0477536349069505
8,71.58,-152.58,1.2592358532406034
8,71.58,-152.42,1.293617007278261
8,71.58,-152.08,1.3367947538693743
8,71.58,-149.08,1.4715042650699617
8,71.75,-159.08,1.4907989785784768
8,71.75,-158.92,1.4997143064226424
8,71.75,-156.58,1.4006320465178717
8,71.75,-156.25,1.391691545645396
8,71.75,-155.92,1.3892534517106556
8,71.75,-152.08,1.381290838831947
8,71.75,-149.08,1.503259402513504
8,71.92,-166.08,1.5603347959972562
8,71.92,-163.58,1.5108570882252284
8,71.92,-162.42,1.4654951810836792
8,71.92,-161.08,1.4928516149520874
8,71.92,-159.75,1.4525414989108132
8,71.92,-159.58,1.4817430008025396
8,71.92,-159.42,1.4928285507928758
8,71.92,-155.58,1.4144113972073509
8,71.92,-155.42,1.40928049882253
8,71.92,-155.25,1.400626994314648
8,71.92,-155.08,1.4233608756746563
8,71.92,-153.75,1.340533801487514
8,71.92,-152.42,1.451681590080261
8,71.92,-151.92,1.4310780107975003
8,71.92,-148.92,1.5274333834648133
8,72.08,-166.08,1.5735258772259666
8,72.08,-160.08,1.500840151309967
8,72.08,-159.92,1.491477262406122
8,72.08,-159.75,1.4934380792436146
8,72.08,-159.42,1.5102002322673798
8,72.08,-154.08,1.4169894683928717
8,72.08,-151.92,1.5264714062213898
8,72.08,-151.75,1.5268567204475405
8,72.25,-164.25,1.5327054375693911
8,72.25,-160.58,1.5155351218723117
8,72.25,-159.75,1.4875638371422175
8,72.25,-159.58,1.4971199603307814
8,72.25,-159.08,1.517655110359192
8,72.25,-153.58,1.5062741935253143
8,72.25,-152.08,1.5394244611263277
8,72.42,-166.08,1.561777586028689
8,72.42,-164.08,1.5300082365671794
8,72.42,-161.58,1.5398408344813757
8,72.42,-161.08,1.5203544469106764
8,72.42,-159.58,1.5050634713399975
8,72.42,-159.42,1.4980652672903878
8,72.42,-159.25,1.5007291180746896
8,72.42,-159.08,1.506839088031224
8,72.42,-158.92,1.5106349218459356
8,72.42,-158.75,1.5171822479793005
8,72.42,-152.08,1.5675858169794084
8,72.58,-166.08,1.5616958198093234
8,72.58,-163.92,1.5251664831524805
8,72.58,-161.92,1.5313505161376226
8,72.58,-161.75,1.537901140394665
8,72.58,-161.58,1.5269445067360288
8,72.58,-161.42,1.5312324024382091
8,72.58,-161.25,1.5329136110487438
8,72.58,-159.25,1.5577298402786257
8,72.58,-159.08,1.563858293351673
8,72.58,-158.92,1.5725547134876252
8,72.58,-158.75,1.5380103190739949
8,72.58,-158.58,1.5567671741758071
8,72.58,-158.42,1.5794038091387068
8,72.58,-153.08,1.6198064528013532
8,72.75,-163.75,1.5573909963880266
8,72.75,-162.08,1.551956818217323
8,72.75,-161.75,1.5409089780989147
8,72.75,-158.92,1.594420528411865
8,72.75,-158.42,1.5849679765247164
8,72.92,-169.08,1.5318995833396911
8,72.92,-168.58,1.5147023995717366
8,72.92,-167.92,1.5427286568142118
8,72.92,-167.42,1.52430754616147
8,72.92,-166.08,1.5379454238074166
8,72.92,-163.58,1.5731712806792486
8,72.92,-163.08,1.5717433463959467
8,72.92,-161.92,1.5479407821382796
8,72.92,-161.75,1.5410301628566925
8,72.92,-160.92,1.5495656161081224
8,72.92,-160.75,1.5525702578680856
8,72.92,-160.58,1.543511986732483
8,72.92,-158.08,1.5893875777721405
8,73.08,-166.92,1.5405698073537726
8,73.08,-166.08,1.549272358417511
8,73.08,-165.75,1.5494516909122469
8,73.08,-165.58,1.556367391347885
8,73.08,-165.08,1.556105637550354
8,73.08,-164.58,1.5479769139062791
8,73.08,-163.42,1.5771684533073789
8,73.08,-162.58,1.5998902022838593
8,73.08,-162.42,1.592428058385849
8,73.08,-162.25,1.5946031630039217
8,73.08,-162.08,1.593520188331604
8,73.08,-161.92,1.582072788476944
8,73.08,-160.42,1.6050471305847167
8,73.08,-160.25,1.6066271662712095
8,73.25,-166.08,1.561176300048828
8,73.25,-164.08,1.5697098672389984
8,73.25,-163.42,1.594599026441574
8,73.25,-163.08,1.5994387030601502
8,73.25,-162.92,1.611732029914856
8,73.25,-157.58,1.6725537121295928
8,73.42,-166.08,1.594591592487536
8,73.42,-165.58,1.5923406575855457
8,73.42,-162.92,1.6120187759399414
8,73.42,-159.75,1.6744008541107178
8,73.42,-159.58,1.6624634563922882
8,73.58,-166.08,1.64118734786385
8,73.58,-162.58,1.6220255613327026
8,73.58,-159.25,1.7217101156711578
8,73.58,-159.08,1.7254038870334625
8,73.58,-156.92,1.7369916558265686
8,73.75,-166.08,1.6570478175815784
8,73.75,-162.42,1.6468769013881683
8,73.75,-158.08,1.7673654735088349
8,73.92,-166.08,1.695777016878128
8,73.92,-165.92,1.6864566683769229
8,73.92,-165.58,1.6753853380680084
8,73.92,-162.08,1.6864840507507324
8,74.08,-165.08,1.7080052554607392
8,74.08,-164.58,1.7017028033733368
8,74.25,-164.08,1.7478846609592438
9,-54.08,-0.08,1.9070941834222703
9,-26.08,13.42,1.3666239153771174
9,-24.08,13.92,1.0037547775677271
9,-8.08,-14.92,1.841146054722014
9,-6.75,-25.08,1.9264803784234183
9,-4.58,-12.75,1.702472408612569
9,-2.25,-13.25,1.6679236548287528
9,-1.58,-12.92,1.6355662516185216
9,1.25,-15.08,1.861112191563561
9,4.92,-17.08,1.935377495629447
9,7.75,66.92,1.8988590978440785
9,7.75,67.08,1.898727973302205
9,7.92,66.92,1.893183742250715
9,8.58,-19.08,1.8926046632585072
9,10.08,65.42,1.7899410724639893
9,11.75,64.25,1.5305742422739663
9,11.92,64.42,1.4895753860473633
9,11.92,66.92,1.700036576816014
9,12.58,-20.92,1.8036972000485376
9,13.92,63.08,1.460087077958243
9,14.08,66.92,1.6379070225216092
9,15.08,64.42,1.4335308642614455
9,15.75,62.08,1.382557695820218
9,15.92,61.92,1.3517721323739915
9,17.42,60.42,1.342061312425704
9,18.58,58.75,1.1343768522852944
9,18.92,58.92,1.169763908499763
9,19.08,58.42,0.9699012878395262
9,19.25,58.08,0.7552906615393502
9,19.42,58.08,0.6640814046065012
9,21.92,-21.08,1.7806770688011533
9,21.92,-20.75,1.7814794835590182
9,22.58,-158.25,1.979580317224775
9,26.08,-21.92,1.9771379005341303
9,26.08,-20.92,1.9760762055714924
9,26.92,-96.92,1.5660361732755388
9,26.92,-96.75,1.7185587996528262
9,27.08,-152.92,1.980110179810297
9,27.08,-97.25,0.9570867731457664
9,27.08,-97.08,1.2692736245336986
9,27.25,-96.58,1.790745150475275
9,27.42,-97.42,0.6160265132784843
9,27.42,-96.58,1.7554077023551578
9,27.58,-97.08,0.8365001536550976
9,27.58,-96.92,1.1353154068901423
9,27.58,-96.08,1.8683809893471857
9,27.58,-93.92,1.9237664143244424
9,27.58,-93.75,1.9270409288860504
9,27.58,-93.58,1.9259052276611328
9,27.75,-96.25,1.755841714995248
9,27.75,-95.92,1.8355961640675864
9,27.75,-93.92,1.9067923568543936
9,27.75,-93.75,1.907150109608968
9,27.92,-96.75,0.8856093571299598
9,27.92,-96.42,1.380157621133895
9,27.92,-95.58,1.8063008331117176
9,27.92,-94.08,1.8766642411549883
9,27.92,-93.92,1.877979937053862
9,27.92,-93.75,1.8838390225455872
9,28.08,-96.42,1.0013644553366161
9,28.08,-95.75,1.6144177175703502
9,28.08,-95.08,1.8129952862149192
9,28.08,-94.92,1.8321156331471031
9,28.08,-94.75,1.8418428954623995
9,28.08,-94.58,1.8532011225110008
9,28.08,-94.42,1.8400824240275793
9,28.08,-93.92,1.8444147564115976
9,28.25,-95.92,1.178591245696658
9,28.25,-95.25,1.6459173872357322
9,28.25,-94.25,1.795608469418117
9,28.25,-93.92,1.8011077812739782
9,28.25,-91.75,1.746964000520252
9,28.25,-91.42,1.7043289513815016
9,28.42,-95.58,1.0993042928831918
9,28.42,-95.42,1.274069028241294
9,28.42,-92.92,1.7001092433929443
9,28.42,-92.58,1.7012341930752708
9,28.42,-92.08,1.6768459251948766
9,28.42,-91.75,1.6577407519022624
9,28.42,-91.42,1.5475818770272392
9,28.42,-91.08,1.4079594157990956
9,28.42,-90.92,1.3657164403370448
9,28.42,-90.75,1.370624542236328
9,28.58,-95.42,0.9398310979207356
9,28.58,-94.42,1.5139381488164263
9,28.58,-94.25,1.5464989968708582
9,28.58,-92.92,1.5845115128017606
9,28.58,-92.58,1.5810672725949968
9,28.58,-92.42,1.5587441467103504
9,28.58,-92.25,1.5590345291864305
9,28.58,-92.08,1.5533318462825956
9,28.58,-91.75,1.485526272228786
9,28.58,-91.58,1.4011508566992623
9,28.58,-91.42,1.290762151990618
9,28.58,-91.08,1.0769198565256028
9,28.58,-90.92,1.0476667086283369
9,28.58,-90.58,1.099897835935865
9,28.75,-94.42,1.3063401466324216
9,28.75,-92.92,1.4274467740740096
9,28.75,-92.58,1.4317649205525715
9,28.75,-92.42,1.4056082282747542
9,28.75,-92.25,1.3825472252709523
9,28.75,-92.08,1.339156911486671
9,28.75,-91.92,1.277056594689687
9,28.75,-91.75,1.2163839425359453
9,28.75,-90.58,0.9124312315668378
9,28.92,-95.25,0.5400548123178028
9,28.92,-95.08,0.7105316349438259
9,28.92,-94.92,0.8415505233265105
9,28.92,-94.58,0.9944993853569032
9,28.92,-92.92,1.2733454533985682
9,28.92,-92.58,1.2709835852895464
9,28.92,-92.42,1.2197976821944827
9,28.92,-92.25,1.1650855910210385
9,28.92,-92.08,1.0916680636860074
9,28.92,-91.92,1.0026603426252092
9,28.92,-91.58,0.8161962827046713
9,28.92,-90.75,0.6709263012522743
9,29.08,-94.75,0.72379601569402785
9,29.08,-93.08,1.1320955554644268
9,29.08,-92.92,1.121392826239268
9,29.08,-92.75,1.1025334738549732
9,29.08,-92.58,1.0379580032257807
9,29.08,-92.42,0.927119093281882
9,29.25,-92.92,0.9209915427934556
9,29.42,-92.92,0.6999133924643198
9,30.42,-21.58,1.9910439196087064
9,31.08,-80.92,0.9945105087189448
9,31.08,-80.58,1.3137224146298
9,31.08,-79.75,1.8643113601775396
9,31.25,-81.08,0.6902879249481928
9,31.25,-80.92,0.8989774386088053
9,31.42,-81.25,0.4232845270917529
9,31.42,-80.92,0.840622501713889
9,31.42,-80.58,1.171352553935278
9,33.08,-118.08,1.640102159409296
9,33.42,-118.58,1.6210658238047646
9,33.42,-118.25,1.591780852703821
9,33.42,-118.08,1.5754632779530116
9,34.75,-20.58,1.9841731843494237
9,38.08,-24.92,1.965378818057832
9,38.92,-17.92,1.970057731583005
9,42.58,-9.75,1.5973353215626307
9,42.58,-9.42,1.2740111776760643
9,42.92,-14.92,1.90587964512053
9,42.92,-9.58,1.281754488036746
9,45.42,-1.42,1.1069865482194083
9,46.92,-62.58,0.9763607780138652
9,46.92,-11.75,1.7369998296101887
9,47.25,-8.58,1.7406284241449266
9,47.25,-7.42,1.6727055254436674
9,47.42,-7.42,1.612012511207944
9,47.58,-64.08,0.8553975621859232
9,47.58,-60.08,1.1626486040297008
9,47.58,-8.08,1.6309117759977068
9,48.25,-10.08,1.6069885605857486
9,48.42,-126.92,1.3728839102245511
9,48.92,-130.92,1.6753870248794556
9,49.08,-138.92,1.7052237873985654
9,49.42,-138.92,1.6920959381830123
9,49.42,-5.58,1.2311091820398967
9,49.42,-0.25,0.6308819396155221
9,49.58,-66.08,0.8434220694360279
9,49.58,-62.08,1.0179663527579534
9,49.92,-145.08,1.6326471283322288
9,49.92,-134.92,1.6772002208800545
9,62.92,-166.58,0.7621860504150391
9,63.92,-172.42,1.2937153861636208
9,64.58,-167.25,0.7351859098389035
9,65.08,-169.92,0.9174439566476004
9,65.08,-169.08,0.9366175276892524
9,66.42,-167.75,0.7901865258103326
9,66.58,-169.08,0.8931251480465844
9,67.92,-169.08,1.06172357854389
9,68.08,-169.08,1.0920469363530476
9,69.92,-166.42,1.2344848967733837
9,69.92,-163.92,0.9557185882613772
9,70.08,-169.08,1.405027906099955
9,70.92,-162.08,1.356003380957104
9,71.08,-160.75,1.3490907947222393
9,71.25,-163.42,1.4979132584163122
9,71.25,-163.08,1.497078197343009
9,71.25,-152.08,1.1994668557530357
9,71.42,-163.92,1.5074122292654857
9,71.42,-158.25,1.4250214185033525
9,71.42,-152.08,1.2976832531747364
9,71.58,-160.08,1.4963284929593403
9,71.58,-155.42,1.112433836573646
9,71.58,-151.92,1.382036186399914
9,71.75,-161.42,1.5483017705735709
9,71.75,-158.92,1.545670986175537
9,71.92,-162.58,1.53903785773686
9,71.92,-161.92,1.532952109972636
9,71.92,-154.92,1.4080317275864738
9,72.08,-158.92,1.5512777850741433
9,72.08,-156.42,1.4842295561517989
9,72.42,-168.92,1.5753675699234009
9,72.42,-153.92,1.674530577659607
9,73.08,-152.92,1.745655256509781
9,73.25,-151.42,1.7476882809086849
9,73.92,-156.25,1.8102556824684144
9,74.92,-165.08,1.8150626232749536
10,-58.92,61.92,1.918862349846784
10,-52.92,-0.08,1.8744312354496544
10,-52.08,61.75,1.9000955252420335
10,-48.08,73.42,1.688172771817162
10,-38.58,-38.25,1.6482363996051608
10,-33.25,-46.75,1.7951640628633043
10,-30.25,-42.58,1.9408989122935705
10,-30.08,-27.42,1.9823149329140073
10,-27.42,-38.92,1.9642229534330824
10,-24.75,-35.25,1.9749564840680076
10,-21.92,-31.58,1.9901876733416604
10,-19.25,-28.42,1.9956212100528536
10,-19.08,-25.08,1.9962908994583857
10,-16.58,-25.08,1.9953395412081765
10,-13.92,-21.75,1.9905104012716384
10,-11.08,-18.42,1.975956059637524
10,28.08,-96.42,0.8332413491748628
10,28.25,-95.92,1.003115787392571
10,28.58,-95.42,0.8236629310108367
10,30.25,-116.58,1.820085888817197
10,32.58,-117.58,1.6995741639818465
10,33.42,-118.58,1.660908335731143
10,33.42,-118.25,1.6450670673733665
10,33.42,-118.08,1.6269399154753912
10,36.25,-72.08,1.9566859574544997
10,37.08,-76.42,0.15311676152050496
10,44.42,37.58,1.1720459915342785
10,44.92,-2.08,1.5542200122560774
10,44.92,-1.92,1.5276780469076974
10,44.92,-1.58,1.3855774799982707
10,45.08,-2.42,1.6008735611325218
10,45.08,-2.08,1.5531747795286632
10,45.08,-1.58,1.3510181364558993
10,45.25,-1.92,1.502651640347072
10,45.25,-1.58,1.3071536535308474
10,45.42,-2.08,1.5208968605313982
10,45.42,-1.92,1.4654451977638971
10,45.42,-1.75,1.3714581926663716
10,45.58,-2.25,1.5313897870835804
10,45.58,-2.08,1.5059195473080589
10,45.58,-1.58,1.1396737098693848
10,45.75,-1.75,1.2563972700209844
10,47.58,-64.08,0.9133506899788266
10,52.92,0.75,0.4232289372455506
10,53.58,0.08,0.6515752043988969
10,53.92,0.25,0.8974887161027818
10,54.58,-0.42,1.0779718302545094
10,55.42,-1.42,0.9362559687523616
10,62.08,-167.25,0.7881125339439937
10,62.25,-167.58,0.842127514736993
10,62.42,-168.08,0.8849411408106486
10,62.42,-167.92,0.9041989545027416
10,62.58,-168.92,0.957958133447738
10,62.58,-168.58,0.9454040555726916
10,62.75,-169.08,0.9999991825648716
10,63.75,-172.08,1.2542735905874345
10,63.92,-172.42,1.3409939947582423
10,63.92,-172.25,1.3094030505134946
10,64.08,-169.58,1.0561267761957078
10,64.42,-171.08,1.125309651806241
10,64.42,-170.58,1.099742060615903
10,64.42,-170.42,1.1058672751699177
10,64.42,-170.25,1.0906062495140805
10,64.42,-169.92,1.0883606842585971
10,64.42,-169.75,1.0213947267759411
10,64.42,-169.58,1.008303931781224
10,64.42,-169.08,0.9917331905592056
10,64.42,-168.92,0.972951732221104
10,64.42,-168.42,1.0412891677447729
10,64.42,-167.58,0.9075610183534168
10,64.42,-167.25,0.7917742296343758
10,64.92,-167.92,0.8653586428789866
10,65.08,-168.25,1.0283723345824651
10,65.58,-168.92,1.1226371853124528
10,65.58,-168.75,1.103461782137553
10,65.58,-168.58,1.0612348318099976
11,-76.75,-178.42,1.2611882146447897
11,-76.75,169.42,1.6823247075080872
11,-76.58,-178.08,1.2780369112888972
11,-76.58,169.75,1.65782174042293
11,-76.58,175.92,1.183770332266303
11,-73.58,176.75,1.9058012962341309
11,-69.42,-85.25,1.896500011285146
11,-69.25,-85.25,1.8774009346961975
11,-69.08,-85.42,1.8426225185394287
11,-69.08,-85.25,1.852150457245963
11,-68.92,-85.42,1.789412796497345
11,-68.92,-85.25,1.8073259592056272
11,-68.75,-85.25,1.794899582862854
11,-68.58,-85.25,1.7753489868981498
11,-68.58,-85.08,1.7489460025514876
11,-68.42,-85.08,1.7130039572715758
11,-68.25,-85.08,1.6938194144855847
11,-68.08,-85.08,1.6421710794622248
11,-67.92,-85.08,1.6886284351348877
11,-67.75,-85.08,1.7069334441965276
11,-67.58,-85.08,1.7616777236645038
11,-67.42,-85.08,1.7804241975148518
11,-67.25,-85.08,1.801900815963745
11,-67.08,-85.08,1.836435612042745
11,-66.42,-84.58,1.840424436330795
11,-66.25,-84.58,1.8400223553180697
11,-66.08,-84.58,1.8431194245815277
11,-65.92,-84.75,1.84516095487695
11,-65.92,-84.58,1.836511354697378
11,-65.75,-84.92,1.8476648330688477
11,-65.75,-84.75,1.846834875288464
11,-65.58,-85.08,1.850790137052536
11,-65.58,-84.92,1.85073384642601
11,-65.42,-85.25,1.8536365568637847
11,-65.42,-85.08,1.854725253582001
11,-65.42,-84.92,1.8560719549655915
11,-65.42,-84.75,1.8549533188343048
11,-65.42,-84.58,1.8558481335639951
11,-65.42,-84.42,1.8575911104679108
11,-65.42,-84.25,1.857279932498932
11,-65.42,-84.08,1.8551399171352387
11,-65.42,-83.92,1.8508192658424376
11,-62.92,-62.42,1.7708581458954584
11,-62.92,-62.25,1.7658574694678897
11,-62.75,-62.58,1.756490667661031
11,-62.75,-62.42,1.7553209179923648
11,-62.58,-62.75,1.7462997379757108
11,-62.58,-62.58,1.7465534664335705
11,-61.58,-62.75,1.8055853503090995
11,-61.42,-62.75,1.824029803276062
11,-61.25,-62.75,1.8314868325278872
11,-61.08,-62.75,1.8361823388508387
11,-60.92,-62.75,1.8402725969042095
11,-60.58,-62.75,1.833888400168646
11,-60.42,-62.75,1.826192083812895
11,-60.25,-62.75,1.8189302058446977
11,-60.08,-62.75,1.7895623048146565
11,-60.08,-62.58,1.7838424614497594
11,-59.92,-62.58,1.7688916183653332
11,-59.75,-62.58,1.7479248046875
11,-59.58,-62.58,1.7705509946459816
11,-59.42,-62.58,1.77605486483801
11,-59.25,-62.58,1.7814915974934895
11,-59.08,-62.58,1.799458390190488
11,-58.92,-62.58,1.803090322585333
11,-58.75,-62.58,1.7932662736801874
11,-58.58,-62.58,1.7856028420584542
11,-58.42,-62.75,1.7670448337282454
11,-58.42,-62.58,1.766329674493699
11,-58.25,-62.75,1.7351220278512864
11,-58.08,-62.75,1.7334377368291218
11,-57.92,-62.75,1.7364752462932045
11,-57.75,-62.92,1.7319831848144531
11,-57.75,-62.75,1.7401578766959054
11,-57.58,-62.92,1.7285623607181368
11,-57.58,-62.75,1.7353915657315937
11,-57.58,-62.58,1.732987568491981
11,-57.42,-62.58,1.7295969156991868
11,-57.42,-61.92,1.711303744997297
11,-57.42,-61.75,1.7100242319561183
11,-57.42,-61.58,1.7054365135374523
11,-57.42,-61.42,1.6973565987178258
11,-57.42,-61.08,1.7062655176435195
11,-57.25,-62.08,1.713697779746283
11,-57.25,-61.92,1.7135576463880993
11,-57.08,-60.58,1.691867368561881
11,-56.92,-60.58,1.695522671654111
11,-56.92,-60.42,1.6846211070106143
11,-56.92,-60.25,1.680821969395592
11,-56.75,-60.25,1.6703154302778698
11,-56.75,-60.08,1.666026132447379
11,-56.58,-60.08,1.6716450623103551
11,-56.42,-59.92,1.6704215378988356
11,-56.42,-59.75,1.6765169132323492
11,-56.25,-59.58,1.6701040949140276
11,-56.08,-59.58,1.655656928107852
11,-56.08,-59.42,1.6521680979501634
11,-55.92,-59.42,1.6575767596562705
11,-55.75,-59.42,1.6665972471237185
11,-55.58,-59.42,1.6619202750069757
11,-51.58,-0.08,1.8070421843301685
11,15.92,61.92,1.6183054731005715
11,17.42,60.42,1.5778290317172097
11,18.75,57.92,1.4257873864400954
11,18.75,58.08,1.4597098600296747
11,18.92,58.58,1.4561856985092163
11,18.92,58.75,1.457498005458287
11,18.92,58.92,1.4488169919876823
11,19.08,58.42,1.44417291028159
11,19.25,58.08,1.29269140958786
11,19.42,57.92,0.9053545991579692
11,19.42,58.08,1.191325951190222
11,24.42,-64.42,1.9929364919662476
11,25.92,-97.08,0.830519940171923
11,25.92,-96.92,1.0618983790988017
11,25.92,-96.75,1.2658185391199022
11,25.92,-96.58,1.4966624123709542
11,25.92,-96.42,1.7025822457813082
11,26.08,-96.75,1.2234795576050168
11,26.08,-96.42,1.6612105993997484
11,26.25,-96.92,1.0270711524145943
11,26.42,-96.92,1.022651632626851
11,26.42,-96.42,1.6154014553342546
11,26.58,-97.08,0.8873555262883505
11,26.58,-96.58,1.5034283967245192
11,26.75,-96.58,1.56939354964665
11,26.92,-97.08,0.9477340011369616
11,26.92,-96.58,1.6082900308427357
11,26.92,-96.42,1.710979643322173
11,27.08,-97.42,0.616390218337377
11,27.08,-97.25,0.7308977558499291
11,27.08,-97.08,0.941652326356797
11,27.08,-96.92,1.151000641641163
11,27.08,-96.75,1.3987267868859428
11,27.08,-96.58,1.6076097034272694
11,27.08,-96.42,1.7162152188164848
11,27.25,-96.92,1.1151320763996668
11,27.25,-96.25,1.7597216197422572
11,27.42,-96.92,0.9934825159254528
11,27.42,-96.08,1.7637935763313657
11,27.42,-95.92,1.7869353862035842
11,27.42,-94.42,1.840009229523795
11,27.58,-96.58,1.297498759769258
11,27.58,-96.25,1.651657121522086
11,27.58,-96.08,1.7231862488247098
11,27.58,-95.92,1.751287125405811
11,27.58,-95.58,1.7803853069032942
11,27.58,-95.42,1.7988761833735876
11,27.58,-95.25,1.807912446203686
11,27.58,-95.08,1.8183699619202387
11,27.58,-94.92,1.8220916191736856
11,27.58,-94.75,1.822159693354652
11,27.58,-94.58,1.8216907921291532
11,27.58,-94.42,1.8235499631790888
11,27.58,-94.08,1.8302775564647855
11,27.58,-93.92,1.8293050186974664
11,27.58,-93.58,1.8411238023212977
11,27.58,-93.42,1.8458508593695504
11,27.58,-93.25,1.8465256520680016
11,27.58,-93.08,1.8439034053257533
11,27.58,-92.08,1.8646498861766996
11,27.75,-96.42,1.2856280236017137
11,27.75,-95.25,1.7533880528949557
11,27.75,-94.42,1.7949938092912947
11,27.75,-93.08,1.8240756080264136
11,27.75,-92.75,1.843780625434149
11,27.75,-92.58,1.8457210404532296
11,27.75,-92.42,1.8504711900438584
11,27.75,-92.08,1.8522354818525768
11,27.75,-91.92,1.8529632034755887
11,27.75,-91.58,1.84955708753495
11,27.75,-90.58,1.8237458751315163
11,27.92,-96.58,0.8537268525078183
11,27.92,-96.42,1.0397322944232397
11,27.92,-96.08,1.3262681450162614
11,27.92,-95.92,1.388058753240676
11,27.92,-95.58,1.4843040704727173
11,27.92,-95.42,1.578479806582133
11,27.92,-94.25,1.7505392801193964
11,27.92,-93.08,1.800044786362421
11,27.92,-92.08,1.837337982086908
11,27.92,-91.42,1.8201629718144736
11,27.92,-91.25,1.8116723696390789
11,27.92,-91.08,1.8125411896478565
11,27.92,-90.75,1.7996214174088978
11,27.92,-90.58,1.7828155358632405
11,28.08,-95.42,1.3732936211994715
11,28.08,-95.08,1.5264838479814076
11,28.08,-94.92,1.5579752013796853
11,28.08,-94.58,1.5685842150733584
11,28.08,-94.42,1.5525325820559548
11,28.08,-94.08,1.6183510451089769
11,28.08,-93.08,1.7293050856817336
11,28.08,-92.08,1.7648410570053827
11,28.08,-91.08,1.738089504696074
11,28.08,-90.92,1.7314334767205375
11,28.08,-90.58,1.7176619484311058
11,28.25,-95.58,1.1228042188144864
11,28.25,-95.42,1.1965122677031017
11,28.25,-94.75,1.3886997756503878
11,28.25,-94.25,1.4254596857797532
11,28.25,-94.08,1.446747592517308
11,28.25,-93.75,1.51811649118151
11,28.25,-93.58,1.5357852038883029
11,28.25,-93.42,1.5283701646895635
11,28.25,-93.08,1.5625831172579812
11,28.25,-92.92,1.5589718364533924
11,28.25,-92.08,1.6015250569298154
11,28.25,-91.58,1.6148719390233357
11,28.25,-91.25,1.5971418448856898
11,28.25,-90.58,1.4752648785000757
11,28.25,-64.42,1.9904779366084508
11,28.42,-95.58,0.8925990774517968
11,28.42,-94.75,1.2488565558478946
11,28.42,-94.08,1.314127836908613
11,28.42,-93.08,1.3991676398686
11,28.42,-92.58,1.4181542566844396
11,28.42,-92.42,1.423360614549546
11,28.42,-92.25,1.440420042900812
11,28.42,-92.08,1.4414712077095395
11,28.42,-91.75,1.3843976599829535
11,28.42,-90.58,1.1874881329990568
11,28.58,-95.58,0.6627183953921
11,28.58,-94.92,1.049206569081261
11,28.58,-94.08,1.169097758474804
11,28.58,-93.08,1.2722554150081815
11,28.58,-92.08,1.2243108862922305
11,28.58,-90.58,0.921532426561628
11,28.75,-94.92,0.8538557858694167
11,28.75,-94.08,1.0287463721774874
11,28.75,-93.08,1.0983210660162426
11,28.75,-92.08,1.0067608101027352
11,28.75,-90.58,0.7871549228827158
11,28.92,-94.92,0.6815927142188662
11,28.92,-94.08,0.8663580360866728
11,28.92,-93.08,0.9497076755478268
11,28.92,-92.08,0.7955780653726487
11,28.92,-90.58,0.6532450261570159
11,29.08,-94.92,0.5531045070716313
11,29.08,-94.08,0.7560468202545529
11,29.08,-93.08,0.8593950697353908
11,29.08,-92.08,0.6454019503934043
11,29.25,-94.08,0.667571675209772
11,29.25,-93.08,0.7377493636948722
11,29.42,-94.08,0.5534424966289884
11,29.42,-93.08,0.6206877983751751
11,29.75,-64.92,1.9854558138620289
11,30.58,-147.42,1.9803716511953444
11,30.58,-143.08,1.9793635209401448
11,31.08,-81.08,0.6752044288885026
11,31.08,-80.92,0.9161624142101832
11,31.08,-79.75,1.8158742189407349
11,31.25,-81.08,0.5946010053157806
11,31.42,-80.92,0.77142733335495
11,31.58,-136.92,1.9760161013830275
11,33.42,-118.58,1.5710556904474895
11,33.42,-64.42,1.9539428779057093
11,34.58,-64.42,1.929537222498939
11,46.92,-62.58,1.2674317303157987
11,47.58,-64.08,1.0432053123201643
12,-76.58,-178.08,1.2569871336221694
12,-76.58,169.08,1.212366940344081
12,-76.58,171.92,0.8155418038368225
12,-76.58,172.42,0.8056435840470451
12,-76.58,175.92,0.8882300917591367
12,-69.92,-85.58,1.690331906080246
12,-69.92,-85.42,1.699327528476715
12,-69.92,-85.25,1.707341507077217
12,-69.75,-85.25,1.6858375999662611
12,-69.75,-85.08,1.700768029689789
12,-69.58,-85.25,1.6671557101336392
12,-69.58,-85.08,1.6819247115742078
12,-69.42,-85.25,1.690208266178767
12,-69.42,-85.08,1.6851403613885243
12,-69.25,-85.08,1.7431970153536116
12,-69.08,-85.25,1.7367982228597003
12,-69.08,-85.08,1.7519120946526527
12,-68.42,-85.08,1.688684152232276
12,-68.42,-84.92,1.6652992831336126
12,-68.25,-85.08,1.664084283929122
12,-68.08,-85.08,1.6435891578071995
12,-67.92,-85.08,1.6407442263194494
12,-67.75,-85.08,1.609600509916033
12,-67.58,-85.08,1.6454021079199654
12,-64.92,-169.42,1.6771139928272791
12,-64.42,-169.42,1.6924811431339808
12,-63.25,-170.08,1.6449542045593262
12,-63.25,-169.92,1.651410432088943
12,-62.58,-169.92,1.6241440035047985
12,-61.92,-168.92,1.6232191153935025
12,-61.08,-169.42,1.680178999900818
12,-60.42,-170.25,1.5815959828240531
12,-56.92,-170.42,1.729923895427159
12,-55.92,-171.92,1.7319909107117426
12,-54.42,-173.42,1.7305416833786738
12,-53.08,-174.92,1.7447746992111206
12,-53.08,-174.75,1.750074341183617
12,-49.42,2.08,1.612531582514445
12,-47.08,4.42,1.5961682058516002
12,-33.92,17.08,1.6849405481701805
12,-32.92,16.42,1.6772705884206862
12,-32.58,17.58,0.9163925789651416
12,-31.08,15.25,1.7209256092707317
12,-30.08,16.92,0.7616300951866877
12,-29.58,16.42,0.9103233643940516
12,-29.58,16.58,0.8176883373941694
12,-20.08,79.92,1.9920031116122292
12,-19.08,79.92,1.9903837158566429
12,-17.08,79.92,1.9840729179836456
12,-15.08,79.92,1.9782333317257108
12,-13.25,79.92,1.976907003493536
12,-12.08,79.92,1.9744416986192976
12,-10.08,79.92,1.9740973654247465
12,-7.08,79.92,1.95551826272692
12,-5.08,79.92,1.942729041689918
12,-4.08,79.92,1.9393687077930992
12,-1.42,79.92,1.9253577448072887
12,-0.42,79.92,1.9170219500859575
12,0.42,79.92,1.89472792829786
12,1.92,79.92,1.8684941984358288
12,3.58,79.92,1.8401982613972256
12,5.08,79.92,1.7765095177150907
12,5.58,79.92,1.6763864358266194
12,5.75,79.92,1.643934442883446
12,7.92,66.75,1.8966321150461831
12,7.92,66.92,1.9013662395023163
12,10.08,65.42,1.8617659239541915
12,11.92,64.42,1.6978167295455933
12,11.92,66.92,1.810009337606884
12,12.42,154.92,1.9950718312036424
12,13.92,63.08,1.5822165182658603
12,14.08,66.92,1.69115416208903
12,15.92,61.92,1.5565158185504733
12,16.42,61.58,1.5568356400444394
12,16.58,61.42,1.546177415620713
12,17.08,61.42,1.547207065990993
12,19.92,149.92,1.9921323685418992
12,19.92,154.92,1.99317733446757
12,21.42,118.42,1.7948433785211473
12,22.92,159.92,1.9921630848021736
12,22.92,179.92,1.98953910668691
12,27.42,-155.08,1.9718806800388156
12,28.42,154.92,1.9722931952703568
12,29.42,-141.08,1.9718895299094064
12,30.08,-134.58,1.9732693604060585
12,31.58,-123.58,1.8599614586148945
12,33.42,-118.58,1.4275997877120972
12,47.58,-64.08,0.9865127631596156
12,47.58,-60.08,1.603356917699178
