month,lat01,lon01,mean_CHL
1,-78.08,-176.42,0.3983468104686056
1,-76.58,-178.25,1.1456604131630488
1,-76.58,-178.08,1.155102667354402
1,-76.58,168.92,1.2395944403750556
1,-76.58,175.92,1.3718939992514525
1,-76.58,176.08,1.3790560107339511
1,-76.58,176.92,1.8430212891914628
1,-74.08,176.92,0.40099911019206047
1,-69.42,-76.42,0.7513064582433019
1,-68.92,-77.25,0.3147014140298492
1,-68.42,-78.42,0.24850399487397887
1,-68.42,-75.25,0.47504301212335887
1,-67.92,-76.42,0.20571236380121924
1,-67.92,-73.42,0.5810324408113956
1,-67.92,-70.08,1.3087357488416491
1,-67.58,-71.08,1.298191213607788
1,-67.42,-74.58,0.21425856819207015
1,-67.25,-71.58,1.1086048114867435
1,-67.08,-69.08,0.7056515514850616
1,-66.75,-72.92,0.3090129748664119
1,-66.58,-69.58,0.6188903037797321
1,-66.08,-68.42,0.5023203580216928
1,-65.92,-71.58,0.1895808953453194
1,-65.58,-66.42,0.7900783961469476
1,-65.42,-69.92,0.22326018864458255
1,-65.42,-66.92,0.6906865686178207
1,-65.42,52.92,0.20578300319612025
1,-65.42,53.08,0.21425117813050748
1,-65.08,-67.08,0.4323728863488544
1,-65.08,-64.75,0.858937586347262
1,-65.08,-64.58,0.7853239065124875
1,-64.92,52.92,0.1768189828310694
1,-64.75,-68.42,0.24024693938818845
1,-64.08,-64.08,0.35692512921311637
1,-63.58,53.58,0.11611698483201592
1,-62.25,53.92,0.1463287091729316
1,-60.25,54.58,0.13518158820542422
1,-58.42,55.08,0.14514759013598616
1,-56.42,55.58,0.11487142098220912
1,-54.08,56.42,0.15008989958600563
1,-50.92,57.42,0.19750774211504243
1,-48.75,57.75,0.14311243559826503
1,-48.08,57.58,0.15270489725199612
1,-45.08,57.58,0.25067444755272433
1,-43.08,8.42,0.18659467758102852
1,-42.25,57.58,0.370832848277959
1,-40.42,57.58,0.28336550430818036
1,-38.42,57.58,0.15639249540188097
1,-36.42,57.42,0.08357209475202994
1,-35.08,57.25,0.06337085687978701
1,-32.25,57.08,0.05121088756079024
1,-30.42,55.08,0.05639117211103439
1,-23.08,-120.08,0.009924134747548536
1,-23.08,-100.08,0.01463626388629729
1,27.92,-155.08,0.1025460728190162
1,33.42,-118.58,0.738172828473828
1,45.25,-1.58,1.7009330120953647
1,45.42,-2.08,0.8919356844641946
1,45.42,-1.92,1.5135760767893358
1,45.42,-1.75,2.1231216815384952
1,45.42,-1.58,2.613702508536252
1,45.42,-1.42,3.0511936003511604
1,45.58,-2.58,0.5250713703307238
1,45.58,-1.92,1.506344285878268
1,45.58,-1.58,2.537503892725164
1,45.75,-2.25,1.0691711401397532
1,45.75,-1.75,2.103883277286182
1,45.92,-2.42,0.9202793023803018
1,45.92,-2.08,1.4910674880851398
1,45.92,-1.92,1.7845368764617229
1,46.08,-2.92,0.6811766854741357
1,46.08,-2.58,0.9448468238115312
1,46.08,-1.92,1.965936920859597
1,46.25,-2.42,1.4942705712535165
1,46.25,-2.08,1.9936783638867464
2,-78.08,-176.08,0.44353034496307375
2,-76.58,-178.42,0.8979603007435799
2,-76.58,-178.08,0.8724266424775123
2,-76.42,163.25,0.7774661170939604
2,-76.08,163.08,0.3618657259004457
2,-66.25,-168.92,0.20806811643498285
2,-64.92,-169.42,0.3285311563383965
2,-63.25,-170.08,0.2398281225136348
2,-60.42,-170.25,0.11443070996375312
2,-58.58,-170.08,0.11129412658157804
2,-57.08,-170.42,0.11770632579213096
2,-53.08,-174.92,0.2247141989923659
2,-2.08,-140.25,0.13762138642015911
2,-1.25,-140.58,0.1628132001275108
2,-1.08,-140.42,0.1731975660437629
2,-1.08,-140.08,0.17432757715384165
2,-0.08,-140.58,0.1982078892844064
2,-0.08,-140.42,0.2001822243134181
2,-0.08,-140.25,0.1996610647156125
2,0.92,-140.42,0.17722661367484502
2,1.08,-140.42,0.16804629067579904
2,1.08,-140.08,0.16915705232393174
2,1.25,-140.42,0.16133367305710203
2,1.75,-140.08,0.1500327576483999
2,1.92,-140.08,0.1444249770471028
2,2.92,-140.08,0.13533301367646172
2,4.92,-140.08,0.13093876590331396
2,6.92,-140.08,0.12731363908165977
2,9.08,-140.25,0.1080490994666304
2,11.92,-140.08,0.1006343856099106
2,27.92,-155.08,0.10026697920901435
2,27.92,154.92,0.16517223311322077
2,33.42,-118.58,0.647198844523657
2,44.92,-2.08,0.6632208824157715
2,44.92,-1.92,0.8984887145814442
2,44.92,-1.58,1.3611614817664737
2,45.08,-2.42,0.5072609548057828
2,45.08,-2.08,0.766210275036948
2,45.08,-1.58,1.4789610703786211
2,45.25,-1.92,1.1720402808416457
2,45.25,-1.58,1.8016112021037511
2,45.42,-2.08,1.1006796132950556
2,45.42,-1.92,1.4354089867501032
2,45.42,-1.75,1.8165963008290245
2,45.42,-1.58,2.1341000227701095
2,45.42,-1.42,2.5513568832760765
2,45.58,-2.25,1.02371037148294
2,45.58,-2.08,1.323757489522298
2,45.58,-1.58,2.515056927998861
2,45.75,-1.75,2.156688383647374
2,48.42,-126.92,0.41462116156305584
2,48.92,-130.92,0.2692044036728995
2,49.08,-138.92,0.27103342044921147
2,49.42,-138.92,0.26320389055070426
2,49.58,-142.58,0.26261092225710553
2,49.92,-145.08,0.26103100464457557
2,49.92,-134.92,0.2688826620578766
3,-71.42,-166.08,0.34108531439588186
3,-70.58,-166.08,0.3212087372584002
3,-69.42,-168.58,0.22107809640112375
3,-67.58,-170.08,0.1881523249404771
3,-66.25,-169.92,0.20098269056706203
3,-64.92,-169.42,0.217332328359286
3,-63.25,-170.08,0.15870820376135053
3,-61.92,-170.25,0.12796870654537565
3,-57.58,-0.08,0.23505560521568572
3,-55.58,-0.08,0.27756630735737936
3,-54.42,-173.42,0.1609149504275549
3,-51.92,-0.08,0.14895997941493988
3,-50.42,1.08,0.16441991676886877
3,-49.08,2.58,0.14957849823293232
3,-47.58,4.25,0.13230095342511222
3,-46.08,5.75,0.1421987804628554
3,-45.08,6.42,0.14752024625028884
3,-44.92,6.58,0.1482541177953993
3,-42.58,8.75,0.2293174571934201
3,-41.25,9.75,0.3242992290428707
3,-36.58,12.92,0.2045564931773004
3,-34.58,14.25,0.16414889019160045
3,-26.58,94.92,0.027619305643297377
3,-24.92,94.92,0.02887844108045101
3,-22.58,94.92,0.0323434386047579
3,-20.92,94.92,0.036550765591008325
3,-17.58,94.92,0.04261608918507894
3,-12.42,-134.92,0.08168276292937142
3,-12.25,-135.08,0.0840082507403124
3,-12.25,-134.92,0.08350998979239237
3,-12.25,-134.58,0.08486884371155784
3,-12.08,-135.08,0.0839062932701338
3,-9.08,-137.42,0.10321927726978349
3,-7.08,-80.92,2.8890621662139893
3,-5.25,-140.25,0.11088392989976066
3,-5.25,-140.08,0.11067705353101094
3,-5.08,-140.08,0.11277975425833749
3,-3.42,-80.92,1.089869743301755
3,-3.08,-140.08,0.11642736444870631
3,-3.08,-80.92,0.9770462044647762
3,-2.92,-80.92,0.9421536269642058
3,-2.58,-81.25,0.7661266993908655
3,-2.42,-81.42,0.7119273117610386
3,-2.08,-140.92,0.1292071324728784
3,-2.08,-140.58,0.1294243655034474
3,-0.58,-80.92,0.7772065174011957
3,-0.42,-80.75,0.7757254413196019
3,-0.08,-80.75,0.7015998448644366
3,0.08,-80.75,0.6324445257584254
3,0.58,-80.42,0.6567591911270505
3,1.42,-79.58,1.1334614824681055
3,1.58,-79.42,1.0440238430386497
3,1.92,-79.25,0.8289199216025216
3,2.42,-79.08,0.7362830780801319
3,2.92,-78.75,0.7680062694208962
3,3.08,-78.42,1.1224639955021083
3,3.25,-78.42,0.7481328419276646
3,3.58,-78.08,0.6835675452436719
3,4.08,-77.92,0.6892065845784687
3,4.25,-77.92,0.8071205999170031
3,4.58,-78.08,0.710515517564047
3,5.58,-78.08,0.6752985843590328
3,5.92,-78.42,0.7675302752426693
3,6.92,-78.75,0.9949128202029636
3,7.25,-78.92,1.2430597288267953
3,7.58,-79.08,1.5109695139385404
3,7.92,-79.08,1.89387788942882
3,9.92,64.75,0.11811450443097524
3,14.42,64.75,0.3287859253940128
3,14.58,64.08,0.539666453287715
3,15.08,63.42,0.76106458973316915
3,15.25,68.58,0.18985588919548765
3,15.92,61.92,1.2616347798279353
3,18.08,67.42,0.4489216882558096
3,19.08,66.92,0.6719057723170235
3,19.08,67.08,0.7230503424292519
3,28.42,-91.08,1.5769581993420918
3,28.42,-90.92,1.5971236314092363
3,28.42,-90.75,1.60835599899292
3,28.42,-90.58,1.6170653629870642
3,28.58,-92.42,0.6718048254648844
3,28.58,-92.25,0.7537402113278707
3,28.58,-92.08,0.8874469782624926
3,28.58,-91.92,1.1206037870475225
3,28.58,-91.58,2.0092218858855113
3,28.58,-91.42,2.5300374258132208
3,28.58,-91.08,3.3042523520333424
3,28.58,-90.92,3.252034073784238
3,28.58,-90.75,3.203638235727946
3,28.58,-90.58,3.1869826998029436
3,28.75,-92.58,1.104873171874455
3,28.75,-92.42,1.275299458276658
3,28.75,-92.25,1.467566301425298
3,28.75,-92.08,1.8158586905116127
3,28.75,-91.92,2.2511136134465537
3,28.75,-90.58,5.274226256779262
3,28.75,-90.42,5.226234004611061
3,28.92,-93.08,1.3820526088987075
3,28.92,-92.58,2.204595591340746
3,28.92,-92.42,2.556505924179441
3,28.92,-92.25,2.975377116884504
3,28.92,-92.08,3.4835917211714245
3,28.92,-91.92,4.104893985248747
3,28.92,-91.58,5.58943111555917
3,28.92,-90.75,6.958459377288818
3,28.92,-90.58,7.1344660350254605
3,28.92,-90.08,7.717908064524333
3,28.92,-89.92,7.579861618223644
3,28.92,-89.75,7.921873024531773
3,28.92,-89.58,8.503511655898322
3,29.08,-93.08,2.073312725339617
3,29.08,-92.92,2.244946831748599
3,29.08,-92.75,2.7823222137632824
3,29.08,-92.58,3.4702024176007225
3,29.08,-92.42,4.193088877768743
3,29.08,-89.92,9.460194383348735
3,33.42,-118.58,0.7851719444706327
3,45.08,-1.58,1.686619846593766
3,45.25,-1.58,1.9504789000465756
3,45.42,-1.92,1.6234822812534513
3,45.42,-1.75,1.9493156160627092
3,45.42,-1.58,2.304221261115301
3,45.58,-2.08,1.4916886375063942
3,45.58,-1.92,1.7607046621186393
3,45.75,-2.42,1.1767260091645375
3,45.75,-2.08,1.749364177385966
3,45.75,-1.75,2.3328754958652316
3,45.92,-2.42,1.4101170840717496
3,45.92,-1.92,2.0210260578564236
3,45.92,-1.58,2.884032680874779
3,46.08,-2.42,1.5518145334152949
3,46.08,-2.25,1.7242086103984289
3,46.08,-1.92,2.2029250973746892
3,46.25,-1.92,2.436952437673296
3,46.42,-2.42,2.0247946920849027
3,48.42,-126.92,0.5445251564184824
3,48.92,-130.92,0.33467334296022144
3,49.08,-138.92,0.27846336719535647
3,49.42,-138.92,0.28360043253217426
3,49.58,-0.42,1.9089000735964097
3,49.92,-145.08,0.2688293130624862
3,49.92,-134.92,0.3031340390443802
3,57.92,-147.92,0.37679800675028846
3,58.08,-148.08,0.385012530145191
3,58.25,-148.25,0.43019994099934894
3,58.42,-148.42,0.4841798870336442
3,58.58,-148.58,0.5326140948704311
3,58.92,-148.92,0.5879494022755396
3,58.92,-148.75,0.566292676187697
3,58.92,-148.08,0.5351168314615885
3,59.08,-149.08,0.6157828597795396
3,59.08,-148.92,0.605128261305037
3,59.08,-148.08,0.5802717152095976
3,59.25,-149.25,0.6463776798475356
3,59.25,-148.08,0.6219958719753084
3,59.42,-149.42,0.6810171093259539
3,59.42,-149.25,0.6657750890368507
3,59.42,-148.92,0.6521243155002594
3,59.42,-148.08,0.6443938612937927
3,59.58,-149.42,0.690502405166626
3,59.58,-148.92,0.6363572989191327
3,59.58,-148.08,0.7052912939162481
4,-47.08,-50.42,0.504138878413609
4,-41.58,9.58,0.2532049020131429
4,-40.08,10.58,0.329583886833418
4,-31.42,43.92,0.09409431190717787
4,-15.42,94.92,0.05553364718244189
4,-13.75,94.92,0.060733369241158165
4,-11.58,94.92,0.0790045935483206
4,-10.42,94.92,0.09293719469791369
4,-8.42,94.92,0.08761424003612428
4,-6.75,94.92,0.08380967272179467
4,-4.58,94.75,0.07261407517251514
4,-3.25,94.25,0.07220356006707464
4,-2.42,93.92,0.07507524053965296
4,0.42,92.92,0.08249247074127197
4,1.25,92.08,0.08100254656303496
4,2.92,91.58,0.07839268942674
4,4.92,90.42,0.0956140426652772
4,6.42,89.08,0.10757169446774892
4,7.92,88.08,0.109443156846932
4,9.42,86.92,0.10304465606099084
4,10.58,87.08,0.10527415857428596
4,12.58,88.42,0.10912198573350906
4,14.42,-109.42,0.09904982149600984
4,14.42,89.42,0.1250151725752013
4,15.42,-110.08,0.093633604546388
4,16.42,-107.25,0.10923857915969122
4,16.58,60.42,0.2130681886559441
4,16.92,89.58,0.1650842002459935
4,17.08,59.58,0.20879927845228283
4,17.42,-106.08,0.1446040208850588
4,17.58,58.92,0.23649251744860697
4,17.75,-103.92,0.33325041972455527
4,17.92,-110.08,0.0998660663054103
4,17.92,57.92,0.2549557402020409
4,18.25,57.08,2.5148780729089464
4,18.42,-110.08,0.10363215775716872
4,18.42,-104.58,0.7036894446327573
4,18.58,-104.25,0.8865952520143419
4,19.58,-105.92,1.412844935343379
4,19.92,-106.25,0.9835704905646188
4,19.92,-106.08,1.3561428182181858
4,20.58,-106.25,0.9899505461965288
4,20.92,-110.08,0.13014448717946098
4,22.58,-110.92,0.17501345596143178
4,27.42,-93.08,0.147153493194353
4,27.42,-92.08,0.1335474323658716
4,27.58,-94.42,0.20140587290128073
4,27.58,-94.08,0.18146963311093195
4,27.58,-93.92,0.17935315306697572
4,27.58,-93.58,0.17117608054762795
4,27.58,-93.42,0.16578395097028642
4,27.58,-93.25,0.16280467559893927
4,27.58,-93.08,0.1573229077316466
4,27.58,-92.08,0.13580215296575002
4,27.58,-90.58,0.13429012149572372
4,27.75,-93.08,0.1630133922610964
4,27.75,-92.75,0.15566367833387285
4,27.75,-92.58,0.14962395706347056
4,27.75,-92.42,0.1462477062429701
4,27.75,-92.08,0.14132521017676308
4,27.75,-91.92,0.1395046345534779
4,27.75,-90.58,0.14877507197005407
4,27.92,-94.25,0.2243693016824268
4,27.92,-93.08,0.17059557210831416
4,27.92,-92.08,0.15012255240054356
4,27.92,-91.42,0.14808940887451172
4,27.92,-91.25,0.15149667681682677
4,27.92,-91.08,0.16083907868180955
4,27.92,-90.75,0.17159527575685865
4,27.92,-90.58,0.17448673184428895
4,28.08,-93.08,0.18873878178142367
4,28.08,-92.08,0.17290977388620377
4,28.08,-90.58,0.2260564292470614
4,28.25,-94.75,0.42031503929978326
4,28.25,-93.08,0.21764360935915084
4,28.25,-92.08,0.21732602516810096
4,28.25,-90.58,0.5321170322242237
4,28.42,-93.08,0.2642900560583387
4,28.42,-92.08,0.30267571799811865
4,28.42,-91.25,0.9748753146046684
4,28.42,-91.08,1.157830929472333
4,28.42,-90.92,1.338022999820255
4,28.42,-90.75,1.3896315608705794
4,28.42,-90.58,1.4144750464530218
4,28.42,-89.92,2.042816672296751
4,28.58,-94.08,0.482063305519876
4,28.58,-93.08,0.4073562785273507
4,28.58,-92.42,0.48407014636766343
4,28.58,-92.25,0.4989598954007739
4,28.58,-92.08,0.560488027476129
4,28.58,-91.92,0.6693058531908762
4,28.58,-91.75,0.9727932839166552
4,28.58,-91.58,1.5365812246288573
4,28.58,-91.42,2.1789625457354953
4,28.58,-91.25,2.8976952206520807
4,28.58,-91.08,3.5526563553583053
4,28.58,-90.92,3.753004596346901
4,28.58,-90.75,3.792274134499686
4,28.58,-90.58,3.720824721313658
4,28.58,-90.42,3.620028612159547
4,28.58,-90.08,3.364376752149491
4,28.58,-89.75,3.877492087937537
4,28.58,-89.58,3.3291714184340977
4,28.75,-94.08,0.8001042448339009
4,28.75,-93.08,0.6658703259059361
4,28.75,-92.58,0.7769438787585213
4,28.75,-92.42,0.8761037659077417
4,28.75,-92.25,0.9993016223112742
4,28.75,-92.08,1.2104970997288114
4,28.75,-91.92,1.571159873689924
4,28.75,-91.58,3.4531374034427462
4,28.75,-90.58,5.990496567317417
4,28.75,-90.42,5.843759281294687
4,28.75,-90.08,6.341476656141735
4,28.75,-89.92,6.683331801777794
4,28.75,-89.75,6.909512201944987
4,28.92,-94.08,1.3939760497638158
4,28.92,-93.25,1.2612802670115515
4,28.92,-93.08,1.1948521449452354
4,28.92,-92.58,1.4547855839842845
4,28.92,-92.42,1.7635267348516557
4,28.92,-92.25,2.174798976807367
4,28.92,-92.08,2.8765325120517184
4,28.92,-91.92,3.770454560007368
4,28.92,-91.75,4.691889110065642
4,28.92,-91.58,5.5377008971713835
4,28.92,-90.75,7.869195529392788
4,28.92,-90.58,8.047946021670388
4,28.92,-89.92,9.862098217010498
4,28.92,-89.75,10.03421872002738
4,28.92,-89.58,10.547878833044145
4,29.08,-94.08,2.206965384029207
4,29.08,-93.08,1.9033395449320476
4,29.08,-92.92,2.064794892356509
4,29.08,-92.75,2.3631190998213634
4,29.08,-92.58,2.786349219935281
4,29.08,-92.42,3.676362162544614
4,29.08,-92.08,5.261942466100057
4,29.25,-94.08,3.913862705230713
4,29.25,-93.08,3.575965194475083
4,29.42,-94.08,7.07680538722447
4,29.42,-93.08,5.6551339739844915
4,31.08,-79.75,0.1419204750231334
4,33.42,-118.58,0.8494388808806738
4,36.25,-72.08,0.20646779381093525
4,37.08,-76.42,12.699978033701578
4,43.58,-2.08,0.9371473164785477
4,43.58,-1.92,1.0783619043372927
4,43.92,-2.42,0.7705172683511462
4,43.92,-1.92,0.7343718906243643
4,44.42,-2.42,0.7565467967873528
4,44.42,-1.92,0.6512069631190527
4,44.75,-2.42,0.802443014723914
4,44.75,-1.92,0.6400490332217443
4,44.92,-3.08,0.7912223012674422
4,44.92,-2.08,0.6873615767274585
4,44.92,-1.92,0.6626525280021486
4,44.92,-1.58,0.9393085766406286
4,45.08,-3.58,0.8052185575167338
4,45.08,-2.58,0.8224237390926906
4,45.08,-2.42,0.8233475301946912
4,45.08,-2.25,0.7629757466770354
4,45.08,-2.08,0.6532208692459833
4,45.08,-1.92,0.6701836316358476
4,45.08,-1.58,1.1349837411017645
4,45.25,-2.08,0.7172389257521856
4,45.25,-1.92,0.7792409246876126
4,45.25,-1.58,1.3723520977156505
4,45.42,-2.92,0.984793613354365
4,45.42,-2.08,0.8122182559399378
4,45.42,-1.92,0.9914620092936924
4,45.42,-1.75,1.296178567977179
4,45.42,-1.42,2.426576296488444
4,45.58,-3.92,1.0759180046263197
4,45.58,-2.25,0.8506486103648231
4,45.58,-2.08,0.9802767393134888
4,45.58,-1.75,1.6749043748492287
4,45.58,-1.58,2.402231364023118
4,45.75,-3.25,0.9771821271805536
4,45.92,-1.75,1.673418743269784
4,46.08,-2.58,1.0532409690675282
4,46.92,-62.58,2.8461810691016063
4,47.58,-64.08,3.5364920695622764
4,49.42,-0.42,4.22028424626305
4,49.58,-66.08,3.5861423923855735
4,49.58,-62.08,1.3960769942828588
4,58.25,-148.25,1.2442351778348286
4,58.42,-148.42,1.305073299578258
4,58.58,-148.58,1.2310437914871035
4,58.92,-148.92,1.1656697420846849
4,58.92,-148.75,1.1586684258211226
4,59.08,-149.08,1.2483938733736677
4,59.25,-149.08,1.7306653161843617
4,59.42,-149.42,1.5318692553611029
4,59.42,-149.25,1.527169230438414
4,59.42,-149.08,1.5961273653166634
4,59.58,-149.42,1.439058882849557
4,59.58,-149.08,1.372734540984744
5,-45.42,38.58,0.1832742737162681
5,-44.58,-40.58,0.2585673765057609
5,-43.42,-45.42,0.31981812488465083
5,-43.08,40.75,0.22727886693818228
5,-41.08,-41.75,0.31430945580913905
5,-39.92,43.92,0.27021278866699766
5,-39.08,-38.75,0.2698948106595448
5,-38.75,11.58,0.23576895395914713
5,-37.92,-37.75,0.2313076846656345
5,-36.92,43.92,0.1886651281799589
5,-36.08,-34.92,0.14260272220486686
5,-34.92,-33.75,0.12319493400199072
5,-33.08,-31.08,0.10629762176956448
5,-31.42,43.92,0.115097810115133
5,-30.92,-28.42,0.08181063209970792
5,-29.58,-27.08,0.06919574010230246
5,-28.25,-25.25,0.060891766810701006
5,-26.25,-25.08,0.05695269806754021
5,-24.42,-25.08,0.04409937879868916
5,-21.75,-25.08,0.034730522316836175
5,-21.08,-25.08,0.03271180684013026
5,-16.75,-25.08,0.02572951492454325
5,-14.08,-25.08,0.026920631439203303
5,-12.42,-25.08,0.03417516712631498
5,-10.75,-25.08,0.04164601933388483
5,-4.58,-25.08,0.11143416059868676
5,-2.42,-25.08,0.1254251886691366
5,-0.25,-25.08,0.13771909901074
5,7.08,-27.92,0.13841052388861066
5,11.25,-29.58,0.11720069143034165
5,14.58,-30.92,0.09178739218484788
5,18.58,-32.42,0.0682694816163608
5,22.08,-33.92,0.04517830872819537
5,24.92,133.92,0.05223788675807771
5,25.92,-97.08,2.2309986296154203
5,25.92,-96.92,1.3369501204717726
5,25.92,-96.75,0.9680865406990052
5,25.92,-96.58,0.6521863497438884
5,25.92,-96.42,0.7190074686493192
5,25.92,-96.25,0.5562340532030378
5,25.92,-96.08,0.5070215484925679
5,26.08,-96.42,0.7279793981994901
5,26.42,-96.42,0.729097489799772
5,26.58,-96.58,0.9465754422403516
5,26.75,-96.58,0.9165379802385966
5,26.92,-96.58,0.996917004386584
5,26.92,-96.42,0.7367585989690962
5,26.92,-96.25,0.5268109405324573
5,26.92,-96.08,0.39204325065726325
5,27.08,-97.42,4.4358256828217275
5,27.08,-97.25,3.0288316096578325
5,27.08,-97.08,2.1782783610480174
5,27.08,-96.92,1.912780998718171
5,27.08,-96.75,1.374169940040225
5,27.08,-96.58,1.111049173843293
5,27.08,-96.42,0.8842574620530719
5,27.25,-96.25,0.5762541180565244
5,27.25,-95.75,0.28747301761593136
5,27.42,-96.08,0.514809916416804
5,27.42,-95.92,0.350684445528757
5,27.42,-95.08,0.2087172415284883
5,27.42,-94.42,0.18454474955797195
5,27.58,-96.25,0.8077426240557716
5,27.58,-96.08,0.6311260461807251
5,27.58,-95.92,0.4409716562146232
5,27.58,-95.58,0.29756511251131695
5,27.58,-95.42,0.271622610943658
5,27.58,-95.25,0.2517383946549325
5,27.58,-95.08,0.23844161594197863
5,27.58,-94.92,0.23089743512017383
5,27.58,-94.75,0.2243554127358255
5,27.58,-94.58,0.21376504926454457
5,27.58,-94.42,0.2099097364005588
5,27.75,-96.42,1.3724367774668194
5,27.75,-95.25,0.352899411604518
5,27.75,-94.42,0.2336340003779956
5,27.92,-96.58,2.3448287645975747
5,27.92,-96.42,1.9231073033242
5,27.92,-95.42,0.5290355813645181
5,27.92,-94.25,0.26140760098184856
5,28.08,-116.08,0.3753257972143945
5,28.08,-95.42,0.7274967311393647
5,28.08,-94.58,0.3582940225799878
5,28.08,-94.08,0.277911038625808
5,28.25,-95.58,1.2828066576094854
5,28.25,-95.42,1.020912752265022
5,28.25,-94.75,0.4940000506384032
5,28.25,-94.08,0.30797289524759563
5,28.42,-95.58,2.0781343210311163
5,28.42,-94.75,0.6088430803446543
5,28.42,-94.08,0.3451817344341959
5,28.42,-91.25,0.7728082417022615
5,28.42,-91.08,1.020046251870337
5,28.42,-90.92,1.1246633465800966
5,28.42,-90.75,1.2267721125057764
5,28.42,-90.58,1.228518620842979
5,28.58,-94.92,1.0855309012390315
5,28.58,-92.42,0.33095547556877136
5,28.58,-92.25,0.34942413511730375
5,28.58,-92.08,0.45664340612434207
5,28.58,-91.92,0.5897393702041536
5,28.58,-91.75,0.7853707578920183
5,28.58,-91.58,1.11132713442757
5,28.58,-91.42,1.4372556308905284
5,28.58,-91.08,2.442692364965166
5,28.58,-90.92,2.6577331792740595
5,28.58,-90.75,2.7407955697604587
5,28.58,-90.58,2.385238468647003
5,28.58,-90.42,2.2768274517286393
5,28.75,-94.92,2.0844216488656544
5,28.75,-92.42,0.6272288128024056
5,28.75,-92.25,0.788017600774765
5,28.75,-92.08,0.9628598377818152
5,28.75,-91.92,1.3138676527000608
5,28.75,-91.42,3.348573094322568
5,28.75,-90.58,3.9195000387373424
5,28.75,-90.42,3.991505974815005
5,28.75,-90.25,4.453861032213483
5,28.92,-94.92,3.5262205657504855
5,28.92,-93.08,1.0842986362321037
5,28.92,-92.58,1.1836842809404646
5,28.92,-92.42,1.4035798736980982
5,28.92,-92.25,1.7623366798673357
5,28.92,-92.08,2.237246252241589
5,28.92,-91.92,2.72189272017706
5,28.92,-91.58,4.460877123333159
5,28.92,-90.58,6.184929529825847
5,28.92,-90.25,6.825240305491856
5,28.92,-90.08,6.596096492948986
5,28.92,-89.92,7.276252144858951
5,28.92,-89.75,8.237296445029122
5,28.92,-89.58,10.00880600157238
5,29.08,-94.92,6.185064974285307
5,29.08,-94.58,3.6009412436258224
5,29.08,-94.42,3.1898072220030285
5,29.08,-92.58,2.2479954276766096
5,29.08,-92.42,2.8723253863198415
5,29.08,-89.75,9.929110163734071
5,29.08,-36.92,0.03021215390236605
5,29.42,145.58,0.10296434944584255
5,29.92,146.92,0.10044959152028674
5,31.08,-80.42,0.6617882053057352
5,31.08,-79.75,0.11009716952130907
5,31.08,-32.75,0.04374370910227299
5,31.08,-32.58,0.04405074211813155
5,31.42,-120.42,0.24730948216858364
5,31.92,123.92,3.1011070978073847
5,32.58,-117.58,0.46855628348532175
5,33.42,-118.58,0.6300438607022876
5,33.92,147.58,0.26970084721133825
5,33.92,151.92,0.255976806084315
5,35.58,-22.92,0.08313829167967751
5,37.92,146.92,0.7412921672775632
5,38.58,-20.08,0.18076228208485104
5,41.92,-18.92,0.46135563864594414
5,43.58,-2.08,0.6480740691934314
5,43.58,-1.92,0.9203904413041616
5,43.92,-2.42,0.3891292774961108
5,43.92,-1.92,0.5640166565066292
5,44.42,-2.42,0.4616654266913732
5,44.42,-1.92,0.5878236116397948
5,44.42,37.58,0.7207948310034615
5,44.75,-2.42,0.5102111065671557
5,44.75,-1.92,0.7324113391694569
5,44.92,-3.08,0.4324151369787398
5,44.92,-2.08,0.7378409079142979
5,44.92,-1.92,0.8601429221175966
5,45.08,-3.42,0.4955897799560002
5,45.08,-2.58,0.6244459464436486
5,45.08,-2.25,0.7426964498701549
5,45.08,-2.08,0.8775508077371688
5,45.08,-1.92,1.0557497143745422
5,45.08,-1.58,1.6886296485151564
5,45.25,-2.08,1.0591195977869488
5,45.25,-1.75,1.542086008049193
5,45.25,-1.58,2.109916017169044
5,45.42,-2.92,0.6483778272356305
5,45.42,-2.08,1.2337411060219718
5,45.42,-1.92,1.5154587896097274
5,45.42,-1.42,3.280788296744937
5,45.58,-3.92,0.643833170334498
5,45.58,-2.25,1.1588826307228632
5,45.58,-2.08,1.379894651117779
5,45.58,-1.75,1.970550605228969
5,45.58,-1.58,2.780461629231771
5,45.92,-4.25,0.6890989747785387
5,45.92,-1.75,1.6758794614246912
5,46.08,-18.08,0.6596336158968154
5,46.08,-17.92,0.6578316021533239
5,46.08,-4.58,0.7798539698123932
5,46.08,-3.58,0.7319628085408892
5,46.08,-2.42,1.2399179339408877
5,46.25,-18.08,0.7233787193184807
5,46.25,-17.92,0.7232379033451989
5,46.25,-17.42,0.7689889683609917
5,46.25,-3.08,0.8571326661677587
5,46.42,-18.08,0.7367978472085226
5,46.42,-5.08,0.92941351163954955
5,46.42,-3.92,0.8044165330273765
5,46.58,-18.58,0.7243690909374327
5,46.58,-5.08,1.0273114130610512
5,46.58,-4.92,1.0805952080658503
5,46.58,-3.42,0.9692281910351344
5,46.75,-4.42,0.9699148535728456
5,46.75,-3.58,1.063079373467536
5,46.92,-62.58,1.0318691049303328
5,46.92,-5.75,1.0453895060789018
5,46.92,-4.92,1.2306870860712869
5,46.92,-4.25,1.0030138861565363
5,46.92,-2.75,1.9595170702253069
5,47.08,-6.08,1.0805264086950392
5,47.08,-5.42,1.317735873517536
5,47.08,-3.92,1.1407942814486367
5,47.08,-2.92,2.087049350852058
5,47.25,-6.58,0.9598222105276016
5,47.25,-4.42,1.0764544790699369
5,47.42,-7.42,1.0354589450927008
5,47.42,-4.92,1.0051575232119787
5,47.42,-4.08,1.2701279889969599
5,47.58,-5.75,1.085741176491692
5,47.92,-6.42,1.0930018325646718
5,48.08,-7.08,1.3957620788188208
5,48.42,-126.92,0.6398823289644151
5,48.92,-130.92,0.29255184531211853
5,48.92,-16.58,0.5134067499921435
5,49.08,-138.92,0.22782335572299503
5,49.25,-59.92,0.7499599229721796
5,49.42,-138.92,0.2445143915358044
5,49.58,-0.42,3.6459282409577143
5,49.58,-0.25,4.534296648842948
5,49.92,-145.08,0.24513753751913703
5,49.92,-134.92,0.2552456713858105
5,55.08,3.08,0.8314776562509083
5,55.25,2.58,0.7584635615348816
5,55.42,2.75,0.714052038533347
5,55.42,3.08,0.7407339158512297
5,55.92,2.42,0.7289627634343647
5,56.58,2.25,0.8267008392583757
5,56.92,1.92,1.005240267231351
5,57.42,1.25,1.0303310297784352
5,57.42,1.75,0.9663902194727034
5,57.58,-147.58,1.0075678435109912
5,57.92,-147.92,1.590590633097149
5,57.92,1.25,0.8871524660360246
5,58.08,-148.08,1.4591505797136397
5,58.25,-148.25,1.4050197572935197
5,58.25,0.58,1.0984038639636269
5,58.42,-148.42,1.7182362420218331
5,58.42,0.92,1.0584463945456914
5,58.42,1.25,0.9799944928714208
5,58.58,-148.58,2.096945592335292
5,58.58,-148.42,2.0077530287560963
5,58.75,0.58,1.094578628029142
5,58.92,-148.92,2.058149530774071
5,58.92,-148.75,2.09294030779884
5,59.08,-149.08,2.1240805160431635
5,59.08,-148.92,2.2499139365695773
5,59.08,-147.25,2.0683900600387934
5,59.08,-0.08,1.222429542314439
5,59.08,0.25,1.3243187311149778
5,59.25,-149.08,2.084078257992154
5,59.25,-147.25,1.961982460249038
5,59.25,0.58,1.2211185466675532
5,59.42,-149.42,1.737227034001123
5,59.42,-149.25,1.9175720498675393
5,59.42,-147.25,1.995323237918672
5,59.58,-149.42,1.494646288099743
5,59.58,-0.08,1.1762087756679172
5,60.08,0.42,0.9931189573946452
5,60.25,-0.08,0.965646187464396
5,60.58,0.25,1.1015992675508772
5,60.75,0.92,1.1187326837153662
5,60.92,0.25,1.1498618423938751
5,60.92,0.58,1.1679043400855291
5,64.92,-169.25,4.5994177006539845
5,65.58,-168.92,2.9014910062154136
5,65.58,-168.75,2.449375663484846
5,65.58,-168.58,2.3027230444408597
5,67.42,-169.08,1.9694699190911793
5,70.42,-167.58,1.1615192890167236
5,70.42,-167.42,1.088920342070716
5,71.08,-162.25,1.2783978581428528
5,71.42,-166.08,2.116444408893585
5,71.75,-166.42,0.5042417645454407
5,71.92,-159.75,0.47122400005658466
5,72.08,-159.92,0.3254013657569885
5,72.08,-159.42,0.5574926137924194
6,-36.42,13.08,0.22395421138831548
6,8.42,-30.25,0.11436999092499416
6,12.08,-32.42,0.0938671649921508
6,14.25,-33.75,0.07879416484917913
6,17.92,-35.92,0.053101178258657455
6,19.92,159.92,0.03450346933234306
6,23.92,136.92,0.03757422257746969
6,24.08,140.08,0.03733888011248339
6,27.75,-93.58,0.21876491428840728
6,27.92,-155.08,0.04580305711854072
6,27.92,-93.92,0.2831096567568325
6,27.92,-93.42,0.26362091870534987
6,28.08,-93.92,0.424008992811044
6,28.08,-93.08,0.23082719778730756
6,28.25,-93.92,0.47808929816597984
6,28.42,-94.08,0.5755028770793051
6,28.42,-92.75,0.35786637521925424
6,28.42,-91.08,0.8860893604301271
6,28.42,-90.92,1.0610876317535127
6,28.42,-90.58,1.3472993132613955
6,28.58,-94.42,1.1002349569683982
6,28.58,-94.08,0.9039342382124492
6,28.58,-93.92,0.7284800353504363
6,28.58,-92.58,0.6737262283762296
6,28.58,-91.58,1.0942631974106742
6,28.58,-91.42,1.3902616969176702
6,28.58,-91.08,2.080013891061147
6,28.58,-90.92,2.388024551527841
6,28.58,-90.75,2.695332243329003
6,28.58,-90.58,2.4549527366956077
6,28.58,-90.42,2.2766243673506237
6,28.58,-90.08,2.2750783420744396
6,28.58,-89.75,3.370999486673446
6,28.58,-89.58,3.6467225565796806
6,28.75,-94.42,1.3879682024319966
6,28.75,-94.25,1.3957414570308866
6,28.75,-92.42,1.1383021906727837
6,28.75,-92.08,1.3734063091022628
6,28.75,-91.92,1.3496138396717252
6,28.75,-90.58,3.959218513397944
6,28.75,-90.42,4.132627697218032
6,28.75,-89.92,5.400536361194792
6,28.75,-89.75,6.804484946387155
6,28.92,-94.58,2.235947316601163
6,28.92,-93.75,1.884139793259757
6,28.92,-93.58,1.7347838878631592
6,28.92,-92.75,1.5480507016181946
6,28.92,-92.08,2.526927283832005
6,28.92,-91.75,3.4954230671837214
6,28.92,-91.58,4.413430015246074
6,28.92,-90.58,6.3035296485537575
6,28.92,-89.92,7.601605472110567
6,28.92,-89.75,9.454698505855742
6,28.92,-89.58,11.16960731006804
6,29.08,-94.58,3.279412263915652
6,29.08,-93.92,2.788120851630256
6,29.08,-93.25,2.17664235830307
6,29.08,-89.75,10.294791448683966
6,30.92,-155.08,0.051394056085319745
6,33.42,-118.58,0.42181193615709034
6,34.92,159.92,0.2088962495326996
6,37.08,-76.42,11.597018287295388
6,41.92,-10.42,0.22635013361771905
6,41.92,-9.92,0.2449082973457518
6,41.92,-9.58,0.2936070774282728
6,41.92,-9.42,0.37724472937129794
6,41.92,-9.25,0.5493336504413968
6,41.92,-9.08,1.2627188591730028
6,42.08,-9.42,0.3959085153681891
6,42.08,-9.25,0.5870354289100284
6,42.42,-9.42,0.5073713277067456
6,42.58,-10.42,0.24365190877800896
6,42.58,-9.92,0.2802526517992928
6,42.58,-9.58,0.48692624341873897
6,42.58,-9.42,0.7795184765543256
6,42.75,-61.92,0.552066893804641
6,42.92,-10.42,0.24913276235262552
6,42.92,-9.92,0.376889678693953
6,42.92,-9.58,0.7372295281716755
6,43.58,-62.92,0.5083610330309186
6,44.42,-19.58,0.39500669780231656
6,44.92,-2.58,0.5010717638901302
6,44.92,-2.42,0.595306131811369
6,44.92,-2.08,0.8716821188018435
6,44.92,-1.92,1.0251626074314115
6,44.92,-1.58,1.3050964346953802
6,45.08,-2.42,0.7214856956686292
6,45.08,-2.08,1.0207760348206474
6,45.08,-1.58,1.57025998263132
6,45.25,-1.92,1.4100687163216727
6,45.25,-1.58,1.9850366683233351
6,45.42,-2.08,1.3270243065697809
6,45.42,-1.92,1.568144230615525
6,45.42,-1.75,1.9175741388684229
6,45.42,-1.58,2.3860149752526056
6,45.42,-1.42,3.3583630436942693
6,45.58,-2.25,1.1438674557776678
6,45.58,-2.08,1.3201672917320617
6,45.58,-1.75,2.0179647519474937
6,45.92,-4.25,0.39607574329489753
6,46.08,-4.58,0.39981070373739513
6,46.42,-3.92,0.6324119305326825
6,46.58,-3.42,0.8544181727227711
6,46.75,-5.42,0.5606387378204436
6,46.75,-3.58,0.8768884184814635
6,46.92,-62.58,0.9843846133777072
6,46.92,-14.08,0.4948137381247112
6,46.92,-2.75,2.101309361911955
6,47.08,-2.92,2.0191186723254977
6,47.42,159.92,0.5608649012588319
6,47.58,-64.08,2.318268406958807
6,47.58,-60.08,0.650405113186155
6,49.58,-66.08,1.8691291269801913
6,49.58,-62.08,1.1692204645701818
6,70.92,-159.58,2.071811196051146
6,71.25,-158.25,1.6360011837061714
6,71.25,-157.75,1.561899036169052
6,71.25,-154.42,1.2154592871665957
6,71.42,-156.25,1.5159598598877588
6,71.42,-155.92,2.069470760722955
6,71.42,-154.75,1.5356099257866542
6,71.42,-154.08,1.581539300935609
6,71.58,-156.42,0.8698205018744749
6,71.58,-155.92,1.1086613064010935
6,71.58,-154.92,1.145971982429425
6,71.58,-154.75,1.1921229749917983
6,71.58,-154.58,1.3448463439941407
6,71.58,-154.42,1.1659329746450695
6,71.75,-155.08,1.2137433499097825
6,71.75,-154.92,0.8892891373899248
6,71.92,-154.75,0.8158546760678291
6,71.92,-154.58,1.375771388411522
6,72.08,-154.58,0.5377408266067505
6,72.42,-157.58,0.5180065035820007
6,72.42,-154.58,0.18484489619731903
6,72.75,-158.42,0.5573148727416992
6,72.92,-157.92,0.25723543763160706
7,-48.08,29.92,0.13958178494464268
7,-44.58,21.58,0.1699929196726192
7,-43.08,29.92,0.17223748327656227
7,-42.75,170.75,2.0355170450427313
7,-42.08,21.08,0.18502862751483917
7,-41.58,171.42,1.4357672414996407
7,-41.42,171.08,0.3742179958657785
7,-41.42,171.25,0.45434108782898297
7,-41.25,170.92,0.24893491782925345
7,-41.08,170.58,0.23290689492767508
7,-36.58,18.92,0.35086062211881985
7,-18.75,162.92,0.15289973975582558
7,19.92,115.08,0.10266261971132322
7,20.92,119.92,0.0823200483891097
7,22.58,-158.08,0.050742915577509186
7,27.58,-94.08,0.16812549040398814
7,27.58,-93.92,0.15543680401010948
7,27.58,-93.58,0.15049426291476595
7,27.58,-93.42,0.14842305264689706
7,27.58,-93.25,0.1478843038732355
7,27.58,-93.08,0.1523776020516049
7,27.58,-92.08,0.14783194965936922
7,27.75,-94.08,0.20999200269579887
7,27.75,-93.08,0.18312150612473488
7,27.75,-92.75,0.1912593201480129
7,27.75,-92.58,0.1883274144069715
7,27.75,-92.42,0.19252866371111435
7,27.75,-92.08,0.1834468005055731
7,27.75,-91.92,0.20671496337110343
7,27.75,-91.58,0.19718431986191057
7,27.75,-90.58,0.30815441838719626
7,27.92,-96.08,0.34263124520128424
7,27.92,-95.92,0.32661090113899927
7,27.92,-95.58,0.3157374526966702
7,27.92,-94.08,0.2562641247429631
7,27.92,-93.08,0.22956616296009583
7,27.92,-92.08,0.25037888708439743
7,27.92,-91.42,0.27965979142622516
7,27.92,-91.25,0.3030800308016213
7,27.92,-91.08,0.32019625028425996
7,27.92,-90.75,0.3268289616839452
7,27.92,-90.58,0.3732034445486285
7,28.08,-95.08,0.3952207903970372
7,28.08,-94.92,0.32334847578948195
7,28.08,-94.58,0.3550718088041652
7,28.08,-94.42,0.34373431957580824
7,28.08,-93.08,0.3143177344040437
7,28.08,-92.08,0.3414344604719769
7,28.08,-91.08,0.48517626693302934
7,28.08,-90.92,0.4519456865435297
7,28.08,-90.58,0.4601969597014514
7,28.25,-94.75,0.4242321445860646
7,28.25,-94.25,0.4348437928340651
7,28.25,-94.08,0.4509577991610223
7,28.25,-93.75,0.41048686612736096
7,28.25,-93.58,0.4068506068804047
7,28.25,-93.42,0.4117164544083856
7,28.25,-93.08,0.4038842638785189
7,28.25,-92.92,0.43023997071114456
7,28.25,-92.08,0.5540401982990178
7,28.25,-91.58,0.6452565501359376
7,28.25,-91.25,0.7290241433815523
7,28.25,-90.58,0.8432156402956356
7,28.42,-93.08,0.6099285307255659
7,28.42,-92.58,0.7818374200300737
7,28.42,-92.42,0.7485190643505617
7,28.42,-92.25,0.7704750353639777
7,28.42,-92.08,0.7712759182534434
7,28.42,-91.75,0.9100242016667668
7,28.42,-91.58,0.975579583509402
7,28.42,-91.25,1.1687354709614406
7,28.42,-91.08,1.2765603126450018
7,28.42,-90.92,1.495755222710696
7,28.42,-90.75,1.6070972017266534
7,28.42,-90.58,1.671020656824112
7,28.58,-93.08,0.9267222434282304
7,28.58,-92.42,1.2137858434156938
7,28.58,-92.25,1.1724128398028286
7,28.58,-92.08,1.0996400673281064
7,28.58,-91.92,1.3027712106704712
7,28.58,-91.75,1.4404577071016484
7,28.58,-91.58,1.693641021847725
7,28.58,-91.42,1.809657340699976
7,28.58,-91.08,2.521195031025193
7,28.58,-90.92,3.003924705765464
7,28.58,-90.75,2.8980583440173757
7,28.58,-90.58,2.806181929328225
7,28.75,-93.58,1.026894902641123
7,28.75,-93.08,1.3068555092269725
7,28.75,-92.92,1.4481067196889357
7,28.75,-92.58,1.62106283957308
7,28.75,-92.42,1.7975591014732013
7,28.75,-92.25,1.5735599506985058
7,28.75,-92.08,1.7905600247058002
7,28.75,-91.92,1.9472477734088895
7,28.75,-91.58,2.8619590889323843
7,28.75,-90.58,4.4594415480440315
7,28.92,-93.92,1.2278020950880917
7,28.92,-93.58,1.3356273174285889
7,28.92,-93.42,1.6733154911886563
7,28.92,-93.25,1.782644060525027
7,28.92,-93.08,1.825264116579836
7,28.92,-92.92,1.4707754240794615
7,28.92,-92.75,1.5381663875146343
7,28.92,-92.58,1.9433703747662632
7,28.92,-92.42,2.291234398430044
7,28.92,-92.25,2.474048909815875
7,28.92,-92.08,2.9178771539167925
7,28.92,-91.92,3.1657910374077884
7,28.92,-91.75,3.958809473297813
7,28.92,-91.58,5.427097483114763
7,28.92,-90.58,7.0542908690192485
7,28.92,-90.25,6.30274510383606
7,28.92,-90.08,6.346175806088881
7,29.08,-93.92,1.7421216422861272
7,29.08,-93.58,1.6223271055655046
7,29.08,-93.42,1.635215011509982
7,29.08,-93.25,1.8122565556656232
7,29.08,-93.08,1.8788140930912711
7,29.08,-92.92,2.0421333096244116
7,29.08,-92.75,2.1321452517401087
7,29.08,-92.58,2.4604469158432702
7,29.08,-92.42,3.646246874874288
7,29.08,-92.08,5.524225430055098
7,29.25,-93.75,2.7995061820203606
7,29.25,-93.58,2.6496003541079434
7,29.25,-93.42,2.752017156644301
7,29.25,-93.25,2.8680501905354587
7,29.25,-93.08,2.6798934177918867
7,29.25,-92.92,3.0836945176124573
7,29.25,-92.75,3.248332278294997
7,29.42,-93.75,4.3929442167282104
7,29.42,-93.58,4.402661583640358
7,29.42,-93.42,4.209339932961897
7,29.42,-93.25,4.427518031813881
7,29.42,-93.08,4.602640227837996
7,29.42,-92.92,4.925008210268888
7,29.58,-93.58,7.280759876424616
7,29.58,-93.42,7.139558932997963
7,31.08,-80.92,1.0822694247419185
7,31.08,-80.58,0.4590152312408794
7,31.08,-79.75,0.10475422204895452
7,31.25,-81.08,2.57967991178686
7,31.25,-80.92,1.4101407338272445
7,31.42,-81.25,6.5451130433516065
7,31.42,-80.92,1.8313384977254
7,31.42,-80.58,0.6460757797414606
7,33.42,-118.58,0.3669910248030316
7,37.08,-76.42,14.704491887773786
7,38.58,-73.08,0.3696803179654208
7,42.58,-10.42,0.2264301465316252
7,42.58,-9.92,0.37619405341419304
7,42.92,-10.42,0.22839713367548856
7,42.92,-9.92,0.3900807797908783
7,42.92,-9.58,0.8191239698366686
7,43.75,-125.08,0.9371497509154406
7,43.92,-125.42,0.7574538398872722
7,43.92,-124.58,3.363409237428145
7,44.08,-126.08,0.33705351975831116
7,44.08,-125.42,0.8250959705222737
7,44.25,-125.08,1.7321844358335845
7,44.42,-125.42,0.8159797008741986
7,44.42,37.75,0.696362316608429
7,44.58,-124.42,5.182173566384749
7,44.92,-125.42,0.5688174184073101
7,44.92,-2.08,0.642805889248848
7,44.92,-1.92,0.7226242639801719
7,45.08,-2.08,0.7031366269696843
7,45.08,-1.58,1.1205257976597005
7,45.25,-1.92,0.8385862518440593
7,45.25,-1.58,1.268431224606254
7,45.42,-2.08,0.7952297668565403
7,45.42,-1.92,0.9202576035803016
7,45.42,-1.75,1.1410683732141147
7,45.58,-2.25,0.7456301369450309
7,45.58,-2.08,0.8452267145568674
7,45.75,-1.75,1.218413931402293
7,46.58,-125.25,0.46936236999251624
7,46.58,-124.58,2.634214157407934
7,46.92,-62.58,1.2652699757706036
7,47.58,-64.08,2.1174315810203552
7,47.58,-60.08,0.6611256721344861
7,49.25,-59.92,0.5986360040577975
7,49.58,-66.08,1.934107024561275
7,49.58,-0.25,3.240265824578025
7,53.42,0.08,9.46020237604777
7,53.42,0.25,6.918590924956582
7,57.92,-147.92,0.742252192036672
7,58.08,-148.08,0.8513736196539619
7,58.25,-148.25,0.9904877069321546
7,58.42,-148.42,1.0762579427524046
7,58.58,-148.58,1.153863866220821
7,58.92,-148.92,1.1821977496147156
7,58.92,-148.75,1.238042343746532
7,59.08,-149.08,1.241985865614631
7,59.08,-148.92,1.260565302588723
7,59.08,-147.25,1.1544079306450756
7,59.25,-149.08,1.1662299578840083
7,59.25,-148.08,1.3055224174802953
7,59.25,-147.25,1.1899440017613498
7,59.42,-149.42,1.158887879414992
7,59.42,-149.25,1.1218105933882974
7,59.42,-149.08,1.1056350063193927
7,59.42,-148.42,1.3128878663886676
7,59.42,-148.08,1.288889318704605
7,59.42,-147.25,1.2237146903168072
7,59.58,-149.08,1.1348251564936205
7,59.58,-148.42,1.2135358154773712
7,59.58,-148.25,1.2210073606534435
7,59.58,-148.08,1.232801925052296
7,59.58,-147.25,1.133160561323166
7,59.75,-147.25,1.2224516678940167
7,59.92,-147.25,1.4597171599214729
7,59.92,-146.92,1.07528954744339
7,65.42,-168.58,1.6804103553295135
7,65.58,-168.92,1.7938733805309643
7,65.58,-168.75,1.4571305635300549
7,65.58,-168.58,1.339888870716095
7,67.42,-169.08,1.9746186706152828
7,68.08,-167.75,0.789325009692799
7,68.42,-167.58,0.9649785973808982
7,68.92,-166.92,1.2435333132743835
7,69.08,-167.75,0.8236814913424578
7,69.08,-167.42,1.0432034812190316
7,69.25,-168.25,0.7386441962285475
7,69.42,-168.58,0.692338069731539
7,69.58,-169.08,0.5839964720335874
7,69.92,-164.58,0.993331410668113
7,70.42,-163.25,0.910815727981654
7,70.42,-149.42,5.785374194383621
7,70.58,-161.08,1.1852879172021693
7,70.58,-160.92,1.3065731823444366
7,70.58,-151.42,6.017288598147306
7,70.58,-149.42,4.979796767234802
7,70.75,-161.92,0.7492335438728333
7,70.75,-159.92,2.122595025734468
7,70.92,-162.58,0.6165957207029517
7,70.92,-162.42,0.5969348441470753
7,70.92,-160.08,0.9202800338918512
7,70.92,-159.75,1.0838233069940046
7,70.92,-159.58,1.2736515321514823
7,70.92,-159.42,1.4770916537805037
7,71.08,-163.08,0.5527796677567742
7,71.08,-159.92,0.82910837829113
7,71.08,-159.75,0.8420295163989067
7,71.08,-158.08,1.4743227660655975
7,71.08,-157.92,1.478470190004869
7,71.08,-152.58,3.927101691563924
7,71.08,-152.42,3.883717735608419
7,71.25,-163.42,0.6029135219075463
7,71.25,-160.08,0.7774028960201476
7,71.25,-158.25,0.9548586550213042
7,71.25,-158.08,1.0875021786916823
7,71.25,-157.92,1.1415671422368003
7,71.25,-157.75,1.2176394320669628
7,71.25,-157.08,1.6924566328525543
7,71.25,-152.42,2.3529010944896274
7,71.42,-163.58,0.6581215262413025
7,71.42,-158.42,0.8795656926102109
7,71.42,-157.08,1.2936669474556333
7,71.42,-156.92,1.4722349076043992
7,71.42,-156.25,3.1247632286765357
7,71.42,-156.08,3.0380941250107507
7,71.42,-155.92,3.052837171337821
7,71.42,-155.25,3.3093980133533476
7,71.42,-155.08,3.5955684122286344
7,71.42,-154.58,3.216091314951578
7,71.42,-152.58,1.6051936381393008
7,71.42,-152.42,1.567576499546275
7,71.42,-152.25,1.595331476015203
7,71.58,-163.25,0.8566833833853403
7,71.58,-162.92,0.8872865909024289
7,71.58,-158.58,0.8677879853381051
7,71.58,-157.25,1.0521702749861612
7,71.58,-156.25,1.5140674397349358
7,71.58,-156.08,1.6884662806987762
7,71.58,-155.75,1.88376182588664
7,71.58,-155.58,1.987675567468007
7,71.58,-155.42,2.155306529431116
7,71.58,-155.08,2.299555446420397
7,71.58,-154.42,2.33331478966607
7,71.58,-152.08,1.0700925747553507
7,71.75,-155.92,1.2610596733934738
7,71.75,-155.08,1.6797358468174934
7,71.75,-154.42,1.9341537011297123
7,71.75,-154.25,1.9755262230571948
7,71.75,-152.08,0.952946400642395
7,71.75,-151.92,0.8434389928976694
7,71.92,-162.58,1.1605414466725454
7,71.92,-162.42,1.201178150044547
7,71.92,-158.58,0.5743766758177016
7,71.92,-158.42,0.6191813507500816
7,71.92,-154.92,1.3138766802019544
7,71.92,-154.42,1.2117857564436765
7,71.92,-154.25,1.2334058336913585
7,71.92,-154.08,1.3000407156191374
7,71.92,-151.92,0.629642428830266
7,72.08,-162.08,1.0082464531064033
7,72.08,-158.25,0.732129799969056
7,72.08,-154.42,0.9906956834925544
7,72.08,-154.08,0.9647013325901592
7,72.08,-152.08,0.5920046543081602
7,72.08,-151.75,0.5278153081734975
7,72.25,-161.92,0.932372304610908
7,72.25,-158.08,0.6595671892166137
7,72.25,-153.92,0.812551799747679
7,72.25,-151.58,0.39967571886686176
7,72.42,-161.58,0.6482244214186301
7,72.42,-158.08,0.6812120139598846
7,72.42,-157.92,0.790258385737737
7,72.42,-153.92,0.6212204653355811
7,72.42,-153.42,0.520495378013168
7,72.42,-151.58,0.432995930314064
7,72.58,-161.42,0.5536059691355779
7,72.58,-161.08,0.5482819836873275
7,72.58,-157.75,0.795549465077264
7,72.58,-157.58,0.69059719145298
7,72.58,-153.08,0.3409220123520264
7,72.58,-152.75,0.35065012735625106
7,72.58,-151.92,0.334774902711312
7,72.75,-160.92,0.4724902978965214
7,72.75,-157.42,0.9150283525387446
7,72.92,-160.92,0.4613005014566275
7,72.92,-160.75,0.4543302391584103
7,72.92,-160.58,0.48412037031217053
7,72.92,-157.42,0.35562616701309496
7,72.92,-157.08,0.369295301536719
7,72.92,-152.42,0.2159865517169237
7,73.08,-160.58,0.4884824045002461
7,73.08,-160.42,0.5369588409860929
7,73.08,-160.25,0.5501407396334869
7,73.08,-160.08,0.5291847065091133
7,73.08,-157.08,0.34332134681088583
7,73.08,-156.92,0.34099113368071043
7,73.25,-160.08,0.4298940271139145
7,73.42,-159.92,0.3707202983399232
7,73.42,-159.75,0.37806189494828385
7,73.42,-156.75,0.25316060706973076
7,73.42,-156.58,0.23064348101615903
7,73.58,-159.58,0.26241847553423475
7,73.58,-159.42,0.26458351486004317
7,73.58,-156.75,0.2005452708556102
7,73.75,-159.25,0.2438577890396118
7,73.75,-157.92,0.19909674788896853
7,73.75,-157.25,0.20282757388693945
7,73.92,-158.92,0.2186632969727119
7,73.92,-158.42,0.22984546693888577
8,-56.08,-0.08,0.12912827730178833
8,17.92,57.92,5.757693464105779
8,18.42,57.08,4.670992667024786
8,22.58,-158.25,0.055212154307148674
8,22.58,-158.08,0.05476645210927183
8,25.92,-97.08,0.9164658920331434
8,25.92,-96.92,0.305002551864494
8,25.92,-96.75,0.1745266860181635
8,25.92,-96.58,0.14101892811330882
8,25.92,-96.42,0.12360225753350693
8,26.08,-96.75,0.18778693608262323
8,26.08,-96.42,0.12610702724619346
8,26.25,-96.92,0.34602051160552283
8,26.42,-96.92,0.28374276716600766
8,26.42,-96.42,0.12627825716679747
8,26.58,-97.08,0.4637520272623409
8,26.58,-96.58,0.13976152850822968
8,26.75,-96.58,0.13000129197131505
8,26.92,-97.08,0.33898012272336264
8,26.92,-96.58,0.1267130005766045
8,26.92,-96.42,0.11742972480979832
8,27.08,-97.42,1.462206081910567
8,27.08,-97.25,0.8400541936809366
8,27.08,-97.08,0.33669590882279654
8,27.08,-96.92,0.1827947246757421
8,27.08,-96.75,0.13754381171681665
8,27.08,-96.58,0.12177015163681724
8,27.08,-96.42,0.11730850725011392
8,27.25,-96.92,0.21948621015657077
8,27.25,-96.25,0.11464971100742166
8,27.42,-96.92,0.30014395781538705
8,27.42,-96.08,0.11175724085081708
8,27.42,-95.92,0.10931016504764555
8,27.58,-96.58,0.15462965111840854
8,27.58,-96.25,0.1249735104766759
8,27.58,-96.08,0.11983825367960065
8,27.58,-95.92,0.11506107517264108
8,27.58,-95.58,0.11222268437797372
8,27.58,-95.42,0.1104205579242923
8,27.58,-95.25,0.10675192217935216
8,27.58,-95.08,0.10643308541991492
8,27.58,-94.92,0.10940399139442226
8,27.58,-94.75,0.11003726500679148
8,27.58,-94.58,0.11246292462403124
8,27.58,-94.42,0.11215618303553623
8,27.58,-94.08,0.11252177066423676
8,27.58,-93.92,0.11468702588569034
8,27.58,-93.75,0.11987585032528096
8,27.58,-93.58,0.11993247981775892
8,27.75,-96.42,0.16220327839255333
8,27.75,-95.25,0.1223181150853634
8,27.75,-94.58,0.1251232735812664
8,27.75,-94.42,0.12544414299455556
8,27.75,-93.92,0.1373975199054588
8,27.75,-93.75,0.13795399699698796
8,27.75,-93.58,0.1453982496803457
8,27.92,-155.08,0.04634742218662392
8,27.92,-96.58,0.49990661442279816
8,27.92,-96.42,0.28615793924440036
8,27.92,-95.42,0.13863014768470416
8,27.92,-94.58,0.1436403739181432
8,27.92,-94.25,0.15136647867885503
8,27.92,-93.92,0.15344565294005655
8,27.92,-93.75,0.15585679493167184
8,27.92,-93.58,0.16689444875175302
8,28.08,-95.42,0.1758955144746737
8,28.08,-94.58,0.1714662147516554
8,28.08,-94.08,0.1866835203360427
8,28.25,-95.42,0.2453771477395838
8,28.25,-94.75,0.2131472775204615
8,28.25,-94.08,0.22308965399861336
8,28.42,-95.58,0.5585225549611178
8,28.42,-94.75,0.249645472927527
8,28.42,-94.08,0.26701129939068446
8,28.42,-91.25,0.9022333452647384
8,28.42,-91.08,1.126104592599652
8,28.42,-90.92,1.2071061716838316
8,28.42,-90.75,1.2635676576332613
8,28.42,-90.58,1.1854324679483066
8,28.42,-89.92,0.8480649482120167
8,28.58,-95.58,1.3031641434539447
8,28.58,-94.92,0.3644511421973055
8,28.58,-94.08,0.35608042776584625
8,28.58,-92.42,0.6053096787496046
8,28.58,-92.25,0.6181540976871144
8,28.58,-92.08,0.6416853639212522
8,28.58,-91.92,0.7304686463691972
8,28.58,-91.58,0.9637109989469702
8,28.58,-91.42,1.2686084400523792
8,28.58,-91.25,1.5654551061716946
8,28.58,-91.08,2.0149211937730964
8,28.58,-90.92,2.3316533782265405
8,28.58,-90.75,2.261267215013504
8,28.58,-90.58,2.044807583093643
8,28.58,-90.42,1.8410533964633944
8,28.58,-89.75,1.886975648728284
8,28.58,-89.58,2.0286153040148993
8,28.75,-94.92,0.6247151575305245
8,28.75,-94.08,0.4790666943246668
8,28.75,-92.58,0.7101621248505332
8,28.75,-92.42,0.7888412184335969
8,28.75,-92.25,0.9087068756872956
8,28.75,-92.08,1.0402284901250491
8,28.75,-91.92,1.024490394375541
8,28.75,-91.75,1.199726722457192
8,28.75,-91.58,1.60432737252929
8,28.75,-91.42,2.2259034026752818
8,28.75,-90.58,3.2051999514753167
8,28.75,-90.42,2.87139172445644
8,28.75,-89.92,2.8519878170707007
8,28.75,-89.75,3.255325983871113
8,28.92,-94.92,1.245081533085216
8,28.92,-94.08,0.7366483197970823
8,28.92,-93.92,0.7039185477928682
8,28.92,-93.58,0.6866986412893642
8,28.92,-93.42,0.6902115507559343
8,28.92,-93.25,0.7644263248551976
8,28.92,-92.92,0.8926117257638411
8,28.92,-92.75,0.8970766826109453
8,28.92,-92.58,0.98843961547721515
8,28.92,-92.42,1.092008264227347
8,28.92,-92.25,1.3522710637612776
8,28.92,-92.08,1.706402231346477
8,28.92,-91.92,1.927343799309297
8,28.92,-91.58,3.2693394856019453
8,28.92,-90.75,7.463678359985352
8,28.92,-90.58,6.1453458070755005
8,28.92,-90.42,4.968852975151756
8,28.92,-90.08,4.027912660078569
8,28.92,-89.92,3.68111407214945
8,28.92,-89.75,4.540476620197296
8,28.92,-89.58,8.258391521193765
8,29.08,-94.92,2.881265705282038
8,29.08,-94.08,1.2596670253710314
8,29.08,-93.92,1.1686517054384404
8,29.08,-93.58,1.0248557925224304
8,29.08,-93.42,1.0915010490200736
8,29.08,-93.25,1.1683189489624717
8,29.08,-93.08,1.1817457730119878
8,29.08,-92.92,1.2754599424925717
8,29.08,-92.75,1.329006303440441
8,29.08,-92.58,1.396273892034184
8,29.08,-92.42,2.019002291289243
8,29.25,-94.08,2.118093046275052
8,29.25,-93.75,1.963366990739649
8,29.25,-93.58,1.896077871322632
8,29.25,-92.75,2.04326040094549
8,29.42,-94.08,3.4036632505330173
8,29.42,-93.75,3.238149740479209
8,29.42,-93.42,3.0454976667057383
8,29.42,-93.25,3.085157806223089
8,29.42,-93.08,3.103712786327709
8,29.58,-93.58,5.201699365269054
8,29.92,-150.08,0.049642061814665794
8,30.75,-79.08,0.0515011784366586
8,30.92,-78.92,0.050713344223119995
8,31.08,-81.08,1.7938954017379067
8,31.08,-80.92,1.034925420175899
8,31.08,-80.58,0.494644049893726
8,31.08,-79.92,0.17955901270562952
8,31.08,-79.75,0.11396667124195532
8,31.25,-81.08,2.698405081575567
8,31.25,-80.92,1.2973492660305717
8,31.25,-80.08,0.22391106459227475
8,31.25,-79.42,0.07076527144421231
8,31.42,-81.25,6.973401329734108
8,31.42,-81.08,4.035943605683067
8,31.42,-80.75,1.0291160534728656
8,31.42,-79.92,0.21285258572209964
8,32.42,-66.08,0.03906459784643217
8,33.08,-78.75,0.9356775934045966
8,33.08,-77.58,0.18081752109256655
8,33.08,-76.58,0.08548365770415826
8,33.08,-76.25,0.06223128143359314
8,33.08,-75.75,0.05280837484381416
8,33.42,-118.58,0.4104711447249759
8,33.42,-118.08,0.47188304703344
8,33.42,-74.58,0.04791840453716842
8,33.58,-70.08,0.04024283003739335
8,33.92,-77.58,0.6253947764635086
8,33.92,-76.42,0.155505874956196
8,33.92,-75.92,0.09632850861684844
8,33.92,-75.42,0.061544781889427795
8,34.42,-76.58,0.6758509522134607
8,34.42,-75.58,0.1051069748672572
8,34.42,-74.58,0.05587270906703039
8,34.92,-75.92,0.4731520793654702
8,34.92,-75.08,0.10759191858497533
8,34.92,-74.08,0.05270625227554278
8,35.42,-72.42,0.04809304970231923
8,35.58,-74.58,0.17468586665662852
8,35.58,-73.58,0.057199970057064835
8,35.92,-75.08,0.45563881370154297
8,36.08,-75.75,14.173331650820645
8,36.08,-74.42,0.27823885360902006
8,36.08,-73.92,0.15558612668378788
8,36.08,-72.42,0.057903821326114914
8,36.42,-71.42,0.05599481256848032
8,36.75,-74.92,0.4764340709556233
8,36.75,-73.92,0.2561905174092813
8,37.08,-76.42,13.579293966293337
8,37.58,-74.92,0.7357760234312578
8,37.58,-74.08,0.3248199298977852
8,38.08,-72.75,0.22183252464641223
8,38.08,-72.42,0.20354475690559903
8,38.25,-72.75,0.24161945960738443
8,38.25,-72.58,0.21940138360316103
8,38.58,-72.42,0.23065049743110483
8,38.92,-150.08,0.07129984772340818
8,41.58,-10.25,0.22618444534865292
8,41.75,-10.08,0.2544508237730373
8,41.75,-9.92,0.27889291738921945
8,41.75,-9.42,0.6472494629296389
8,41.92,-9.58,0.45307622308080847
8,42.08,-9.58,0.4724046310240572
8,42.25,-9.42,0.7113895118236542
8,43.75,-150.08,0.162080509418791
8,48.42,-126.08,2.5169664987108926
8,48.58,-128.92,0.3326964530755173
8,49.08,-134.92,0.2070953869684176
8,49.42,-0.58,3.999646793712269
8,49.92,-144.92,0.3072674728252671
8,53.42,0.08,9.043669148495322
8,53.42,0.25,5.744645682248202
8,64.25,-166.58,2.2059508128599687
8,65.92,-167.42,4.794940330765464
8,66.42,-168.92,2.773623837666078
8,66.42,-167.92,2.7003689950162713
8,66.92,-168.42,2.010418615557931
8,67.42,-169.08,2.521316398273815
8,67.42,-167.42,1.9646159762685949
8,67.92,-168.92,1.8769040297378192
8,67.92,-168.08,1.708777354522185
8,68.08,-167.42,1.7188397456299176
8,68.08,-167.25,1.747730696743185
8,68.58,-168.42,1.3471250859173862
8,68.92,-169.08,1.1050195815888315
8,70.25,-164.42,1.0965796871618791
8,70.25,-163.92,1.3525234948505054
8,70.25,-163.42,1.6433305523612285
8,70.42,-168.42,0.4764631018042565
8,70.42,-167.92,0.5335072929208929
8,70.42,-167.42,0.5980298105965961
8,70.42,-166.92,0.6273823394016786
8,70.42,-166.42,0.7312885157086633
8,70.42,-165.92,0.7409817644140937
8,70.42,-165.42,0.7137608961625532
8,70.42,-164.92,0.7917603051120584
8,70.58,-168.92,0.4476609589024024
8,70.58,-168.58,0.4589333209124478
8,70.58,-166.58,0.6308407566764138
8,70.58,-161.58,1.2131858440962704
8,70.58,-161.42,1.2960423962636427
8,70.75,-168.25,0.4500192044810815
8,70.92,-167.92,0.5205952728336508
8,70.92,-160.08,0.905914931134744
8,70.92,-149.42,1.2498329877853394
8,71.08,-167.58,0.5205628885464235
8,71.08,-167.25,0.5165087147192522
8,71.08,-160.75,0.6185823489319194
8,71.08,-157.42,2.070708082480864
8,71.08,-152.75,2.473522207953714
8,71.08,-152.58,2.33028061281551
8,71.08,-152.42,2.252252454107458
8,71.08,-149.42,0.9185549305243924
8,71.25,-166.92,0.5001049868085168
8,71.25,-157.58,1.1329978000033984
8,71.25,-152.42,1.5702710774811832
8,71.25,-149.25,0.7728252194144509
8,71.42,-166.58,0.4701354551044377
8,71.42,-163.58,0.4848907413807782
8,71.42,-161.42,0.5766024711457166
8,71.42,-157.92,0.7331517514857379
8,71.42,-155.25,2.116318640383807
8,71.42,-155.08,2.2981005283919247
8,71.42,-152.75,1.115845095027577
8,71.42,-152.58,1.1379491063681515
8,71.42,-152.42,1.04891113801436
8,71.42,-152.25,1.01265578920191
8,71.42,-149.25,0.8522328961463201
8,71.42,-149.08,0.7392618294273104
8,71.58,-166.08,0.41970013217492536
8,71.58,-164.58,0.4374099570241841
8,71.58,-159.42,0.562043156136166
8,71.58,-158.75,0.5795884024013173
8,71.58,-158.58,0.5869887268001382
8,71.58,-158.25,0.6523047238588333
8,71.58,-157.92,0.696365013718605
8,71.58,-157.75,0.7178315411914479
8,71.58,-157.42,0.7801839898933064
8,71.58,-157.25,0.8003212457353418
8,71.58,-157.08,0.870154245333238
8,71.58,-156.75,0.9367274574258112
8,71.58,-155.75,1.5512109940702266
8,71.58,-155.58,1.614418712529269
8,71.58,-155.42,1.6165212446993047
8,71.58,-155.08,1.610397677529942
8,71.58,-152.58,0.983610073273832
8,71.58,-152.42,0.8773883120580153
8,71.58,-152.08,0.8140319612893191
8,71.58,-149.08,0.7271998787210101
8,71.75,-159.08,0.5179890434850346
8,71.75,-158.92,0.5199649713256143
8,71.75,-156.58,0.8223968500440771
8,71.75,-156.25,0.8888950849121268
8,71.75,-155.92,0.8797170912677591
8,71.75,-152.08,0.7044078518043865
8,71.75,-149.08,0.6048519788753419
8,71.92,-166.08,0.44449707052924414
8,71.92,-163.58,0.5380694100802595
8,71.92,-162.42,0.6069407179242089
8,71.92,-161.08,0.5270480272315797
8,71.92,-159.75,0.5464116687124426
8,71.92,-159.58,0.5152143361893567
8,71.92,-159.42,0.5090710412372242
8,71.92,-155.58,0.6644814732399854
8,71.92,-155.42,0.6959453482519496
8,71.92,-155.25,0.7342177453366193
8,71.92,-155.08,0.7144017978148027
8,71.92,-153.75,0.8501635356382891
8,71.92,-152.42,0.6347878291493371
8,71.92,-151.92,0.6532922798678988
8,71.92,-148.92,0.5224128741593588
8,72.08,-166.08,0.5040366046807983
8,72.08,-160.08,0.4928569580827441
8,72.08,-159.92,0.5076082362370058
8,72.08,-159.75,0.5157860314304178
8,72.08,-159.42,0.515463106688999
8,72.08,-154.08,0.7421193014491688
8,72.08,-151.92,0.5137803150074822
8,72.08,-151.75,0.5029300405156045
8,72.25,-164.25,0.4648068438876759
8,72.25,-160.58,0.4763652668757872
8,72.25,-159.75,0.5090948925776915
8,72.25,-159.58,0.5168634151870554
8,72.25,-159.08,0.478352108172008
8,72.25,-153.58,0.569579215986388
8,72.25,-152.08,0.5401263290217945
8,72.42,-166.08,0.4719294865023006
8,72.42,-164.08,0.4752951955253428
8,72.42,-161.58,0.43958713046529074
8,72.42,-161.08,0.46474359116771
8,72.42,-159.58,0.49499173055995593
8,72.42,-159.42,0.4870974976908077
8,72.42,-159.25,0.487510314041918
8,72.42,-159.08,0.48383585024963727
8,72.42,-158.92,0.47672865336591547
8,72.42,-158.75,0.4788362885063345
8,72.42,-152.08,0.5406046534578005
8,72.58,-166.08,0.4560590867291797
8,72.58,-163.92,0.4622648534449664
8,72.58,-161.92,0.4538226513700051
8,72.58,-161.75,0.43888217210769653
8,72.58,-161.58,0.4899522784081372
8,72.58,-161.42,0.4655002761970866
8,72.58,-161.25,0.44611204686489975
8,72.58,-159.25,0.4201359003782272
8,72.58,-159.08,0.41008959304202686
8,72.58,-158.92,0.4016635041861307
8,72.58,-158.75,0.47677207264033233
8,72.58,-158.58,0.4418154751712626
8,72.58,-158.42,0.4070097526366061
8,72.58,-153.08,0.40822329446673394
8,72.75,-163.75,0.4230420237237757
8,72.75,-162.08,0.4214264059608633
8,72.75,-161.75,0.430736824192784
8,72.75,-158.92,0.3804419253553663
8,72.75,-158.42,0.3971116454763846
8,72.92,-169.08,0.5035769776219413
8,72.92,-168.58,0.5195443176410415
8,72.92,-167.92,0.4804727326739918
8,72.92,-167.42,0.4744574502110481
8,72.92,-166.08,0.4604540914297104
8,72.92,-163.58,0.4207478470423005
8,72.92,-163.08,0.40311076559803705
8,72.92,-161.92,0.42819390378215094
8,72.92,-161.75,0.43371299654245377
8,72.92,-160.92,0.4314267249269919
8,72.92,-160.75,0.4222807322036136
8,72.92,-160.58,0.422370886260813
8,72.92,-158.08,0.4322578190338044
8,73.08,-166.92,0.4473785296082496
8,73.08,-166.08,0.4264494996695291
8,73.08,-165.75,0.4657954417523883
8,73.08,-165.58,0.4678238303888412
8,73.08,-165.08,0.47092048823833466
8,73.08,-164.58,0.47062507339499215
8,73.08,-163.42,0.44449478861960495
8,73.08,-162.58,0.3659536185718718
8,73.08,-162.42,0.3673479627995264
8,73.08,-162.25,0.36560536211445216
8,73.08,-162.08,0.3618468124242056
8,73.08,-161.92,0.3700732652630125
8,73.08,-160.42,0.3695430599507831
8,73.08,-160.25,0.3678315352825891
8,73.25,-166.08,0.40139853170043543
8,73.25,-164.08,0.4026154520965758
8,73.25,-163.42,0.3844425422804697
8,73.25,-163.08,0.3992957636004403
8,73.25,-162.92,0.37062561370077585
8,73.25,-157.58,0.3144385516643524
8,73.42,-166.08,0.36346487179398534
8,73.42,-165.58,0.37034825310111047
8,73.42,-162.92,0.35981187295346034
8,73.42,-159.75,0.3150618026653926
8,73.42,-159.58,0.32970126328014193
8,73.58,-166.08,0.32929374650120735
8,73.58,-162.58,0.3565469377097629
8,73.58,-159.25,0.27215358579442617
8,73.58,-159.08,0.27360582245247705
8,73.58,-156.92,0.25509772449731827
8,73.75,-166.08,0.31891812160611155
8,73.75,-162.42,0.3313075453042984
8,73.75,-158.08,0.23428964153641743
8,73.92,-166.08,0.28715542597430094
8,73.92,-165.92,0.2852591992843719
8,73.92,-165.58,0.2917645949692953
8,73.92,-162.08,0.2892153383720489
8,74.08,-165.08,0.2856697816224325
8,74.08,-164.58,0.2888675495272591
8,74.25,-164.08,0.24773711391857692
9,-54.08,-0.08,0.14096370813521472
9,-26.08,13.42,0.8276776454665444
9,-24.08,13.92,1.8857716538689353
9,-8.08,-14.92,0.2009878182275729
9,-6.75,-25.08,0.1344001746990464
9,-4.58,-12.75,0.31757441433993255
9,-2.25,-13.25,0.34315278313376685
9,-1.58,-12.92,0.3890884938565167
9,1.25,-15.08,0.1897495910525322
9,4.92,-17.08,0.11006099019538272
9,7.75,66.92,0.13803333721377634
9,7.75,67.08,0.13875745101408524
9,7.92,66.92,0.1420465067706325
9,8.58,-19.08,0.14769522879611363
9,10.08,65.42,0.2304942269216884
9,11.75,64.25,0.5537876053289934
9,11.92,64.42,0.5953063748099587
9,11.92,66.92,0.34160088578408415
9,12.58,-20.92,0.2162518968636339
9,13.92,63.08,0.740130671045997
9,14.08,66.92,0.4126316837289117
9,15.08,64.42,0.7002604962749914
9,15.75,62.08,0.7420936091379686
9,15.92,61.92,0.780891780148853
9,17.42,60.42,0.9474264613606712
9,18.58,58.75,1.6021090312437578
9,18.92,58.92,1.4192367480559782
9,19.08,58.42,3.0981059670448303
9,19.25,58.08,5.7540905909104785
9,19.42,58.08,8.570332537997853
9,21.92,-21.08,0.2950985770333897
9,21.92,-20.75,0.29314136098731647
9,22.58,-158.25,0.05571622249077667
9,26.08,-21.92,0.07117769985713741
9,26.08,-20.92,0.07490253075957298
9,26.92,-96.92,0.5560828352516348
9,26.92,-96.75,0.34472632137211884
9,27.08,-152.92,0.05154867588796399
9,27.08,-97.25,2.4060224023732273
9,27.08,-97.08,1.2211105539040132
9,27.25,-96.58,0.27808628942478786
9,27.42,-97.42,4.767875671386719
9,27.42,-96.58,0.32684184170582076
9,27.58,-97.08,2.7209368998354133
9,27.58,-96.92,1.493934539231387
9,27.58,-96.08,0.16411890732971104
9,27.58,-93.92,0.11576880243691531
9,27.58,-93.75,0.11462512815540488
9,27.58,-93.58,0.11242373524741692
9,27.75,-96.25,0.2973938777365468
9,27.75,-95.92,0.20895762436769225
9,27.75,-93.92,0.13063347204165024
9,27.75,-93.75,0.13422247936779802
9,27.92,-96.75,2.332656827839938
9,27.92,-96.42,0.862278781153939
9,27.92,-95.58,0.2325989952818914
9,27.92,-94.08,0.15767362747680058
9,27.92,-93.92,0.1602453999221325
9,27.92,-93.75,0.15844158455729485
9,28.08,-96.42,1.8901943239298733
9,28.08,-95.75,0.43426936255259946
9,28.08,-95.08,0.20960271968082947
9,28.08,-94.92,0.19179248403419147
9,28.08,-94.75,0.18030367317524823
9,28.08,-94.58,0.16780381107872183
9,28.08,-94.42,0.18389474871483716
9,28.08,-93.92,0.1884131353687156
9,28.25,-95.92,1.2194994064894589
9,28.25,-95.25,0.3866268071261319
9,28.25,-94.25,0.2292817008088935
9,28.25,-93.92,0.22390228780833157
9,28.25,-91.75,0.2791506336493926
9,28.25,-91.42,0.3171753727576949
9,28.42,-95.58,1.461886091665788
9,28.42,-95.42,0.9767953888936476
9,28.42,-92.92,0.30666611953215167
9,28.42,-92.58,0.30873174694451416
9,28.42,-92.08,0.32925423031503503
9,28.42,-91.75,0.37540601329369977
9,28.42,-91.42,0.5380990823561494
9,28.42,-91.08,0.7391594052314758
9,28.42,-90.92,0.7880500893701207
9,28.42,-90.75,0.7931384051387961
9,28.58,-95.42,2.058229500597174
9,28.58,-94.42,0.481472291729667
9,28.58,-94.25,0.4543648944659667
9,28.58,-92.92,0.4329685142094439
9,28.58,-92.58,0.4470050809058276
9,28.58,-92.42,0.478801157664169
9,28.58,-92.25,0.48256505077535455
9,28.58,-92.08,0.4861519235101613
9,28.58,-91.75,0.652968245473775
9,28.58,-91.58,0.809746958992698
9,28.58,-91.42,1.0012262626127764
9,28.58,-91.08,1.459509402513504
9,28.58,-90.92,1.5619982128793544
9,28.58,-90.58,1.4384894289753654
9,28.75,-94.42,0.8049808442592621
9,28.75,-92.92,0.6559035967696797
9,28.75,-92.58,0.6320515275001526
9,28.75,-92.42,0.6642627661878412
9,28.75,-92.25,0.7181149856610731
9,28.75,-92.08,0.7964592318643223
9,28.75,-91.92,0.960652535611933
9,28.75,-91.75,1.094435943798585
9,28.75,-90.58,2.183229608969255
9,28.92,-95.25,6.045843926343051
9,28.92,-95.08,3.824970684268258
9,28.92,-94.92,2.6560035889798943
9,28.92,-94.58,1.6738177835941317
9,28.92,-92.92,0.8554682690988887
9,28.92,-92.58,0.8990207355130803
9,28.92,-92.42,1.0069944099946455
9,28.92,-92.25,1.1292203231291338
9,28.92,-92.08,1.332485006614165
9,28.92,-91.92,1.6468228508125653
9,28.92,-91.58,2.662921352819963
9,28.92,-90.75,4.063786094838923
9,29.08,-94.75,3.6640386310490696
9,29.08,-93.08,1.146987102248452
9,29.08,-92.92,1.1780681312084198
9,29.08,-92.75,1.2239267013289712
9,29.08,-92.58,1.4921022138812323
9,29.08,-92.42,2.0203668258406897
9,29.25,-92.92,1.8606411056085064
9,29.42,-92.92,3.7841196710413154
9,30.42,-21.58,0.03955616310916163
9,31.08,-80.92,1.585792216387662
9,31.08,-80.58,0.8225177824497223
9,31.08,-79.75,0.1606693806296045
9,31.25,-81.08,3.6735505407506768
9,31.25,-80.92,1.9766168648546392
9,31.42,-81.25,7.382209864529696
9,31.42,-80.92,2.3532845919782464
9,31.42,-80.58,1.0701411854137073
9,33.08,-118.08,0.43666151640090073
9,33.42,-118.58,0.4316208978945559
9,33.42,-118.25,0.5022363594987176
9,33.42,-118.08,0.5465572002259168
9,34.75,-20.58,0.05627018568867987
9,38.08,-24.92,0.08914091268723662
9,38.92,-17.92,0.07867544821717522
9,42.58,-9.75,0.4417544528841973
9,42.58,-9.42,1.2181236039508472
9,42.92,-14.92,0.15365829488093202
9,42.92,-9.58,1.12709319320592
9,45.42,-1.42,1.4996632933616638
9,46.92,-62.58,1.8689355145801196
9,46.92,-11.75,0.2710865539583293
9,47.25,-8.58,0.27047842808745126
9,47.25,-7.42,0.3338778486306017
9,47.42,-7.42,0.4019276052713394
9,47.58,-64.08,2.6988789926875723
9,47.58,-60.08,1.0172010578892448
9,47.58,-8.08,0.3689367865974253
9,48.25,-10.08,0.39316903867504815
9,48.42,-126.92,0.9524831135164608
9,48.92,-130.92,0.3249861591241576
9,49.08,-138.92,0.281484838236462
9,49.42,-138.92,0.295662216164849
9,49.42,-5.58,1.1470658589493146
9,49.42,-0.25,6.282597834413702
9,49.58,-66.08,2.3332890380512583
9,49.58,-62.08,1.524361185052178
9,49.92,-145.08,0.35380786725065927
9,49.92,-134.92,0.3135816197503697
9,62.92,-166.58,3.0553881146691064
9,63.92,-172.42,1.268279549750415
9,64.58,-167.25,3.279629425569014
9,65.08,-169.92,3.5343908965587616
9,65.08,-169.08,3.7601300477981567
9,66.42,-167.75,2.7824292182922363
9,66.58,-169.08,2.784042640165849
9,67.92,-169.08,2.7739603952928023
9,68.08,-169.08,2.516798431223089
9,69.92,-166.42,1.7928968979553743
9,69.92,-163.92,2.108680833469738
9,70.08,-169.08,0.8580999780784954
9,70.92,-162.08,0.8489830236543309
9,71.08,-160.75,0.736705556511879
9,71.25,-163.42,0.570613984357227
9,71.25,-163.08,0.5910334932533178
9,71.25,-152.08,1.458198995752768
9,71.42,-163.92,0.5354799560525201
9,71.42,-158.25,0.9167736389420248
9,71.42,-152.08,0.9764800329100002
9,71.58,-160.08,0.6378910663453016
9,71.58,-155.42,1.6282222108407454
9,71.58,-151.92,1.573765990408984
9,71.75,-161.42,0.42837719348343933
9,71.75,-158.92,0.7091934809630568
9,71.92,-162.58,0.4372520345178517
9,71.92,-161.92,0.432243480601094
9,71.92,-154.92,0.8230479054830291
9,72.08,-158.92,0.42527680505405774
9,72.08,-156.42,0.668245913630182
9,72.42,-168.92,0.44071675769307395
9,72.42,-153.92,0.3414725810289383
9,73.08,-152.92,0.2868740846003805
9,73.25,-151.42,0.341365897282958
9,73.92,-156.25,0.20701511594511213
9,74.92,-165.08,0.17978789880871773
10,-58.92,61.92,0.1076300787842936
10,-52.92,-0.08,0.1528999995101582
10,-52.08,61.75,0.12058678608049046
10,-48.08,73.42,0.3002094314856963
10,-38.58,-38.25,0.3764777176759459
10,-33.25,-46.75,0.22797820310701025
10,-30.25,-42.58,0.1139891201799566
10,-30.08,-27.42,0.05706839906898411
10,-27.42,-38.92,0.0856853738765825
10,-24.75,-35.25,0.06580254215408456
10,-21.92,-31.58,0.038043916394764725
10,-19.25,-28.42,0.023452383212067864
10,-19.08,-25.08,0.021430031311782925
10,-16.58,-25.08,0.024420668540353126
10,-13.92,-21.75,0.034176406704566696
10,-11.08,-18.42,0.058057172054594215
10,28.08,-96.42,2.090260137211193
10,28.25,-95.92,1.419021871956912
10,28.58,-95.42,2.0567617633126
10,30.25,-116.58,0.24255244366147305
10,32.58,-117.58,0.38628179783170874
10,33.42,-118.58,0.364453216845339
10,33.42,-118.25,0.4077937691049142
10,33.42,-118.08,0.4419851452112198
10,36.25,-72.08,0.09693266282027418
10,37.08,-76.42,9.97292360392484
10,44.42,37.58,0.9502199400555004
10,44.92,-2.08,0.4582752233201807
10,44.92,-1.92,0.5083498060703278
10,44.92,-1.58,0.7003238350152969
10,45.08,-2.42,0.4026907431808385
10,45.08,-2.08,0.4598428606986999
10,45.08,-1.58,0.8042766912416979
10,45.25,-1.92,0.5230841013518247
10,45.25,-1.58,0.8431270759214055
10,45.42,-2.08,0.5382042500105771
10,45.42,-1.92,0.6709549995985898
10,45.42,-1.75,0.7732494866306131
10,45.58,-2.25,0.523161073977297
10,45.58,-2.08,0.566485196352005
10,45.58,-1.58,1.3146990618922494
10,45.75,-1.75,1.2819959846409883
10,47.58,-64.08,2.8140213814648716
10,52.92,0.75,10.776755961504849
10,53.58,-0.08,8.207619285583496
10,53.58,0.08,7.416670127348467
10,53.92,0.25,2.0595800659873267
10,54.58,-0.42,2.121787117286162
10,55.42,-1.42,2.089370548725128
10,62.08,-167.25,3.2486189007759094
10,62.25,-167.58,3.1400417252020403
10,62.42,-168.08,2.9465516345067457
10,62.42,-167.92,2.9400202713229437
10,62.58,-168.92,2.373972096226432
10,62.58,-168.58,2.4678416062485087
10,62.75,-169.08,2.0824436220255764
10,63.75,-172.08,1.1814425892450593
10,63.92,-172.42,1.0959345556118272
10,63.92,-172.25,1.116685569963672
10,64.08,-169.58,1.5585810027339242
10,64.42,-171.08,1.156003020026467
10,64.42,-170.58,1.4007425606250763
10,64.42,-170.42,1.2801600288261066
10,64.42,-170.25,1.3101522407748485
10,64.42,-169.92,1.490888002243909
10,64.42,-169.75,1.8143850090828808
10,64.42,-169.58,1.9566772133111952
10,64.42,-169.08,2.3331007212400436
10,64.42,-168.92,2.316409097476439
10,64.42,-168.42,1.9288889115506953
10,64.42,-167.58,3.087177487259561
10,64.42,-167.25,2.7413298135454003
10,64.92,-167.92,2.3441367989236657
10,65.08,-168.25,2.26889812133529
10,65.58,-168.92,1.8582483435218984
10,65.58,-168.75,1.8616481132128024
10,65.58,-168.58,1.80018411712213
11,-76.75,-178.42,2.997339379042387
11,-76.75,169.42,0.53061144053936
11,-76.58,-178.08,2.950157584249973
11,-76.58,169.75,0.7405620483415467
11,-76.58,175.92,3.4535330277350216
11,-73.58,176.75,0.14674997702240944
11,-69.42,-85.25,0.13838001216451326
11,-69.25,-85.25,0.166735810538133
11,-69.08,-85.42,0.18116195606333868
11,-69.08,-85.25,0.18025332542934588
11,-68.92,-85.42,0.27648475269476575
11,-68.92,-85.25,0.2882877416642649
11,-68.75,-85.25,0.3622249902359077
11,-68.58,-85.25,0.3719675477061953
11,-68.58,-85.08,0.3854433191674097
11,-68.42,-85.08,0.6250515669584275
11,-68.25,-85.08,0.551360650326718
11,-68.08,-85.08,0.8138549260117791
11,-67.92,-85.08,0.6764857531948523
11,-67.75,-85.08,0.7014920054511591
11,-67.58,-85.08,0.4322635835179916
11,-67.42,-85.08,0.2951819598674774
11,-67.25,-85.08,0.2355106309056282
11,-67.08,-85.08,0.19005053043365475
11,-66.42,-84.58,0.1685067594051361
11,-66.25,-84.58,0.1728666454553604
11,-66.08,-84.58,0.16131333882610002
11,-65.92,-84.75,0.16900400668382645
11,-65.92,-84.58,0.16982757821679115
11,-65.75,-84.92,0.1624010925491651
11,-65.75,-84.75,0.1578477615151893
11,-65.58,-85.08,0.16073390114165487
11,-65.58,-84.92,0.16055078698056086
11,-65.42,-85.25,0.16273723915219307
11,-65.42,-85.08,0.16223470299016862
11,-65.42,-84.92,0.16359557601667585
11,-65.42,-84.75,0.1645387260331994
11,-65.42,-84.58,0.16244221602876982
11,-65.42,-84.42,0.1593909911101773
11,-65.42,-84.25,0.1588164690349783
11,-65.42,-84.08,0.1618750480314096
11,-65.42,-83.92,0.16501306706950775
11,-62.92,-62.42,0.2022585767236623
11,-62.92,-62.25,0.21528304808519105
11,-62.75,-62.58,0.24579450284892865
11,-62.75,-62.42,0.2383840944279324
11,-62.58,-62.75,0.26740590550682763
11,-62.58,-62.58,0.2626123475757512
11,-61.58,-62.75,0.3207378807392987
11,-61.42,-62.75,0.24200131540948697
11,-61.25,-62.75,0.2066704739223827
11,-61.08,-62.75,0.20234895700758151
11,-60.92,-62.75,0.19867858934131535
11,-60.58,-62.75,0.2078236456621777
11,-60.42,-62.75,0.21299206499348988
11,-60.25,-62.75,0.21699967540123247
11,-60.08,-62.75,0.2459651909091256
11,-60.08,-62.58,0.25483438643542206
11,-59.92,-62.58,0.26019232313741336
11,-59.75,-62.58,0.28485487977212126
11,-59.58,-62.58,0.2625320753590627
11,-59.42,-62.58,0.2572939050468532
11,-59.25,-62.58,0.2475668093697591
11,-59.08,-62.58,0.2263909371739084
11,-58.92,-62.58,0.21032973277297887
11,-58.75,-62.58,0.2186035571450537
11,-58.58,-62.58,0.2224892730062658
11,-58.42,-62.75,0.23513723740523512
11,-58.42,-62.58,0.23424215716394511
11,-58.25,-62.75,0.26383121379397134
11,-58.08,-62.75,0.2588617612015117
11,-57.92,-62.75,0.25678097422827373
11,-57.75,-62.92,0.2637054764411666
11,-57.75,-62.75,0.25493906099687924
11,-57.58,-62.92,0.2660893482918089
11,-57.58,-62.75,0.25860946252942085
11,-57.58,-62.58,0.2594071975485845
11,-57.42,-62.58,0.2637640525671569
11,-57.42,-61.92,0.2776018177921122
11,-57.42,-61.75,0.2786213450811126
11,-57.42,-61.58,0.2823430116881024
11,-57.42,-61.42,0.2930245887149464
11,-57.42,-61.08,0.2884405563500794
11,-57.25,-62.08,0.28104316985065286
11,-57.25,-61.92,0.27853328599171207
11,-57.08,-60.58,0.2950081527233124
11,-56.92,-60.58,0.2929536259987138
11,-56.92,-60.42,0.3048312609845942
11,-56.92,-60.25,0.3118417669426311
11,-56.75,-60.25,0.3263751468197866
11,-56.75,-60.08,0.33348071202635765
11,-56.58,-60.08,0.3264930915426124
11,-56.42,-59.92,0.33017639070749283
11,-56.42,-59.75,0.3207009475339543
11,-56.25,-59.58,0.32607066157189285
11,-56.08,-59.58,0.34608071703802457
11,-56.08,-59.42,0.35197836431589996
11,-55.92,-59.42,0.3477087447589094
11,-55.75,-59.42,0.337822670286352
11,-55.58,-59.42,0.35680024461312726
11,-51.58,-0.08,0.17653761634772475
11,15.92,61.92,0.388053680008108
11,17.42,60.42,0.4318025477907874
11,18.75,57.92,0.7528707520528273
11,18.75,58.08,0.6524665382775393
11,18.92,58.58,0.6238297305323861
11,18.92,58.75,0.6171231473034079
11,18.92,58.92,0.6278518533164804
11,19.08,58.42,0.6460395726290616
11,19.25,58.08,1.039228169755502
11,19.42,57.92,3.1352263689041138
11,19.42,58.08,1.6294586766849866
11,24.42,-64.42,0.03467588101259687
11,25.92,-97.08,2.362414695999839
11,25.92,-96.92,1.541522828015414
11,25.92,-96.75,0.9475000256841832
11,25.92,-96.58,0.5573710690845143
11,25.92,-96.42,0.31972544437105005
11,26.08,-96.75,0.9968392767689443
11,26.08,-96.42,0.35704503750259226
11,26.25,-96.92,1.6522907994010232
11,26.42,-96.92,1.510085100477392
11,26.42,-96.42,0.3833536045117812
11,26.58,-97.08,1.98647556792606
11,26.58,-96.58,0.4965206655589017
11,26.75,-96.58,0.414085869084705
11,26.92,-97.08,1.6230747130784122
11,26.92,-96.58,0.3751308294859799
11,26.92,-96.42,0.29260755465789273
11,27.08,-97.42,5.531675880605524
11,27.08,-97.25,2.5816624489697544
11,27.08,-97.08,1.6294510689648716
11,27.08,-96.92,1.0254269580949436
11,27.08,-96.75,0.6274149892005053
11,27.08,-96.58,0.3819545202634551
11,27.08,-96.42,0.28522867370735516
11,27.25,-96.92,1.09666645526886
11,27.25,-96.25,0.27927370233969256
11,27.42,-96.92,1.4085075123743578
11,27.42,-96.08,0.2807771848006682
11,27.42,-95.92,0.2412269962104884
11,27.42,-94.42,0.1969138329679316
11,27.58,-96.58,0.7585417926311493
11,27.58,-96.25,0.35551967471838
11,27.58,-96.08,0.31158910217610275
11,27.58,-95.92,0.2867591137235815
11,27.58,-95.58,0.241360528902574
11,27.58,-95.42,0.2287309549071572
11,27.58,-95.25,0.22075803577899933
11,27.58,-95.08,0.21273159303448416
11,27.58,-94.92,0.2102606872265989
11,27.58,-94.75,0.2095268957994201
11,27.58,-94.58,0.21031935851682315
11,27.58,-94.42,0.20882005176760937
11,27.58,-94.08,0.20527043735439127
11,27.58,-93.92,0.20575440404090015
11,27.58,-93.58,0.1961938522078774
11,27.58,-93.42,0.19438235800374637
11,27.58,-93.25,0.19407820092006164
11,27.58,-93.08,0.1963229545138099
11,27.58,-92.08,0.18303350393067708
11,27.75,-96.42,0.7496689571575685
11,27.75,-95.25,0.25716159628196195
11,27.75,-94.42,0.2296430001204664
11,27.75,-93.08,0.20947739007798108
11,27.75,-92.75,0.20016217638145797
11,27.75,-92.58,0.19732500003142792
11,27.75,-92.42,0.19311274723573169
11,27.75,-92.08,0.19263118505477905
11,27.75,-91.92,0.19314027272842144
11,27.75,-91.58,0.196628175675869
11,27.75,-90.58,0.2822729010473598
11,27.92,-96.58,1.8759629997340117
11,27.92,-96.42,1.2612935114990582
11,27.92,-96.08,0.653248287060044
11,27.92,-95.92,0.5725869211283597
11,27.92,-95.58,0.4915338578549298
11,27.92,-95.42,0.4202966622330926
11,27.92,-94.25,0.2591132948344404
11,27.92,-93.08,0.22609457644549283
11,27.92,-92.08,0.20233799720352347
11,27.92,-91.42,0.2262631390582431
11,27.92,-91.25,0.2295253331010992
11,27.92,-91.08,0.23063151335174387
11,27.92,-90.75,0.2402651431885633
11,27.92,-90.58,0.28436989879066293
11,28.08,-95.42,0.6132270165465095
11,28.08,-95.08,0.42812521484765137
11,28.08,-94.92,0.4073709574612704
11,28.08,-94.58,0.39654841883616015
11,28.08,-94.42,0.4136720435185866
11,28.08,-94.08,0.3643589297478849
11,28.08,-93.08,0.27763866633176804
11,28.08,-92.08,0.2524095617912032
11,28.08,-91.08,0.28692687912420795
11,28.08,-90.92,0.3066138286482204
11,28.08,-90.58,0.3241837580095638
11,28.25,-95.58,1.0127725438638169
11,28.25,-95.42,0.8498720120299946
11,28.25,-94.75,0.5676500445062463
11,28.25,-94.25,0.5370366830717433
11,28.25,-94.08,0.5125132717869498
11,28.25,-93.75,0.437596705826846
11,28.25,-93.58,0.4218211390755393
11,28.25,-93.42,0.43006477979096497
11,28.25,-93.08,0.40697837417775934
11,28.25,-92.92,0.4147583571347323
11,28.25,-92.08,0.37459569695321
11,28.25,-91.58,0.3763739358295094
11,28.25,-91.25,0.4214133322238922
11,28.25,-90.58,0.5812962461601604
11,28.25,-64.42,0.04815924574028362
11,28.42,-95.58,1.7028858336535366
11,28.42,-94.75,0.7549632611599836
11,28.42,-94.08,0.6668710139664736
11,28.42,-93.08,0.5544621050357819
11,28.42,-92.58,0.5426345413381403
11,28.42,-92.42,0.5420608073472977
11,28.42,-92.25,0.5271243561397899
11,28.42,-92.08,0.5256822380152616
11,28.42,-91.75,0.6253054656765678
11,28.42,-90.58,1.018838113004511
11,28.58,-95.58,2.9397448192943227
11,28.58,-94.92,1.1870259073647589
11,28.58,-94.08,0.9014264101331884
11,28.58,-93.08,0.7627852450717579
11,28.58,-92.08,0.8538332716985182
11,28.58,-90.58,1.711304404518821
11,28.75,-94.92,1.8306738950989463
11,28.75,-94.08,1.2699796042659066
11,28.75,-93.08,1.115932204506614
11,28.75,-92.08,1.3574470037763768
11,28.75,-90.58,2.4259398850527676
11,28.92,-94.92,2.772678852081299
11,28.92,-94.08,1.749169693751769
11,28.92,-93.08,1.502841846509413
11,28.92,-92.08,2.1600654396143826
11,28.92,-90.58,3.357485045086254
11,29.08,-94.92,4.090231342749163
11,29.08,-94.08,2.3240542032501916
11,29.08,-93.08,1.7983099764043635
11,29.08,-92.08,3.2533068656921387
11,29.25,-94.08,2.91365909576416
11,29.25,-93.08,2.40913710269061
11,29.42,-94.08,3.924474044279618
11,29.42,-93.08,3.369100061329928
11,29.75,-64.92,0.056806397031654014
11,30.58,-147.42,0.07164528695019809
11,30.58,-143.08,0.0724757459353317
11,31.08,-81.08,3.2411030476743523
11,31.08,-80.92,1.7611536275256765
11,31.08,-79.75,0.21839227798310193
11,31.25,-81.08,3.9552006396380337
11,31.42,-80.92,2.628962717273019
11,31.58,-136.92,0.07429856011136012
11,33.42,-118.58,0.4823440889065916
11,33.42,-64.42,0.10813342102549292
11,34.58,-64.42,0.13173904744061557
11,46.92,-62.58,1.2819041108543223
11,47.58,-64.08,2.5621635913848877
12,-76.58,-178.08,2.0824085980653764
12,-76.58,169.08,1.6258278293044943
12,-76.58,171.92,4.612294860861518
12,-76.58,172.42,4.978239949453961
12,-76.58,175.92,4.551282141018998
12,-69.92,-85.58,0.3463729387149215
12,-69.92,-85.42,0.3303090911358595
12,-69.92,-85.25,0.3046791711822152
12,-69.75,-85.25,0.3246590033173561
12,-69.75,-85.08,0.293862677433274
12,-69.58,-85.25,0.3246944211423397
12,-69.58,-85.08,0.30767783895134926
12,-69.42,-85.25,0.2868841095612599
12,-69.42,-85.08,0.291174258177097
12,-69.25,-85.08,0.24664790630340577
12,-69.08,-85.25,0.24388483818620443
12,-69.08,-85.08,0.2321975779007463
12,-68.42,-85.08,0.38985985752783325
12,-68.42,-84.92,0.41206936773500946
12,-68.25,-85.08,0.4125248245894909
12,-68.08,-85.08,0.4259092268489656
12,-67.92,-85.08,0.5780288191004233
12,-67.75,-85.08,0.6707136451520703
12,-67.58,-85.08,0.44714598831805313
12,-64.92,-169.42,0.32377914982763206
12,-64.42,-169.42,0.3084920285777612
12,-63.25,-170.08,0.35863816196268256
12,-63.25,-169.92,0.35199121318080206
12,-62.58,-169.92,0.3789043629711325
12,-61.92,-168.92,0.3754379844123667
12,-61.08,-169.42,0.30305497449907387
12,-60.42,-170.25,0.4071478234096007
12,-56.92,-170.42,0.2543895837258209
12,-55.92,-171.92,0.24813029847361823
12,-54.42,-173.42,0.25477992404590954
12,-53.08,-174.92,0.24992151152003897
12,-53.08,-174.75,0.2454433786598119
12,-49.42,2.08,0.3755267675627362
12,-47.08,4.42,0.40619721670042386
12,-33.92,17.08,0.3638644421642477
12,-32.92,16.42,0.3622228868983008
12,-32.58,17.58,3.1335627924312246
12,-31.08,15.25,0.29896732250397856
12,-30.08,16.92,4.421089643781835
12,-29.58,16.42,2.895358833399686
12,-29.58,16.58,3.866801532832059
12,-20.08,79.92,0.027773257514292545
12,-19.08,79.92,0.031050187450918285
12,-17.08,79.92,0.03919724527407776
12,-15.08,79.92,0.04641989161345092
12,-13.25,79.92,0.050870457833463494
12,-12.08,79.92,0.05493591285564683
12,-10.08,79.92,0.056270001964135605
12,-7.08,79.92,0.07327203520319679
12,-5.08,79.92,0.09004141796718944
12,-4.08,79.92,0.094674991782416
12,-1.42,79.92,0.11199950900944795
12,-0.42,79.92,0.11815465411001984
12,0.42,79.92,0.14128871736201373
12,1.92,79.92,0.16379536349665036
12,3.58,79.92,0.1904332468455488
12,5.08,79.92,0.24915401027961212
12,5.58,79.92,0.3369633988900618
12,5.75,79.92,0.3673354488882152
12,7.92,66.75,0.1474099440330809
12,7.92,66.92,0.14542083239013498
12,10.08,65.42,0.1831758130680431
12,11.92,64.42,0.3093330087986859
12,11.92,66.92,0.22390829636292023
12,12.42,154.92,0.02872943725775589
12,13.92,63.08,0.4188927263021469
12,14.08,66.92,0.329076465557922
12,15.92,61.92,0.4444254284555262
12,16.42,61.58,0.4421920234506781
12,16.58,61.42,0.46011553704738617
12,17.08,61.42,0.4604242213747718
12,19.92,149.92,0.041818406602198425
12,19.92,154.92,0.03784466856582598
12,21.42,118.42,0.22087454423308372
12,22.92,159.92,0.04264066622338512
12,22.92,179.92,0.05207189951430668
12,27.42,-155.08,0.08990418809381398
12,28.42,154.92,0.08774919130585411
12,29.42,-141.08,0.08627301217480139
12,30.08,-134.58,0.0898163342340426
12,31.58,-123.58,0.1949332095682621
12,33.42,-118.58,0.6373739411885088
12,47.58,-64.08,4.103445922786539
12,47.58,-60.08,0.7058165127580817
