month,lat01,lon01,mean_NPP
1,-78.08,-176.42,700.40045166015625
1,-76.58,-178.25,756.6670776367188
1,-76.58,-178.08,755.7654708862304
1,-76.58,168.92,884.1223785400391
1,-76.58,175.92,846.2469991048177
1,-76.58,176.08,848.7042454310825
1,-76.58,176.92,884.4837341308594
1,-74.08,176.92,605.0443923950195
1,-69.42,-76.42,818.194901899858
1,-68.92,-77.25,614.7530040740967
1,-68.42,-78.42,516.341748046875
1,-68.42,-75.25,709.1360347972196
1,-67.92,-76.42,499.37182181222096
1,-67.92,-73.42,770.1441023084852
1,-67.92,-70.08,880.0924072265625
1,-67.58,-71.08,887.357642279731
1,-67.42,-74.58,523.7313613891602
1,-67.25,-71.58,797.90068359375
1,-67.08,-69.08,866
1,-66.75,-72.92,490.09361339750745
1,-66.58,-69.58,790.406482514881
1,-66.08,-68.42,772.4233059353298
1,-65.92,-71.58,495.8392929803757
1,-65.58,-66.42,894.1798197428385
1,-65.42,-69.92,502.2308523995536
1,-65.42,-66.92,841.5999116443452
1,-65.42,52.92,600.074333190918
1,-65.42,53.08,600.206714630127
1,-65.08,-67.08,682.4914187476749
1,-65.08,-64.75,899.7085774739584
1,-65.08,-64.58,717.2254333496094
1,-64.92,52.92,431.64456337376646
1,-64.75,-68.42,527.4691728864398
1,-64.08,-64.08,684.5725359235491
1,-63.58,53.58,346.9877464657738
1,-62.25,53.92,366.7546037946428
1,-60.25,54.58,388.6535324823288
1,-58.42,55.08,420.114256359282
1,-56.42,55.58,366.2664823986235
1,-54.08,56.42,395.80932181222096
1,-50.92,57.42,444.6866760253906
1,-48.75,57.75,437.6654285249256
1,-48.08,57.58,451.9162321544829
1,-45.08,57.58,617.4883088611421
1,-43.08,8.42,617.5319417317709
1,-42.25,57.58,748.5547645205543
1,-40.42,57.58,675.7091514950707
1,-38.42,57.58,517.7357017880395
1,-36.42,57.42,394.29520234607514
1,-35.08,57.25,357.88251313709077
1,-32.25,57.08,367.7884238106864
1,-30.42,55.08,418.6824210030692
1,-23.08,-120.08,265.6935708182199
1,-23.08,-100.08,284.03437369210377
1,27.92,-155.08,335.8925301688058
1,33.42,-118.58,579.1777221679688
1,45.25,-1.58,283.2837655203683
1,45.42,-2.08,251.65137518019904
1,45.42,-1.92,274.9223334902809
1,45.42,-1.75,277.6760762532552
1,45.42,-1.58,281.5677955264137
1,45.42,-1.42,299.0706213088263
1,45.58,-2.58,247.22363935198103
1,45.58,-1.92,280.1752362932478
1,45.58,-1.58,302.2601282028925
1,45.75,-2.25,263.6154981340681
1,45.75,-1.75,284.4842761811756
1,45.92,-2.42,252.45214771089096
1,45.92,-2.08,279.43184480212983
1,45.92,-1.92,280.6545250302269
1,46.08,-2.92,240.70276351202105
1,46.08,-2.58,243.15977042061945
1,46.08,-1.92,289.44168890090214
1,46.25,-2.42,267.4161129906064
1,46.25,-2.08,276.66911170596165
2,-78.08,-176.08,563.5761953500601
2,-76.58,-178.42,583.4126815795898
2,-76.58,-178.08,570.6968780517578
2,-66.25,-168.92,384.22183518182663
2,-64.92,-169.42,429.54681396484375
2,-63.25,-170.08,374.3914453415643
2,-60.42,-170.25,293.0114179338728
2,-58.58,-170.08,310.7404211135138
2,-57.08,-170.42,340.55349876767116
2,-53.08,-174.92,548.1604091099331
2,-2.08,-140.25,664.9401622953869
2,-1.25,-140.58,694.968267531622
2,-1.08,-140.42,709.7931634812128
2,-1.08,-140.08,713.73193359375
2,-0.08,-140.58,741.4862205868676
2,-0.08,-140.42,743.7583153134301
2,-0.08,-140.25,745.2620384579614
2,0.92,-140.42,705.9956432524182
2,1.08,-140.42,692.1710699172247
2,1.08,-140.08,688.4392380487351
2,1.25,-140.42,680.129162016369
2,1.75,-140.08,670.5034906296503
2,1.92,-140.08,661.2479015531994
2,2.92,-140.08,669.7211158389136
2,4.92,-140.08,644.4317394438244
2,6.92,-140.08,603.9901355561756
2,9.08,-140.25,569.4267389206659
2,11.92,-140.08,542.5391366141183
2,27.92,-155.08,359.8631969633557
2,27.92,154.92,416.7147245861235
2,33.42,-118.58,576.447900390625
2,44.92,-2.08,347.24922834123885
2,44.92,-1.92,359.4747532435826
2,44.92,-1.58,375.9427650088356
2,45.08,-2.42,331.0767037527902
2,45.08,-2.08,347.58768499465214
2,45.08,-1.58,377.175772530692
2,45.25,-1.92,341.7775682721819
2,45.25,-1.58,363.506604875837
2,45.42,-2.08,345.2730989002046
2,45.42,-1.92,356.18494088309154
2,45.42,-1.75,349.2504156203497
2,45.42,-1.58,362.4347984677269
2,45.42,-1.42,366.3964545840309
2,45.58,-2.25,338.1283910842169
2,45.58,-2.08,363.16617693219865
2,45.58,-1.58,365.7539222353981
2,45.75,-1.75,382.5931803385417
2,48.42,-126.92,348.9748789469401
2,48.92,-130.92,301.884031023298
2,49.08,-138.92,294.0622347877139
2,49.42,-138.92,288.8866017659505
2,49.58,-142.58,295.1643262590681
2,49.92,-145.08,287.8843064081101
2,49.92,-134.92,302.13556198846726
3,-71.42,-166.08,339.26317923409596
3,-70.58,-166.08,317.7124735514323
3,-69.42,-168.58,293.1232401529948
3,-67.58,-170.08,264.03057352701825
3,-66.25,-169.92,277.2254362560454
3,-64.92,-169.42,280.12354896182103
3,-63.25,-170.08,246.52812049502415
3,-61.92,-170.25,241.29983811151413
3,-57.58,-0.08,372.9688393729074
3,-55.58,-0.08,377.7871522449312
3,-54.42,-173.42,366.00111607142856
3,-51.92,-0.08,303.0313451857794
3,-50.42,1.08,320.5025344122024
3,-49.08,2.58,338.42313203357514
3,-47.58,4.25,338.7166530064174
3,-46.08,5.75,352.5489937918527
3,-45.08,6.42,368.8944571358817
3,-44.92,6.58,378.2837204706101
3,-42.58,8.75,535.7163885207403
3,-41.25,9.75,625.3863060360864
3,-36.58,12.92,560.8235720679874
3,-34.58,14.25,510.5092889694941
3,-26.58,94.92,300.93270074753536
3,-24.92,94.92,308.4143989199684
3,-22.58,94.92,337.06190999348956
3,-20.92,94.92,372.132082984561
3,-17.58,94.92,407.6749965122768
3,-12.42,-134.92,597.5809907459077
3,-12.25,-135.08,603.4648568289621
3,-12.25,-134.92,601.5755310058594
3,-12.25,-134.58,603.0030895414807
3,-12.08,-135.08,607.12892804827
3,-9.08,-137.42,645.9731910342261
3,-7.08,-80.92,1562.7355085100446
3,-5.25,-140.25,653.0672985258557
3,-5.25,-140.08,657.9814307803199
3,-5.08,-140.08,657.998517717634
3,-3.42,-80.92,1108.004130045573
3,-3.08,-140.08,655.1535964239212
3,-3.08,-80.92,1075.06689453125
3,-2.92,-80.92,1066.4359537760415
3,-2.58,-81.25,991.9728190104166
3,-2.42,-81.42,983.4119059244792
3,-2.08,-140.92,673.1632254464286
3,-2.08,-140.58,679.5873529343378
3,-0.58,-80.92,1029.6490129743304
3,-0.42,-80.75,1014.4449753534226
3,-0.08,-80.75,983.7826014927456
3,0.08,-80.75,938.9159574962798
3,0.58,-80.42,933.7733357747396
3,1.42,-79.58,1031.6672886439733
3,1.58,-79.42,1004.0279453822544
3,1.92,-79.25,923.6519281296504
3,2.42,-79.08,897.5238879975818
3,2.92,-78.75,904.80157470703125
3,3.08,-78.42,920.3736717587426
3,3.25,-78.42,881.3797258649554
3,3.58,-78.08,836.2908993675595
3,4.08,-77.92,817.34881591796875
3,4.25,-77.92,832.0558035714286
3,4.58,-78.08,814.0847458612351
3,5.58,-78.08,793.2151402064732
3,5.92,-78.42,835.5239984421503
3,6.92,-78.75,827.9084937686011
3,7.25,-78.92,922.7245105561756
3,7.58,-79.08,1030.8770519438244
3,7.92,-79.08,1174.2658982049852
3,9.92,64.75,525.315685453869
3,14.42,64.75,523.8064633324033
3,14.58,64.08,555.1744501023065
3,15.08,63.42,558.2687697637649
3,15.25,68.58,505.6923043387277
3,15.92,61.92,611.851300920759
3,18.08,67.42,506.9311058407738
3,19.08,66.92,518.4272911435082
3,19.08,67.08,515.4368460518973
3,28.42,-91.08,623.6650971912202
3,28.42,-90.92,622.895270937965
3,28.42,-90.75,627.3663896833148
3,28.42,-90.58,655.8895147414435
3,28.58,-92.42,445.2418038504464
3,28.58,-92.25,464.51414998372394
3,28.58,-92.08,497.254385811942
3,28.58,-91.92,542.1998014904204
3,28.58,-91.58,669.5657668340774
3,28.58,-91.42,755.201670328776
3,28.58,-91.08,847.9373721168155
3,28.58,-90.92,857.3532482328869
3,28.58,-90.75,870.3097563244048
3,28.58,-90.58,872.8338652111236
3,28.75,-92.58,497.2888634091332
3,28.75,-92.42,535.8345017206101
3,28.75,-92.25,567.7027108328683
3,28.75,-92.08,627.5543997628348
3,28.75,-91.92,689.120593843006
3,28.75,-90.58,1000.2095278785342
3,28.75,-90.42,1003.4611089797248
3,28.92,-93.08,503.9151480538504
3,28.92,-92.58,650.2838221958706
3,28.92,-92.42,687.6134454636347
3,28.92,-92.25,750.2985563732329
3,28.92,-92.08,787.8306623186384
3,28.92,-91.92,854.1639200846354
3,28.92,-91.58,942.8275495256696
3,28.92,-90.75,1112.3832629975818
3,28.92,-90.58,1091.2564290364585
3,28.92,-90.08,1029.877240862165
3,28.92,-89.92,1004.8536696661088
3,28.92,-89.75,1000.8741222563244
3,28.92,-89.58,967.5177932012648
3,29.08,-93.08,605.2125171479724
3,29.08,-92.92,660.9375203450521
3,29.08,-92.75,731.4926191057477
3,29.08,-92.58,798.0890662783668
3,29.08,-92.42,879.6232619512649
3,29.08,-89.92,994.736583891369
3,33.42,-118.58,534.2021911621093
3,45.08,-1.58,536.1842288062686
3,45.25,-1.58,515.9409644717261
3,45.42,-1.92,527.4171622140067
3,45.42,-1.75,523.2725176130023
3,45.42,-1.58,503.7819591703869
3,45.58,-2.08,550.0538853236607
3,45.58,-1.92,563.1860860188802
3,45.75,-2.42,529.6676824660528
3,45.75,-2.08,564.4956795828683
3,45.75,-1.75,540.3958115350632
3,45.92,-2.42,533.6749093191964
3,45.92,-1.92,532.1383449009487
3,45.92,-1.58,511.4242887951079
3,46.08,-2.42,505.4823230561756
3,46.08,-2.25,529.1407209123884
3,46.08,-1.92,535.2706502278646
3,46.25,-1.92,512.3675711495536
3,46.42,-2.42,542.3836524600074
3,48.42,-126.92,450.63467552548366
3,48.92,-130.92,377.18243916829425
3,49.08,-138.92,370.22203427269346
3,49.42,-138.92,368.8417678106399
3,49.58,-0.42,406.4061388288225
3,49.92,-145.08,358.59877232142856
3,49.92,-134.92,366.7784511021205
3,57.92,-147.92,338.571286156064
3,58.08,-148.08,328.82222420828685
3,58.25,-148.25,332.08623468308224
3,58.42,-148.42,316.8304443359375
3,58.58,-148.58,294.4826136997768
3,58.92,-148.92,279.7843126569475
3,58.92,-148.75,280.45281909760973
3,58.92,-148.08,289.53717258998324
3,59.08,-149.08,260.97472708565846
3,59.08,-148.92,269.7832605271112
3,59.08,-148.08,266.16422308058964
3,59.25,-149.25,251.86627705891928
3,59.25,-148.08,252.73698933919272
3,59.42,-149.42,262.3675617036365
3,59.42,-149.25,256.55396743047805
3,59.42,-148.92,264.0103868756975
3,59.42,-148.08,242.63509405226935
3,59.58,-149.42,299.0757511683873
3,59.58,-148.92,307.8195571899414
3,59.58,-148.08,243.2220993041992
4,-47.08,-50.42,513.7405584426153
4,-41.58,9.58,468.3945079985119
4,-40.08,10.58,537.7411310105097
4,-31.42,43.92,413.2060546875
4,-15.42,94.92,412.52449108305433
4,-13.75,94.92,422.48868960425966
4,-11.58,94.92,482.4689185732887
4,-10.42,94.92,518.2883024669829
4,-8.42,94.92,500.4759550548735
4,-6.75,94.92,496.8771667480469
4,-4.58,94.75,485.6880580357143
4,-3.25,94.25,492.5526224772136
4,-2.42,93.92,493.6209208170573
4,0.42,92.92,519.4959818522135
4,1.25,92.08,516.6893179757254
4,2.92,91.58,502.05915905180433
4,4.92,90.42,519.1773492722284
4,6.42,89.08,522.9151160830543
4,7.92,88.08,522.2332473028274
4,9.42,86.92,498.38546171642486
4,10.58,87.08,487.561773390997
4,12.58,88.42,441.5018252418155
4,14.42,-109.42,565.9144185384115
4,14.42,89.42,404.729989188058
4,15.42,-110.08,559.740224202474
4,16.42,-107.25,548.7891714913504
4,16.58,60.42,514.1899937220982
4,16.92,89.58,379.3655322846912
4,17.08,59.58,507.87752859933033
4,17.42,-106.08,561.2410917736236
4,17.58,58.92,465.5281757173084
4,17.75,-103.92,641.0354439871652
4,17.92,-110.08,534.7822657993862
4,17.92,57.92,483.1704958961123
4,18.25,57.08,832.3118010021392
4,18.42,-110.08,528.0635332380023
4,18.42,-104.58,766.214339483352
4,18.58,-104.25,866.6448916480655
4,19.58,-105.92,925.3290448869976
4,19.92,-106.25,860.8217104957217
4,19.92,-106.08,969.6906607491628
4,20.58,-106.25,878.2551618303571
4,20.92,-110.08,509.68458339146207
4,22.58,-110.92,497.2665477934338
4,27.42,-93.08,397.6925731840588
4,27.42,-92.08,405.1282043457031
4,27.58,-94.42,373.20106433686755
4,27.58,-94.08,385.55093819754467
4,27.58,-93.92,386.4921380905878
4,27.58,-93.58,395.59382702055433
4,27.58,-93.42,397.2083871023996
4,27.58,-93.25,405.228271484375
4,27.58,-93.08,402.8767700195313
4,27.58,-92.08,404.6060616629464
4,27.58,-90.58,407.8015659877232
4,27.75,-93.08,402.1823076520647
4,27.75,-92.75,410.9676644461496
4,27.75,-92.58,407.8270525251116
4,27.75,-92.42,408.251722063337
4,27.75,-92.08,416.50085885184154
4,27.75,-91.92,424.72445097423736
4,27.75,-90.58,407.52584548223587
4,27.92,-94.25,389.3323967343285
4,27.92,-93.08,402.4237089611235
4,27.92,-92.08,415.86568632579986
4,27.92,-91.42,416.44177682059154
4,27.92,-91.25,415.38821847098217
4,27.92,-91.08,416.17405192057294
4,27.92,-90.75,406.8739769345238
4,27.92,-90.58,403.56336611793154
4,28.08,-93.08,408.60189528692337
4,28.08,-92.08,421.269778297061
4,28.08,-90.58,406.386460803804
4,28.25,-94.75,398.39091055733815
4,28.25,-93.08,397.86434064592635
4,28.25,-92.08,432.54631987072173
4,28.25,-90.58,488.21285865420384
4,28.42,-93.08,378.0311519077846
4,28.42,-92.08,433.215823945545
4,28.42,-91.25,606.1314174107143
4,28.42,-91.08,651.1798633393787
4,28.42,-90.92,666.2904241652716
4,28.42,-90.75,676.1964111328125
4,28.42,-90.58,704.4601135253906
4,28.42,-89.92,709.464133126395
4,28.58,-94.08,378.22674487885973
4,28.58,-93.08,383.97686985560824
4,28.58,-92.42,429.6599891299294
4,28.58,-92.25,456.8108128138951
4,28.58,-92.08,476.4434102376302
4,28.58,-91.92,499.142589750744
4,28.58,-91.75,562.54247320266
4,28.58,-91.58,654.2062639508929
4,28.58,-91.42,776.4647463843936
4,28.58,-91.25,862.1405450730097
4,28.58,-91.08,916.8373107910156
4,28.58,-90.92,949.47528076171875
4,28.58,-90.75,976.139651343936
4,28.58,-90.58,944.3692510695683
4,28.58,-90.42,876.9820265997024
4,28.58,-90.08,891.2940935407366
4,28.58,-89.75,961.1157618931362
4,28.58,-89.58,925.6501610165552
4,28.75,-94.08,394.34827314104353
4,28.75,-93.08,427.8937436058408
4,28.75,-92.58,448.3992919921875
4,28.75,-92.42,478.057855515253
4,28.75,-92.25,525.4373241606213
4,28.75,-92.08,586.7629031226749
4,28.75,-91.92,655.9636535644531
4,28.75,-91.58,863.0757024855841
4,28.75,-90.58,1085.660638718378
4,28.75,-90.42,1013.367167154948
4,28.75,-90.08,1006.7718854631696
4,28.75,-89.92,1066.0670136951264
4,28.75,-89.75,1135.1951468331474
4,28.92,-94.08,490.89473833356584
4,28.92,-93.25,478.0825762067522
4,28.92,-93.08,483.91781180245533
4,28.92,-92.58,569.5470755440848
4,28.92,-92.42,638.5983552478608
4,28.92,-92.25,709.8753356933594
4,28.92,-92.08,763.307607014974
4,28.92,-91.92,862.7885422479538
4,28.92,-91.75,935.279045468285
4,28.92,-91.58,1008.5900065104166
4,28.92,-90.75,1151.002165294829
4,28.92,-90.58,1130.1087443033855
4,28.92,-89.92,1066.3288748604912
4,28.92,-89.75,1030.732680547805
4,28.92,-89.58,961.3869657970612
4,29.08,-94.08,618.9093424479166
4,29.08,-93.08,599.3610505603608
4,29.08,-92.92,634.7837001255581
4,29.08,-92.75,693.2549627394903
4,29.08,-92.58,748.3107619512649
4,29.08,-92.42,848.3109261648996
4,29.08,-92.08,978.8123314267114
4,29.25,-94.08,778.4672124953497
4,29.25,-93.08,794.7749415806362
4,29.42,-94.08,858.1688610258557
4,29.42,-93.08,948.9683271135602
4,31.08,-79.75,498.0990513392857
4,33.42,-118.58,629.74638671875
4,36.25,-72.08,504.55191621326264
4,43.58,-2.08,645.7619280133929
4,43.58,-1.92,631.6425650460379
4,43.92,-2.42,699.3871343703497
4,43.92,-1.92,602.0130702427456
4,44.42,-2.42,691.9671064104352
4,44.42,-1.92,608.124266124907
4,44.75,-2.42,709.9298197428385
4,44.75,-1.92,596.9273303803943
4,44.92,-3.08,747.7806948707217
4,44.92,-2.08,645.3016648065476
4,44.92,-1.92,588.256359281994
4,44.92,-1.58,586.7991507393973
4,45.08,-3.58,743.9217064267114
4,45.08,-2.58,740.3402579171317
4,45.08,-2.42,723.1857822963169
4,45.08,-2.25,676.8618454706101
4,45.08,-2.08,607.8084847586496
4,45.08,-1.92,576.3516017368862
4,45.08,-1.58,618.2349039713541
4,45.25,-2.08,604.2350623721168
4,45.25,-1.92,590.5843723842075
4,45.25,-1.58,639.6793358212426
4,45.42,-2.92,764.123058500744
4,45.42,-2.08,586.8511265345982
4,45.42,-1.92,622.0918855212983
4,45.42,-1.75,669.1265796479724
4,45.42,-1.42,692.5219072614398
4,45.58,-3.92,819.7446754092261
4,45.58,-2.25,630.3143063499814
4,45.58,-2.08,645.3582531156994
4,45.58,-1.75,727.5900239490327
4,45.58,-1.58,727.00974382673
4,45.75,-3.25,783.5817115420386
4,45.92,-1.75,752.8374779110864
4,46.08,-2.58,713.0947454543341
4,46.92,-62.58,773.0987868536087
4,47.58,-64.08,763.3216015043713
4,49.42,-0.42,624.3428751627604
4,49.58,-66.08,830.5528985886347
4,49.58,-62.08,810.4299591064453
4,58.25,-148.25,618.78863525390625
4,58.42,-148.42,593.9829653785342
4,58.58,-148.58,589.2147173200335
4,58.92,-148.92,551.0684741792224
4,58.92,-148.75,544.3755391438802
4,59.08,-149.08,559.5217648460751
4,59.25,-149.08,616.6105651855469
4,59.42,-149.42,614.4574381510416
4,59.42,-149.25,610.4612397693452
4,59.42,-149.08,600.6345418294271
4,59.58,-149.42,655.69293212890625
4,59.58,-149.08,610.7929367792038
5,-45.42,38.58,295.0954023088728
5,-44.58,-40.58,372.479498000372
5,-43.42,-45.42,427.9341953822545
5,-43.08,40.75,373.9202125186012
5,-41.08,-41.75,442.40615990048366
5,-39.92,43.92,401.58225504557294
5,-39.08,-38.75,431.85973975771947
5,-38.75,11.58,410.3108869280134
5,-37.92,-37.75,399.1007719494048
5,-36.92,43.92,371.97152128673736
5,-36.08,-34.92,317.68561008998324
5,-34.92,-33.75,311.19063895089283
5,-33.08,-31.08,324.59386189778644
5,-31.42,43.92,385.0256027948288
5,-30.92,-28.42,328.00018891834077
5,-29.58,-27.08,319.7028561546689
5,-28.25,-25.25,314.3475799560547
5,-26.25,-25.08,320.3496471586682
5,-24.42,-25.08,310.12293207077755
5,-21.75,-25.08,305.0593552362351
5,-21.08,-25.08,303.2533198765346
5,-16.75,-25.08,296.55779448009673
5,-14.08,-25.08,320.2122119721912
5,-12.42,-25.08,369.456537155878
5,-10.75,-25.08,412.9099702380952
5,-4.58,-25.08,589.0640883672805
5,-2.42,-25.08,584.9677182152158
5,-0.25,-25.08,537.6696079799107
5,7.08,-27.92,553.8349231538318
5,11.25,-29.58,521.9392889113653
5,14.58,-30.92,507.9805959065755
5,18.58,-32.42,513.7238638741629
5,22.08,-33.92,421.4481564476376
5,24.92,133.92,399.5896388462611
5,25.92,-97.08,735.8805018833706
5,25.92,-96.92,683.5548008510044
5,25.92,-96.75,649.5749700637091
5,25.92,-96.58,579.5372089204334
5,25.92,-96.42,504.80038088843935
5,25.92,-96.25,454.29581051781065
5,25.92,-96.08,427.791747320266
5,26.08,-96.42,516.6914869035993
5,26.42,-96.42,505.8472864060175
5,26.58,-96.58,550.20794677734375
5,26.75,-96.58,543.0807008289155
5,26.92,-96.58,521.8578215099517
5,26.92,-96.42,467.505609421503
5,26.92,-96.25,452.4165547688802
5,26.92,-96.08,443.440441313244
5,27.08,-97.25,792.6105550130209
5,27.08,-97.08,683.1975286574591
5,27.08,-96.92,684.2494564964658
5,27.08,-96.75,622.7638884044829
5,27.08,-96.58,548.7345036097935
5,27.08,-96.42,492.36124747140065
5,27.25,-96.25,493.5380118233817
5,27.25,-95.75,441.0416855585007
5,27.42,-96.08,496.1533987862723
5,27.42,-95.92,451.40568106515065
5,27.42,-95.08,405.44435337611606
5,27.42,-94.42,392.92406499953495
5,27.58,-96.25,544.5185881115142
5,27.58,-96.08,516.8537205287388
5,27.58,-95.92,476.6453428722563
5,27.58,-95.58,447.6007646833147
5,27.58,-95.42,437.1542009626116
5,27.58,-95.25,426.9546494256882
5,27.58,-95.08,413.8496805826823
5,27.58,-94.92,419.3527294340588
5,27.58,-94.75,411.58107503255206
5,27.58,-94.58,407.2562662760417
5,27.58,-94.42,406.89186604817706
5,27.75,-96.42,700.1733136858259
5,27.75,-95.25,483.0563383556547
5,27.75,-94.42,430.63902500697543
5,27.92,-96.58,823.5945521763393
5,27.92,-96.42,802.5992489769345
5,27.92,-95.42,546.6764250255767
5,27.92,-94.25,457.7583574567522
5,28.08,-116.08,651.6383027576264
5,28.08,-95.42,606.466324579148
5,28.08,-94.58,489.834949311756
5,28.08,-94.08,465.8679707845052
5,28.25,-95.58,748.6636991954986
5,28.25,-95.42,693.7128354027158
5,28.25,-94.75,504.4040905180432
5,28.25,-94.08,470.9507242838542
5,28.42,-95.58,894.7434532528832
5,28.42,-94.75,561.8059488932291
5,28.42,-94.08,476.3295404343378
5,28.42,-91.25,637.9307628813244
5,28.42,-91.08,738.8386666434152
5,28.42,-90.92,768.9498102097284
5,28.42,-90.75,769.545411609468
5,28.42,-90.58,764.434080578032
5,28.58,-94.92,707.5677301316034
5,28.58,-92.42,479.79944574265255
5,28.58,-92.25,494.1279253278459
5,28.58,-92.08,533.5763607933408
5,28.58,-91.92,590.2818298339844
5,28.58,-91.75,643.6828322637649
5,28.58,-91.58,724.1728094191778
5,28.58,-91.42,821.2950599307105
5,28.58,-91.08,1041.313485281808
5,28.58,-90.92,1070.650899251302
5,28.58,-90.75,1067.4041864304315
5,28.58,-90.58,1006.263625372024
5,28.58,-90.42,989.8720383417038
5,28.75,-94.92,889.6137724376861
5,28.75,-92.42,603.9778718494233
5,28.75,-92.25,667.377939860026
5,28.75,-92.08,708.1878996349517
5,28.75,-91.92,772.185307094029
5,28.75,-91.42,1096.8402390252977
5,28.75,-90.58,1258.997823079427
5,28.75,-90.42,1234.9677559988838
5,28.75,-90.25,1215.4453793480284
5,28.92,-94.92,1080.9412202380952
5,28.92,-93.08,662.4887332007999
5,28.92,-92.58,738.271480015346
5,28.92,-92.42,787.46288335891
5,28.92,-92.25,849.581056140718
5,28.92,-92.08,907.623285202753
5,28.92,-91.92,1008.9055524553572
5,28.92,-91.58,1216.691900344122
5,28.92,-90.58,1474.4290248325892
5,28.92,-90.25,1376.8534168061756
5,28.92,-90.08,1328.013901483445
5,28.92,-89.92,1347.7773960658485
5,28.92,-89.75,1345.230460030692
5,28.92,-89.58,1251.524722144717
5,29.08,-94.92,1115.8455781482514
5,29.08,-94.58,1114.004348028274
5,29.08,-94.42,1024.4316813151042
5,29.08,-92.58,959.477306547619
5,29.08,-92.42,1083.0358508882068
5,29.08,-89.75,1345.7814447312128
5,29.08,-36.92,238.4011724562872
5,29.42,145.58,432.8360624767485
5,29.92,146.92,410.5039854503813
5,31.08,-80.42,567.0065423874628
5,31.08,-79.75,465.35658482142856
5,31.08,-32.75,274.64571780250185
5,31.08,-32.58,276.6016111828032
5,31.42,-120.42,514.230941045852
5,31.92,123.92,722.6288553873698
5,32.58,-117.58,627.7314147949219
5,33.42,-118.58,587.507080078125
5,33.92,147.58,510.73206728980654
5,33.92,151.92,512.7439982096354
5,35.58,-22.92,368.79213460286456
5,37.92,146.92,759.4042096819196
5,38.58,-20.08,538.730464390346
5,41.92,-18.92,816.5864693777902
5,43.58,-2.08,591.4031982421875
5,43.58,-1.92,651.1942603701636
5,43.92,-2.42,498.95650082542784
5,43.92,-1.92,578.3699355352493
5,44.42,-2.42,558.1349559965588
5,44.42,-1.92,570.04547119140625
5,44.42,37.58,338.39223225911456
5,44.75,-2.42,559.2848016648065
5,44.75,-1.92,634.1175420851935
5,44.92,-3.08,546.6676679338727
5,44.92,-2.08,654.2521565755209
5,44.92,-1.92,700.8566923595611
5,45.08,-3.42,605.7188822428385
5,45.08,-2.58,626.6990661621094
5,45.08,-2.25,686.4070376441592
5,45.08,-2.08,731.7688642229352
5,45.08,-1.92,804.1368742443267
5,45.08,-1.58,932.19918968564
5,45.25,-2.08,780.858160109747
5,45.25,-1.75,918.3131597609748
5,45.25,-1.58,966.8077973865328
5,45.42,-2.92,606.9805995396206
5,45.42,-2.08,859.4979901994977
5,45.42,-1.92,924.145010811942
5,45.42,-1.42,1002.9012422107514
5,45.58,-3.92,721.6552966889881
5,45.58,-2.25,819.415522984096
5,45.58,-2.08,917.1014404296876
5,45.58,-1.75,1035.5108497256324
5,45.58,-1.58,1062.229704357329
5,45.92,-4.25,771.2422601609003
5,45.92,-1.75,980.1018734886532
5,46.08,-18.08,913.0284772600446
5,46.08,-17.92,917.114025297619
5,46.08,-4.58,850.6598438081287
5,46.08,-3.58,687.9771510532925
5,46.08,-2.42,918.0339093889507
5,46.25,-18.08,938.1495739164808
5,46.25,-17.92,924.5905558268228
5,46.25,-17.42,917.4103597005208
5,46.25,-3.08,742.2835504441034
5,46.42,-18.08,939.9172944568452
5,46.42,-5.08,892.4532746814546
5,46.42,-3.92,705.0929391043527
5,46.58,-18.58,912.87872314453125
5,46.58,-5.08,946.6163766043528
5,46.58,-4.92,969.7571847098214
5,46.58,-3.42,787.2979155040923
5,46.75,-4.42,774.0100940522693
5,46.75,-3.58,796.9478454589844
5,46.92,-62.58,594.2771620977493
5,46.92,-5.75,998.9708193824404
5,46.92,-4.92,914.1153709774926
5,46.92,-4.25,736.9952232724145
5,46.92,-2.75,971.1497105189732
5,47.08,-6.08,1019.4536510649182
5,47.08,-5.42,1047.519789922805
5,47.08,-3.92,844.939704531715
5,47.08,-2.92,1024.1316528320312
5,47.25,-6.58,995.8695373535156
5,47.25,-4.42,801.0135091145834
5,47.42,-7.42,968.638695126488
5,47.42,-4.92,788.623772030785
5,47.42,-4.08,886.3860284714472
5,47.58,-5.75,880.3354346865699
5,47.92,-6.42,902.0681733630952
5,48.08,-7.08,938.7134370349702
5,48.42,-126.92,692.1614350818452
5,48.92,-130.92,610.524669828869
5,48.92,-16.58,795.5878426688058
5,49.08,-138.92,557.3932814825149
5,49.25,-59.92,558.9724440801712
5,49.42,-138.92,554.4300784156436
5,49.58,-0.42,969.6820736839658
5,49.58,-0.25,1045.9943121047247
5,49.92,-145.08,532.4221743629092
5,49.92,-134.92,557.1198105585007
5,55.08,3.08,583.66796875
5,55.25,2.58,609.3562767392114
5,55.42,2.75,624.0645650227865
5,55.42,3.08,614.3227873302642
5,55.92,2.42,691.8678370884487
5,56.58,2.25,738.047373453776
5,56.92,1.92,740.0136311848959
5,57.42,1.25,767.3334408714658
5,57.42,1.75,774.9172741117932
5,57.58,-147.58,837.3920404343378
5,57.92,-147.92,890.433349609375
5,57.92,1.25,740.6446809314546
5,58.08,-148.08,886.5643426804315
5,58.25,-148.25,903.9914231073288
5,58.25,0.58,801.10154070173
5,58.42,-148.42,938.9748389834448
5,58.42,0.92,803.3940618605841
5,58.42,1.25,784.4540158226376
5,58.58,-148.58,982.9918300083706
5,58.58,-148.42,960.4623529343378
5,58.75,0.58,838.6583658854166
5,58.92,-148.92,998.32568359375
5,58.92,-148.75,982.926740373884
5,59.08,-149.08,994.8042951311384
5,59.08,-148.92,997.8371000744048
5,59.08,-147.25,964.4649977911088
5,59.08,-0.08,886.9350818452381
5,59.08,0.25,895.718498593285
5,59.25,-149.08,954.5363071986608
5,59.25,-147.25,987.1170334588912
5,59.25,0.58,882.7509315127418
5,59.42,-149.42,926.76510765439
5,59.42,-149.25,933.9381742931548
5,59.42,-147.25,998.5001395089286
5,59.58,-149.42,908.7942475818452
5,59.58,-0.08,900.8838878813244
5,60.08,0.42,875.8626738048736
5,60.25,-0.08,855.7609311058408
5,60.58,0.25,874.3900146484375
5,60.75,0.92,861.1046171642486
5,60.92,0.25,880.4523111979166
5,60.92,0.58,889.0137212844122
5,64.92,-169.25,1053.466538202195
5,65.58,-168.92,1070.9340133666992
5,65.58,-168.75,1034.0345743815103
5,65.58,-168.58,973.944793701172
5,67.42,-169.08,938.401875813802
5,70.42,-167.58,858.6186930338541
5,70.42,-167.42,838.2895100911459
5,71.08,-162.25,792.7533416748047
5,71.42,-166.08,1148.774444580078
6,-36.42,13.08,371.3563726515997
6,8.42,-30.25,513.3049941289993
6,12.08,-32.42,507.0936787923177
6,14.25,-33.75,458.9623514811198
6,17.92,-35.92,426.4655194963728
6,19.92,159.92,443.3614298502605
6,23.92,136.92,406.1446983700706
6,24.08,140.08,405.6947268531436
6,27.75,-93.58,427.9328286307199
6,27.92,-155.08,452.3099147251674
6,27.92,-93.92,465.90643019903274
6,27.92,-93.42,446.6691298711868
6,28.08,-93.92,492.37526157924106
6,28.08,-93.08,450.1842549641927
6,28.25,-93.92,537.0093412853423
6,28.42,-94.08,600.5331798735119
6,28.42,-92.75,510.400143577939
6,28.42,-91.08,736.1812220982143
6,28.42,-90.92,793.9061976841518
6,28.42,-90.58,841.0483194986979
6,28.58,-94.42,777.5524422781808
6,28.58,-94.08,683.2299499511719
6,28.58,-93.92,669.504160563151
6,28.58,-92.58,613.3322405133929
6,28.58,-91.58,820.4816981724331
6,28.58,-91.42,932.8933773949032
6,28.58,-91.08,1113.8273460751489
6,28.58,-90.92,1106.9465709867932
6,28.58,-90.75,1117.810567220052
6,28.58,-90.58,1095.025875999814
6,28.58,-90.42,1073.1471266973583
6,28.58,-90.08,1036.9891037713917
6,28.58,-89.75,1140.0437796456474
6,28.58,-89.58,1143.8404860723583
6,28.75,-94.42,863.5946902320499
6,28.75,-94.25,846.2725001743862
6,28.75,-92.42,744.2933582124256
6,28.75,-92.08,833.0749889555432
6,28.75,-91.92,882.7219732375372
6,28.75,-90.58,1302.8166126069568
6,28.75,-90.42,1329.120108468192
6,28.75,-89.92,1367.245849609375
6,28.75,-89.75,1401.2125680106026
6,28.92,-94.58,1056.5524524507068
6,28.92,-93.75,948.1331699916294
6,28.92,-93.58,926.4119466145834
6,28.92,-92.75,863.683845156715
6,28.92,-92.08,1058.3741426013764
6,28.92,-91.75,1281.4250081380208
6,28.92,-91.58,1406.3509172712054
6,28.92,-90.58,1601.82470703125
6,28.92,-89.92,1388.470470610119
6,28.92,-89.75,1379.9911440894716
6,28.92,-89.58,1305.1197945731026
6,29.08,-94.58,1215.958743140811
6,29.08,-93.92,1116.9085751488096
6,29.08,-93.25,1096.702160063244
6,29.08,-89.75,1360.996340797061
6,30.92,-155.08,416.466302780878
6,33.42,-118.58,569.7138244628907
6,34.92,159.92,542.1007850283668
6,41.92,-10.42,524.4904458182199
6,41.92,-9.92,526.6838102794829
6,41.92,-9.58,547.6677769252232
6,41.92,-9.42,613.1897350492932
6,41.92,-9.25,689.4233863467261
6,41.92,-9.08,787.8996901739212
6,42.08,-9.42,631.5371645972842
6,42.08,-9.25,711.7554655529204
6,42.42,-9.42,705.7367829822358
6,42.58,-10.42,534.2748522077288
6,42.58,-9.92,546.9534374418713
6,42.58,-9.58,717.0382850283668
6,42.58,-9.42,844.5104893275669
6,42.75,-61.92,564.8352820986793
6,42.92,-10.42,539.908219110398
6,42.92,-9.92,599.8673429943267
6,42.92,-9.58,815.6526634579614
6,43.58,-62.92,518.6188616071429
6,44.42,-19.58,768.8160022553943
6,44.92,-2.58,552.3505830310639
6,44.92,-2.42,606.6553867885044
6,44.92,-2.08,730.5113714308966
6,44.92,-1.92,787.3203677222842
6,44.92,-1.58,867.9741123744419
6,45.08,-2.42,678.3686029343378
6,45.08,-2.08,796.565431140718
6,45.08,-1.58,964.7500784737724
6,45.25,-1.92,933.5319431849888
6,45.25,-1.58,1091.5836733863466
6,45.42,-2.08,906.8641735258556
6,45.42,-1.92,997.597635904948
6,45.42,-1.75,1079.231468563988
6,45.42,-1.58,1145.206548781622
6,45.42,-1.42,1210.319103422619
6,45.58,-2.25,841.417243594215
6,45.58,-2.08,917.2352992466518
6,45.58,-1.75,1105.337134951637
6,45.92,-4.25,559.2159961518787
6,46.08,-4.58,582.1281556628999
6,46.42,-3.92,629.734605335054
6,46.58,-3.42,723.2851170131138
6,46.75,-5.42,757.4188116164435
6,46.75,-3.58,735.2536432175409
6,46.92,-62.58,726.9371294294085
6,46.92,-14.08,824.52980695452
6,46.92,-2.75,1034.320088704427
6,47.08,-2.92,1057.5387486049108
6,47.42,159.92,784.1178167433966
6,47.58,-64.08,975.7572544642856
6,47.58,-60.08,553.7428269159226
6,49.58,-66.08,775.194558279855
6,49.58,-62.08,634.613545009068
6,70.92,-159.58,730.7502354213169
6,71.25,-158.25,815.7641296386719
6,71.25,-157.75,767.1821136474609
6,71.25,-154.42,844.9736328125
6,71.42,-156.25,708.2364501953125
6,71.42,-155.92,735.53515625
6,71.42,-154.75,867.67510986328125
6,71.42,-154.08,721.9209594726564
6,71.58,-156.42,641.1192626953125
6,71.58,-155.92,662.1822509765625
6,71.58,-154.92,784.2489624023436
6,71.58,-154.75,775.705078125
6,71.58,-154.58,769.8662109375
6,71.58,-154.42,763.1962280273436
6,71.75,-155.08,598.48004150390625
6,71.75,-154.92,620.867431640625
6,71.92,-154.75,628.710205078125
6,71.92,-154.58,636.349609375
6,72.08,-154.58,533.1607666015625
6,72.42,-154.58,298.6781005859375
7,-48.08,29.92,219.8776442787864
7,-44.58,21.58,265.73970517245203
7,-43.08,29.92,299.8034848299894
7,-42.75,170.75,340.5398961847479
7,-42.08,21.08,307.54103781960225
7,-41.58,171.42,421.8811631636186
7,-41.42,171.08,379.59585016424006
7,-41.42,171.25,396.9234452681108
7,-41.25,170.92,358.6823598688299
7,-41.08,170.58,362.20774841308594
7,-36.58,18.92,480.9136199951172
7,-18.75,162.92,495.27891817959875
7,19.92,115.08,549.5621351762252
7,20.92,119.92,541.9300578724254
7,22.58,-158.08,512.3471596457741
7,27.58,-94.08,413.1875138716264
7,27.58,-93.92,407.4044841419567
7,27.58,-93.58,415.9372184059837
7,27.58,-93.42,412.3331284956499
7,27.58,-93.25,411.6837421764027
7,27.58,-93.08,411.3279627019709
7,27.58,-92.08,416.2610300237482
7,27.75,-94.08,424.77736733176494
7,27.75,-93.08,419.7425218061967
7,27.75,-92.75,412.6651583584872
7,27.75,-92.58,415.2551241787997
7,27.75,-92.42,420.47500887784093
7,27.75,-92.08,425.384540904652
7,27.75,-91.92,435.50479403409093
7,27.75,-91.58,440.3130673495206
7,27.75,-90.58,450.912334095348
7,27.92,-96.08,525.8046569824219
7,27.92,-95.92,507.9780772816051
7,27.92,-95.58,507.2096876664595
7,27.92,-94.08,440.0675048828125
7,27.92,-93.08,436.8785469748757
7,27.92,-92.08,449.3299449573864
7,27.92,-91.42,477.4505115855824
7,27.92,-91.25,477.26805114746094
7,27.92,-91.08,481.93160733309657
7,27.92,-90.75,464.0749137184837
7,27.92,-90.58,470.5022541392933
7,28.08,-95.08,531.2789986350319
7,28.08,-94.92,517.0546833385121
7,28.08,-94.58,503.6958867853338
7,28.08,-94.42,499.8080347234553
7,28.08,-93.08,479.0045915083452
7,28.08,-92.08,495.04876708984375
7,28.08,-91.08,535.4486708207564
7,28.08,-90.92,543.5073602849787
7,28.08,-90.58,535.0367015491832
7,28.25,-94.75,556.4771894975142
7,28.25,-94.25,529.282637162642
7,28.25,-94.08,534.5670471191406
7,28.25,-93.75,523.3953108354049
7,28.25,-93.58,532.95766657049
7,28.25,-93.42,532.74643499201
7,28.25,-93.08,522.338808926669
7,28.25,-92.92,529.8656366521662
7,28.25,-92.08,558.0385645086116
7,28.25,-91.58,618.5402429754084
7,28.25,-91.25,619.5005285089666
7,28.25,-90.58,685.0236469615589
7,28.42,-93.08,597.1979231400924
7,28.42,-92.58,594.9071918834339
7,28.42,-92.42,603.9069324840199
7,28.42,-92.25,612.4505240700462
7,28.42,-92.08,618.874589399858
7,28.42,-91.75,700.0906843705611
7,28.42,-91.58,718.15899658203125
7,28.42,-91.25,788.2445553866299
7,28.42,-91.08,835.9412897283381
7,28.42,-90.92,852.5441353537819
7,28.42,-90.75,871.686601118608
7,28.42,-90.58,892.3821882768111
7,28.58,-93.08,676.2829534357244
7,28.58,-92.42,742.8422407670455
7,28.58,-92.25,733.0725264115767
7,28.58,-92.08,722.0828538374467
7,28.58,-91.92,747.5062658136541
7,28.58,-91.75,830.0097614635121
7,28.58,-91.58,903.2455513694068
7,28.58,-91.42,969.3243422074752
7,28.58,-91.08,1110.5086087313566
7,28.58,-90.92,1136.0700211958451
7,28.58,-90.75,1131.9147283380682
7,28.58,-90.58,1081.8322615189986
7,28.75,-93.58,719.4984172474254
7,28.75,-93.08,764.4808613170277
7,28.75,-92.92,760.3339496959339
7,28.75,-92.58,789.1463595303622
7,28.75,-92.42,792.4558840664951
7,28.75,-92.25,827.7484782825817
7,28.75,-92.08,858.2535192316228
7,28.75,-91.92,880.5566073330966
7,28.75,-91.58,1013.9563792835582
7,28.75,-90.58,1300.8256031383169
7,28.92,-93.92,754.0032085071911
7,28.92,-93.58,778.8808468905362
7,28.92,-93.42,806.6165979558772
7,28.92,-93.25,815.5241366299716
7,28.92,-93.08,819.2728132768111
7,28.92,-92.92,866.4106140136719
7,28.92,-92.75,857.8554937189275
7,28.92,-92.58,899.1112795743076
7,28.92,-92.42,901.3558002818714
7,28.92,-92.25,981.9054093794388
7,28.92,-92.08,1014.9267827814276
7,28.92,-91.92,1102.6806668368254
7,28.92,-91.75,1193.9975724653764
7,28.92,-91.58,1311.1239818226206
7,28.92,-90.58,1520.922723943537
7,28.92,-90.25,1373.6592545942826
7,28.92,-90.08,1309.7641768022015
7,29.08,-93.92,850.7490914084694
7,29.08,-93.58,882.4948744340377
7,29.08,-93.42,882.4299274791371
7,29.08,-93.25,899.2927509654652
7,29.08,-93.08,929.3948946866122
7,29.08,-92.92,951.0608645352452
7,29.08,-92.75,987.730356389826
7,29.08,-92.58,1040.2565210515802
7,29.08,-92.42,1123.1014182350852
7,29.08,-92.08,1298.8814197887075
7,29.25,-93.75,1049.2921447753906
7,29.25,-93.58,1062.5427357066762
7,29.25,-93.42,1074.9829129305754
7,29.25,-93.25,1103.7369384765625
7,29.25,-93.08,1098.0140797008169
7,29.25,-92.92,1119.0015841397371
7,29.25,-92.75,1145.6752319335938
7,29.42,-93.75,1228.7726967551491
7,29.42,-93.58,1231.4853071732955
7,29.42,-93.42,1240.2290066805754
7,29.42,-93.25,1261.0433349609375
7,29.42,-93.08,1284.9328973943536
7,29.42,-92.92,1280.7082602761009
7,29.58,-93.58,1327.5649857954545
7,29.58,-93.42,1369.311895197088
7,31.08,-80.92,850.2750160910866
7,31.08,-80.58,649.1617265181108
7,31.08,-79.75,459.05236400257456
7,31.25,-81.08,1211.4857399680398
7,31.25,-80.92,966.038341175426
7,31.42,-80.92,1118.3865079012785
7,31.42,-80.58,730.203222101385
7,33.42,-118.58,562.844677734375
7,38.58,-73.08,534.3876481489701
7,42.58,-10.42,497.6043770530007
7,42.58,-9.92,600.8418870405717
7,42.92,-10.42,475.99307389692825
7,42.92,-9.92,606.4548825350674
7,42.92,-9.58,883.2950716885654
7,43.75,-125.08,791.9127488569779
7,43.92,-125.42,653.966738614169
7,43.92,-124.58,1215.5387101606889
7,44.08,-126.08,542.3475709394975
7,44.08,-125.42,691.9910458651456
7,44.25,-125.08,989.3122225674716
7,44.42,-125.42,708.6200256347656
7,44.42,37.75,390.115063753995
7,44.58,-124.42,1312.7284046519887
7,44.92,-125.42,627.1903076171875
7,44.92,-2.08,607.729961048473
7,44.92,-1.92,630.2768873734908
7,45.08,-2.08,639.9799638227983
7,45.08,-1.58,744.9999070601029
7,45.25,-1.92,682.1566051136364
7,45.25,-1.58,809.1477508544922
7,45.42,-2.08,674.7755695689808
7,45.42,-1.92,714.2046231356534
7,45.42,-1.75,780.5572620738636
7,45.58,-2.25,669.4940698797053
7,45.58,-2.08,694.1801397150213
7,45.75,-1.75,807.2576127485795
7,46.58,-125.25,555.2749897349964
7,46.58,-124.58,1151.9391368519175
7,46.92,-62.58,820.3182761452415
7,47.58,-64.08,1033.2596352317116
7,47.58,-60.08,550.8256919167259
7,49.25,-59.92,528.0637692538174
7,49.58,-66.08,804.1173817027699
7,49.58,-0.25,1057.6021811745384
7,53.42,0.25,950.0347522553944
7,57.92,-147.92,751.7978043989701
7,58.08,-148.08,819.7842268510299
7,58.25,-148.25,861.0569263805043
7,58.42,-148.42,900.3913158069957
7,58.58,-148.58,935.5665089000356
7,58.92,-148.92,909.0174172141336
7,58.92,-148.75,935.1602838689632
7,59.08,-149.08,908.7857749245384
7,59.08,-148.92,922.5865783691406
7,59.08,-147.25,848.7623318758878
7,59.25,-149.08,879.2655556418679
7,59.25,-148.08,976.6799094460227
7,59.25,-147.25,917.9173805930398
7,59.42,-149.42,874.2235024192116
7,59.42,-149.25,868.2084489302201
7,59.42,-149.08,869.1998096812855
7,59.42,-148.42,957.9882257634944
7,59.42,-148.08,953.8097700639204
7,59.42,-147.25,949.8542230779476
7,59.58,-149.08,869.9543706720525
7,59.58,-148.42,922.8746004971592
7,59.58,-148.25,914.555234042081
7,59.58,-148.08,902.8358931107956
7,59.58,-147.25,868.3800908868963
7,59.75,-147.25,817.7384338378906
7,59.92,-147.25,753.1268934770064
7,59.92,-146.92,806.5865117853338
7,65.42,-168.58,870.0002718838779
7,65.58,-168.92,969.2639604048296
7,65.58,-168.75,875.1766468394886
7,65.58,-168.58,753.3921009410511
7,67.42,-169.08,831.0536942915483
7,68.08,-167.75,578.3493333296342
7,68.42,-167.58,605.3358015580611
7,68.92,-166.92,648.2978224320846
7,69.08,-167.75,607.5987146550959
7,69.08,-167.42,625.8491141579368
7,69.25,-168.25,604.9427850896662
7,69.42,-168.58,594.885986328125
7,69.58,-169.08,561.0762911709872
7,69.92,-164.58,626.7704384543679
7,70.42,-163.25,617.7401802756569
7,70.58,-161.08,582.3988677978516
7,70.58,-160.92,585.9956695556641
7,70.58,-151.42,834.1678044245793
7,70.58,-149.42,687.2365249633789
7,70.75,-161.92,541.0561806815011
7,70.75,-159.92,557.3652873792147
7,70.92,-162.58,534.3827334317294
7,70.92,-162.42,547.7186639959162
7,70.92,-160.08,513.1488301595052
7,70.92,-159.75,528.6139587402344
7,70.92,-159.58,517.362850189209
7,70.92,-159.42,522.0781707763672
7,71.08,-163.08,513.1504780162464
7,71.08,-159.92,538.7748694786659
7,71.08,-159.75,540.7487323467548
7,71.08,-158.08,528.3793201446533
7,71.08,-157.92,529.7635440826416
7,71.08,-152.58,749.9764633178711
7,71.08,-152.42,722.4935404459635
7,71.25,-163.42,540.2190537886186
7,71.25,-160.08,552.6733357747396
7,71.25,-158.25,580.4265700120193
7,71.25,-158.08,593.2540392194476
7,71.25,-157.92,589.4481767926898
7,71.25,-157.75,583.4462476457868
7,71.25,-157.08,506.8976840972901
7,71.25,-152.42,764.3262908935546
7,71.42,-163.58,522.4418404319069
7,71.42,-158.42,591.4103726473721
7,71.42,-157.08,591.1430623372396
7,71.42,-156.92,574.234208170573
7,71.42,-156.25,627.2761984432445
7,71.42,-156.08,625.2598615373884
7,71.42,-155.92,665.1790495372954
7,71.42,-155.25,716.1513225848859
7,71.42,-155.08,725.3787841796875
7,71.42,-154.58,672.5420726429332
7,71.42,-152.58,704.1881256103516
7,71.42,-152.42,657.8819213867188
7,71.42,-152.25,656.5630548650569
7,71.58,-163.25,517.7221476236979
7,71.58,-162.92,528.3518435829565
7,71.58,-158.58,545.1368198394775
7,71.58,-157.25,592.1903533935547
7,71.58,-156.25,650.8669017444957
7,71.58,-156.08,641.0189708362926
7,71.58,-155.75,640.7695770263672
7,71.58,-155.58,652.9116668701172
7,71.58,-155.42,663.4353942871094
7,71.58,-155.08,702.1048017229352
7,71.58,-154.42,637.7079418406767
7,71.58,-152.08,558.6190990101207
7,71.75,-155.92,637.7964754971591
7,71.75,-155.08,672.3970851898193
7,71.75,-154.42,647.6258994654605
7,71.75,-154.25,648.8776668972439
7,71.75,-152.08,538.7959759051984
7,71.75,-151.92,531.0336125691732
7,71.92,-162.58,518.9832526312935
7,71.92,-162.42,518.8761842515734
7,71.92,-158.58,546.2161542107077
7,71.92,-158.42,554.5573596954346
7,71.92,-154.92,571.7880744934082
7,71.92,-154.42,560.1576023101807
7,71.92,-154.25,576.8704708323759
7,71.92,-154.08,583.6981601715088
7,71.92,-151.92,435.292060307094
7,72.08,-162.08,563.2444068060981
7,72.08,-158.25,559.42730712890625
7,72.08,-154.42,541.6679036458333
7,72.08,-154.08,558.4509297688802
7,72.08,-152.08,424.22779737200057
7,72.08,-151.75,431.05389077322826
7,72.25,-161.92,550.3958638509115
7,72.25,-158.08,558.616206577846
7,72.25,-153.92,584.3803539276123
7,72.25,-151.58,438.1872497558594
7,72.42,-161.58,575.5162492231889
7,72.42,-158.08,530.4668019612631
7,72.42,-157.92,538.356034712358
7,72.42,-153.92,530.0481343587239
7,72.42,-153.42,508.93480271559497
7,72.42,-151.58,429.5377197265625
7,72.58,-161.42,555.4802468039773
7,72.58,-161.08,567.3009948730469
7,72.58,-157.75,507.4562072753906
7,72.58,-157.58,504.77403846153845
7,72.58,-153.08,387.8503387451172
7,72.58,-152.75,379.5698211669922
7,72.58,-151.92,430.71641679243606
7,72.75,-160.92,535.4718181903546
7,72.75,-157.42,478.24964650472
7,72.92,-160.92,523.6042073567709
7,72.92,-160.75,520.961789449056
7,72.92,-160.58,513.9061065673828
7,72.92,-157.42,467.0159912109375
7,72.92,-157.08,418.65196482340497
7,72.92,-152.42,352.4515037536621
7,73.08,-160.58,517.0213623046875
7,73.08,-160.42,514.2995300292969
7,73.08,-160.25,526.4225019975142
7,73.08,-160.08,502.20516690340907
7,73.08,-157.08,426.45013100760326
7,73.08,-156.92,407.10565068171576
7,73.25,-160.08,489.8555170694987
7,73.42,-159.92,467.01444753011066
7,73.42,-159.75,471.1238632202149
7,73.42,-156.75,368.5958806818182
7,73.42,-156.58,366.09110606800425
7,73.58,-159.58,413.25636985085225
7,73.58,-159.42,424.3383472149189
7,73.58,-156.75,328.22864324396306
7,73.75,-159.25,397.8478775024414
7,73.75,-157.92,374.5818379720052
7,73.75,-157.25,316.65430103648794
7,73.92,-158.92,419.4424880981445
7,73.92,-158.42,401.84445745294744
8,-56.08,-0.08,208.67569580078128
8,17.92,57.92,776.3508273037997
8,18.42,57.08,1031.6944261030717
8,22.58,-158.25,502.17283630371094
8,22.58,-158.08,501.7336606112394
8,25.92,-97.08,615.9297513094815
8,25.92,-96.92,513.7594188343395
8,25.92,-96.75,493.9718766645952
8,25.92,-96.58,477.6037972190163
8,25.92,-96.42,460.9699401855469
8,26.08,-96.75,502.5096269087358
8,26.08,-96.42,463.1506722190163
8,26.25,-96.92,560.1391129927201
8,26.42,-96.92,557.6221188631924
8,26.42,-96.42,463.13461026278407
8,26.58,-97.08,591.7202106822621
8,26.58,-96.58,476.21946022727275
8,26.75,-96.58,472.7907603870739
8,26.92,-97.08,558.3272982510654
8,26.92,-96.58,467.4814633456144
8,26.92,-96.42,453.28021933815694
8,27.08,-97.25,641.6712577126243
8,27.08,-97.08,559.3923270485618
8,27.08,-96.92,507.26369406960225
8,27.08,-96.75,476.7314203435725
8,27.08,-96.58,462.3903475674716
8,27.08,-96.42,455.38617636940694
8,27.25,-96.92,513.6937644264915
8,27.25,-96.25,450.37765086780894
8,27.42,-96.92,540.3587410666726
8,27.42,-96.08,445.23573303222656
8,27.42,-95.92,439.1982505104759
8,27.58,-96.58,498.5979628129439
8,27.58,-96.25,466.7011788108132
8,27.58,-96.08,449.7025521018288
8,27.58,-95.92,440.9052068536932
8,27.58,-95.58,425.6868702281605
8,27.58,-95.42,417.22344277121806
8,27.58,-95.25,413.91981506347656
8,27.58,-95.08,414.9098177823153
8,27.58,-94.92,421.4080103093927
8,27.58,-94.75,418.7759746204723
8,27.58,-94.58,418.18158236416906
8,27.58,-94.42,425.6289437033913
8,27.58,-94.08,423.9562336314808
8,27.58,-93.92,427.6820179332386
8,27.58,-93.75,428.0280206853693
8,27.58,-93.58,420.2634832208807
8,27.75,-96.42,503.3821411132813
8,27.75,-95.25,439.53457919034093
8,27.75,-94.58,433.1513505415483
8,27.75,-94.42,435.8740830854936
8,27.75,-93.92,439.2212746360085
8,27.75,-93.75,440.1056920831854
8,27.75,-93.58,440.19035200639206
8,27.92,-155.08,430.15011180530894
8,27.92,-96.58,638.435810435902
8,27.92,-96.42,577.1449210427024
8,27.92,-95.42,463.6085510253906
8,27.92,-94.58,451.2127297141335
8,27.92,-94.25,454.9689178466797
8,27.92,-93.92,446.865927956321
8,27.92,-93.75,451.1663208007813
8,27.92,-93.58,462.0230213512074
8,28.08,-95.42,522.3378420743076
8,28.08,-94.58,490.10096602006394
8,28.08,-94.08,475.7958873401989
8,28.25,-95.42,556.3095189874822
8,28.25,-94.75,530.6309953169389
8,28.25,-94.08,513.8002804842862
8,28.42,-95.58,641.5556848699397
8,28.42,-94.75,532.9809265136719
8,28.42,-94.08,533.8165380304509
8,28.42,-91.25,728.9633039994674
8,28.42,-91.08,798.6598802046342
8,28.42,-90.92,833.7232180508701
8,28.42,-90.75,865.793740012429
8,28.42,-90.58,865.3877022483132
8,28.42,-89.92,720.0014551336116
8,28.58,-95.58,783.7020041725852
8,28.58,-94.92,572.6018399325284
8,28.58,-94.08,557.1519012451172
8,28.58,-92.42,667.1600161465732
8,28.58,-92.25,691.4010203968395
8,28.58,-92.08,720.9351321133701
8,28.58,-91.92,732.9802287708629
8,28.58,-91.58,801.7638952081853
8,28.58,-91.42,862.8703751997514
8,28.58,-91.25,956.5784690163352
8,28.58,-91.08,1068.2829173694956
8,28.58,-90.92,1124.8363120339134
8,28.58,-90.75,1118.9452847567472
8,28.58,-90.58,1075.765439120206
8,28.58,-90.42,1027.7185668945312
8,28.58,-89.75,943.2440157803622
8,28.58,-89.58,955.5439203435724
8,28.75,-94.92,635.4187289151279
8,28.75,-94.08,571.2395685369319
8,28.75,-92.58,707.3848363702947
8,28.75,-92.42,724.9126517555931
8,28.75,-92.25,756.401308926669
8,28.75,-92.08,811.0146082097834
8,28.75,-91.92,833.3671472722834
8,28.75,-91.75,858.1626309481534
8,28.75,-91.58,945.0877408114346
8,28.75,-91.42,1079.676963112571
8,28.75,-90.58,1268.6430081454191
8,28.75,-90.42,1211.2914012562144
8,28.75,-89.92,1088.5905428799715
8,28.75,-89.75,1130.9616782448509
8,28.92,-94.92,764.1064203435725
8,28.92,-94.08,636.4727131236683
8,28.92,-93.92,641.1126167990944
8,28.92,-93.58,657.5797549161044
8,28.92,-93.42,656.5943367697976
8,28.92,-93.25,682.5036634965377
8,28.92,-92.92,724.8272219571201
8,28.92,-92.75,767.6739515824752
8,28.92,-92.58,783.8923312100497
8,28.92,-92.42,816.3823491876775
8,28.92,-92.25,878.5047205144709
8,28.92,-92.08,977.8119312633168
8,28.92,-91.92,1033.8814780495384
8,28.92,-91.58,1258.08589033647
8,28.92,-90.75,1589.3902587890625
8,28.92,-90.58,1534.737665349787
8,28.92,-90.42,1454.4093905362215
8,28.92,-90.08,1293.3528664328835
8,28.92,-89.92,1263.2797241210938
8,28.92,-89.75,1295.2144497958095
8,28.92,-89.58,1368.2709433815696
8,29.08,-94.92,995.5766074440696
8,29.08,-94.08,789.3450594815341
8,29.08,-93.92,759.6384527033025
8,29.08,-93.58,761.7848039106889
8,29.08,-93.42,758.8346432772549
8,29.08,-93.25,773.8050814541904
8,29.08,-93.08,780.8458612615412
8,29.08,-92.92,803.4758231423118
8,29.08,-92.75,844.6339915882457
8,29.08,-92.58,889.2359896573154
8,29.08,-92.42,1025.5542519309304
8,29.25,-94.08,936.9797918146306
8,29.25,-93.75,935.3141923384233
8,29.25,-93.58,925.769570090554
8,29.25,-92.75,999.997186834162
8,29.42,-94.08,1087.280947598544
8,29.42,-93.75,1125.102081298828
8,29.42,-93.42,1147.5546542080965
8,29.42,-93.25,1147.7116255326705
8,29.42,-93.08,1177.1552013050425
8,29.58,-93.58,1305.8882002397015
8,29.92,-150.08,404.6371224143288
8,30.75,-79.08,333.4718752774325
8,30.92,-78.92,331.4789928089489
8,31.08,-81.08,994.0159495960582
8,31.08,-80.92,839.7180286754261
8,31.08,-80.58,699.5214774391868
8,31.08,-79.92,529.6060097434304
8,31.08,-79.75,436.2377097389915
8,31.25,-81.08,1137.5991377397015
8,31.25,-80.92,916.573319868608
8,31.25,-80.08,575.1726393266158
8,31.25,-79.42,366.7555583607067
8,31.42,-81.08,1262.9674294211648
8,31.42,-80.75,859.4680356112393
8,31.42,-79.92,563.6230926513672
8,32.42,-66.08,265.7455458207564
8,33.08,-78.75,805.1457255970348
8,33.08,-77.58,505.9711206609553
8,33.08,-76.58,401.18674260919744
8,33.08,-76.25,353.7154041637074
8,33.08,-75.75,317.3434801968661
8,33.42,-118.58,566.5904418945313
8,33.42,-118.08,666.0025329589844
8,33.42,-74.58,300.75143779407847
8,33.58,-70.08,276.27765516801315
8,33.92,-77.58,663.5163366144353
8,33.92,-76.42,495.1055727871981
8,33.92,-75.92,418.2137256969105
8,33.92,-75.42,344.3274674849077
8,34.42,-76.58,671.3997178511186
8,34.42,-75.58,436.78361788663
8,34.42,-74.58,329.25186295942825
8,34.92,-75.92,589.3662234219638
8,34.92,-75.08,433.5377169522372
8,34.92,-74.08,321.63194552334875
8,35.42,-72.42,309.9816728071733
8,35.58,-74.58,478.801288951527
8,35.58,-73.58,333.2002424760298
8,35.92,-75.08,608.3283413973721
8,36.08,-74.42,520.190956809304
8,36.08,-73.92,444.3439580743963
8,36.08,-72.42,327.02670842950994
8,36.42,-71.42,326.3988529552113
8,36.75,-74.92,604.7225688587536
8,36.75,-73.92,497.3534046519886
8,37.58,-74.92,700.5016964999112
8,37.58,-74.08,517.3034029873935
8,38.08,-72.75,478.6295887340199
8,38.08,-72.42,476.7381896972656
8,38.25,-72.75,490.64184986461294
8,38.25,-72.58,478.4648368141868
8,38.58,-72.42,486.4659160267223
8,38.92,-150.08,351.12521709095347
8,41.58,-10.25,462.2039364901456
8,41.75,-10.08,479.2299527254972
8,41.75,-9.92,494.1188992587003
8,41.75,-9.42,715.3468114679509
8,41.92,-9.58,611.1474248712713
8,42.08,-9.58,620.1489743319424
8,42.25,-9.42,767.6567202481357
8,43.75,-150.08,459.1492919921875
8,48.42,-126.08,1080.7139420942826
8,48.58,-128.92,521.7479012229226
8,49.08,-134.92,520.2925304066051
8,49.42,-0.58,745.2818756103516
8,49.92,-144.92,571.1018177379261
8,53.42,0.25,1023.0264726118608
8,64.25,-166.58,641.9822651256214
8,65.92,-167.42,718.6523465243253
8,66.42,-168.92,822.5142489346591
8,66.42,-167.92,703.316200949929
8,66.92,-168.42,671.9772879860618
8,67.42,-169.08,764.2104159268466
8,67.42,-167.42,718.0311445756392
8,67.92,-168.92,722.6604697487571
8,67.92,-168.08,716.720439564098
8,68.08,-167.42,611.89056396484375
8,68.08,-167.25,609.8589019775391
8,68.58,-168.42,637.1740583939986
8,68.92,-169.08,598.0066292502663
8,70.25,-164.42,557.067929354581
8,70.25,-163.92,563.5821824507279
8,70.25,-163.42,572.3991130482067
8,70.42,-168.42,482.87882856889206
8,70.42,-167.92,507.6152440851385
8,70.42,-167.42,508.76291448419744
8,70.42,-166.92,515.0944768732244
8,70.42,-166.42,527.9753556685014
8,70.42,-165.92,530.0117617520419
8,70.42,-165.42,534.5331989635121
8,70.42,-164.92,525.524863503196
8,70.58,-168.92,470.4375554865057
8,70.58,-168.58,475.27704551003194
8,70.58,-166.58,527.7765849720348
8,70.58,-161.58,574.876333618164
8,70.58,-161.42,579.8302154541016
8,70.75,-168.25,464.14943764426494
8,70.92,-167.92,479.4248532381925
8,70.92,-160.08,479.6653584798177
8,70.92,-149.42,445.61232198079426
8,71.08,-167.58,482.65752480246806
8,71.08,-167.25,480.47909268465907
8,71.08,-160.75,472.96079305013023
8,71.08,-157.42,481.4577331542969
8,71.08,-152.75,561.4201405843099
8,71.08,-152.58,561.7017283720129
8,71.08,-152.42,554.8472218232996
8,71.08,-149.42,452.26552806181064
8,71.25,-166.92,480.0710463090376
8,71.25,-157.58,490.5404134114584
8,71.25,-152.42,535.6974423057154
8,71.25,-149.25,495.9085925874256
8,71.42,-166.58,491.1191905628551
8,71.42,-163.58,463.34336853027344
8,71.42,-161.42,437.1258791968936
8,71.42,-157.92,458.1242196219308
8,71.42,-155.25,521.2237330845425
8,71.42,-155.08,527.4853036063058
8,71.42,-152.75,571.5475708007813
8,71.42,-152.58,581.2834030151367
8,71.42,-152.42,544.2613750256991
8,71.42,-152.25,530.4311447143555
8,71.42,-149.25,496.67226257324216
8,71.42,-149.08,494.468751525879
8,71.58,-166.08,477.8423503528942
8,71.58,-164.58,456.68874428488994
8,71.58,-159.42,448.0433567592076
8,71.58,-158.75,448.4665745326451
8,71.58,-158.58,451.21932838076634
8,71.58,-158.25,440.13812255859375
8,71.58,-157.92,470.32807367498225
8,71.58,-157.75,465.2481342662464
8,71.58,-157.42,484.6975446428572
8,71.58,-157.25,475.70263214111327
8,71.58,-157.08,491.1599795692846
8,71.58,-156.75,485.6451335706209
8,71.58,-155.75,491.6785744114926
8,71.58,-155.58,498.6627711245888
8,71.58,-155.42,503.4399173134251
8,71.58,-155.08,485.9987365722656
8,71.58,-152.58,534.704084123884
8,71.58,-152.42,516.126942952474
8,71.58,-152.08,490.9779525030227
8,71.58,-149.08,508.3629745483398
8,71.75,-159.08,457.3485065806995
8,71.75,-158.92,454.11273193359375
8,71.75,-156.58,483.4630640933388
8,71.75,-156.25,495.8040883917558
8,71.75,-155.92,492.23426256681745
8,71.75,-152.08,493.1423150925409
8,71.75,-149.08,480.6063186645508
8,71.92,-166.08,477.516826282848
8,71.92,-163.58,466.84994090687144
8,71.92,-162.42,461.5478748139881
8,71.92,-161.08,470.0199134463356
8,71.92,-159.75,466.48228963216144
8,71.92,-159.58,460.5368434361049
8,71.92,-159.42,464.87223161969865
8,71.92,-155.58,489.9148628928445
8,71.92,-155.42,515.5914584073154
8,71.92,-155.25,537.7625940496272
8,71.92,-155.08,529.2705577503551
8,71.92,-153.75,533.9225086030506
8,71.92,-152.42,491.83504813058033
8,71.92,-151.92,462.44896007719495
8,71.92,-148.92,446.3880142211914
8,72.08,-166.08,484.40106894753194
8,72.08,-160.08,470.5557599748884
8,72.08,-159.92,465.893301827567
8,72.08,-159.75,464.7795947846912
8,72.08,-159.42,457.0513974144345
8,72.08,-154.08,499.745112101237
8,72.08,-151.92,442.1055995396205
8,72.08,-151.75,440.90162658691406
8,72.25,-164.25,476.8914683948864
8,72.25,-160.58,464.20660400390625
8,72.25,-159.75,477.23262176513674
8,72.25,-159.58,476.5501185825893
8,72.25,-159.08,457.459231422061
8,72.25,-153.58,479.7714378720238
8,72.25,-152.08,440.13863336472286
8,72.42,-166.08,473.538310657848
8,72.42,-164.08,476.370024247603
8,72.42,-161.58,455.3330732073103
8,72.42,-161.08,462.3969072614397
8,72.42,-159.58,446.3326125372024
8,72.42,-159.42,450.6302432105655
8,72.42,-159.25,463.92498198009673
8,72.42,-159.08,470.410640171596
8,72.42,-158.92,467.7620602562314
8,72.42,-158.75,469.1720610119048
8,72.42,-152.08,437.1493406749907
8,72.58,-166.08,462.76500077681106
8,72.58,-163.92,459.320761940696
8,72.58,-161.92,462.27183671431106
8,72.58,-161.75,456.4195832752046
8,72.58,-161.58,454.44005911690846
8,72.58,-161.42,458.4487958635603
8,72.58,-161.25,459.1168750581287
8,72.58,-159.25,452.16517421177457
8,72.58,-159.08,465.75441196986606
8,72.58,-158.92,464.75780232747394
8,72.58,-158.75,468.534429640997
8,72.58,-158.58,466.3384849911644
8,72.58,-158.42,464.82532464890255
8,72.58,-153.08,440.3503814697266
8,72.75,-163.75,448.05441145463425
8,72.75,-162.08,462.3784833635603
8,72.75,-161.75,460.8576209658668
8,72.75,-158.92,463.4977809361049
8,72.75,-158.42,453.9598388671875
8,72.92,-169.08,446.5345691499256
8,72.92,-168.58,450.8629705255682
8,72.92,-167.92,436.1908118508079
8,72.92,-167.42,463.160648890904
8,72.92,-166.08,452.67559537020594
8,72.92,-163.58,444.0581563313802
8,72.92,-163.08,448.9489048549107
8,72.92,-161.92,445.41270810081846
8,72.92,-161.75,450.1007922944568
8,72.92,-160.92,453.56848289853053
8,72.92,-160.75,448.4511311848958
8,72.92,-160.58,441.8090747651599
8,72.92,-158.08,454.9269438244048
8,73.08,-166.92,426.42801666259766
8,73.08,-166.08,415.6069059826079
8,73.08,-165.75,424.42054530552457
8,73.08,-165.58,430.1596054803757
8,73.08,-165.08,427.4028015136719
8,73.08,-164.58,427.0283688631925
8,73.08,-163.42,441.550524030413
8,73.08,-162.58,416.9880748930432
8,73.08,-162.42,418.1692955380394
8,73.08,-162.25,422.4469531831287
8,73.08,-162.08,429.64454432896207
8,73.08,-161.92,436.7313232421875
8,73.08,-160.42,441.11090087890625
8,73.08,-160.25,447.91662161690846
8,73.25,-166.08,434.2567957827919
8,73.25,-164.08,419.0232398623512
8,73.25,-163.42,400.1412920270647
8,73.25,-163.08,416.17972383045014
8,73.25,-162.92,408.18366059802827
8,73.25,-157.58,401.0329422723679
8,73.42,-166.08,400.59118499755857
8,73.42,-165.58,400.5114547729492
8,73.42,-162.92,412.3975306919643
8,73.42,-159.75,409.7568766276042
8,73.42,-159.58,410.4475359235491
8,73.58,-166.08,387.37049407958983
8,73.58,-162.58,429.1625497000558
8,73.58,-159.25,368.7300851004464
8,73.58,-159.08,369.468514578683
8,73.58,-156.92,354.28001549130397
8,73.75,-166.08,381.7758758544922
8,73.75,-162.42,414.9479486374628
8,73.75,-158.08,354.92393711635043
8,73.92,-166.08,379.1413414364769
8,73.92,-165.92,377.3248378208705
8,73.92,-165.58,381.6281229654948
8,73.92,-162.08,398.4063582647414
8,74.08,-165.08,368.5021289643787
8,74.08,-164.58,383.7087751116072
8,74.25,-164.08,363.2621249244326
9,-54.08,-0.08,252.09627324884588
9,-26.08,13.42,768.337480024858
9,-24.08,13.92,776.5065460205078
9,-8.08,-14.92,510.75379666415125
9,-6.75,-25.08,554.0301694003018
9,-4.58,-12.75,625.5004924427379
9,-2.25,-13.25,636.3015483509411
9,-1.58,-12.92,637.644248268821
9,1.25,-15.08,577.9741099964489
9,4.92,-17.08,562.5865506258878
9,7.75,66.92,541.340634432706
9,7.75,67.08,541.6035017533736
9,7.92,66.92,546.0308172052556
9,8.58,-19.08,560.1023476340554
9,10.08,65.42,588.5820770263672
9,11.75,64.25,762.8772693980824
9,11.92,64.42,801.69301813299
9,11.92,66.92,640.7290344238281
9,12.58,-20.92,579.6457838578658
9,13.92,63.08,888.3551386052912
9,14.08,66.92,638.2552850896662
9,15.08,64.42,904.5820478959516
9,15.75,62.08,961.8396162553267
9,15.92,61.92,964.0109724564986
9,17.42,60.42,952.8577187278054
9,18.58,58.75,910.4719980413264
9,18.92,58.92,792.0362493341619
9,19.08,58.42,772.1413511796432
9,19.25,58.08,806.9256688898259
9,19.42,58.08,864.0403095592152
9,21.92,-21.08,357.3936968716708
9,21.92,-20.75,362.5193075700239
9,22.58,-158.25,480.06510509144175
9,26.08,-21.92,370.9591272527521
9,26.08,-20.92,372.8040972622958
9,26.92,-96.92,557.894081809304
9,26.92,-96.75,528.4028639359908
9,27.08,-152.92,423.4915577281605
9,27.08,-97.25,822.434159712358
9,27.08,-97.08,668.5257013494319
9,27.25,-96.58,507.1561875776811
9,27.42,-96.58,529.0833268599076
9,27.58,-97.08,904.1926214044744
9,27.58,-96.92,754.8928472345525
9,27.58,-96.08,473.44850990988994
9,27.58,-93.92,419.8407731489702
9,27.58,-93.75,416.4740961248224
9,27.58,-93.58,419.6828432950106
9,27.75,-96.25,527.9471019398082
9,27.75,-95.92,487.6266132701527
9,27.75,-93.92,424.4562905051491
9,27.75,-93.75,428.4351390491833
9,27.92,-96.75,897.138935435902
9,27.92,-96.42,651.6504044966264
9,27.92,-95.58,493.3858434503729
9,27.92,-94.08,440.5594440806995
9,27.92,-93.92,436.00148842551494
9,27.92,-93.75,440.8245918967507
9,28.08,-96.42,801.4208956631747
9,28.08,-95.75,537.4743666215377
9,28.08,-95.08,488.5330505371094
9,28.08,-94.92,478.5873746004972
9,28.08,-94.75,469.3276547518644
9,28.08,-94.58,463.41233964399856
9,28.08,-94.42,465.29440030184657
9,28.08,-93.92,457.1204098788175
9,28.25,-95.92,712.9930711226029
9,28.25,-95.25,526.8698688853871
9,28.25,-94.25,486.63650651411575
9,28.25,-93.92,483.9104655872692
9,28.25,-91.75,517.7073128440163
9,28.25,-91.42,544.3633519952947
9,28.42,-95.58,738.0745669278232
9,28.42,-95.42,662.6425254128196
9,28.42,-92.92,539.0658180930398
9,28.42,-92.58,539.5747292258523
9,28.42,-92.08,564.4983437278054
9,28.42,-91.75,567.1563609730114
9,28.42,-91.42,601.8787453391335
9,28.42,-91.08,671.7915066805753
9,28.42,-90.92,695.8875149813565
9,28.42,-90.75,711.49331110174
9,28.58,-95.42,814.1420648748225
9,28.58,-94.42,558.8368030894886
9,28.58,-94.25,551.6678813587536
9,28.58,-92.92,581.2854988791726
9,28.58,-92.58,589.250546542081
9,28.58,-92.42,597.5176239013672
9,28.58,-92.25,590.9125213623047
9,28.58,-92.08,599.6855551979759
9,28.58,-91.75,639.8485190651634
9,28.58,-91.58,676.6578591086648
9,28.58,-91.42,712.2559592507102
9,28.58,-91.08,811.5509560324929
9,28.58,-90.92,842.92856389826
9,28.58,-90.58,846.443661776456
9,28.75,-94.42,622.0008406205611
9,28.75,-92.92,606.6526669588956
9,28.75,-92.58,609.8972292813388
9,28.75,-92.42,626.3382235440341
9,28.75,-92.25,635.3351620760831
9,28.75,-92.08,650.7993122447621
9,28.75,-91.92,693.0780098655007
9,28.75,-91.75,740.6457866321911
9,28.75,-90.58,967.0144070712004
9,28.92,-95.25,926.0018310546876
9,28.92,-95.08,984.0090165571733
9,28.92,-94.92,910.2805009321733
9,28.92,-94.58,764.3959517045455
9,28.92,-92.92,652.6411868008701
9,28.92,-92.58,654.8866646506569
9,28.92,-92.42,684.8452411998402
9,28.92,-92.25,718.5313179709694
9,28.92,-92.08,771.1076798872514
9,28.92,-91.92,843.3892517089844
9,28.92,-91.58,1006.2492231889204
9,28.92,-90.75,1255.177978515625
9,29.08,-94.75,1035.190263227983
9,29.08,-93.08,711.2869290438565
9,29.08,-92.92,731.4818489768288
9,29.08,-92.75,737.5355723987926
9,29.08,-92.58,788.7731781005859
9,29.08,-92.42,890.67041015625
9,29.25,-92.92,888.6735534667969
9,29.42,-92.92,1131.2224648215554
9,30.42,-21.58,277.21174552223897
9,31.08,-80.92,870.8430897105824
9,31.08,-80.58,700.2725524902344
9,31.08,-79.75,468.23371332341975
9,31.25,-81.08,1084.4165677157316
9,31.25,-80.92,921.676718971946
9,31.42,-80.92,978.6280240145596
9,31.42,-80.58,734.067285711115
9,33.08,-118.08,612.7385767156428
9,33.42,-118.58,496.20582275390626
9,33.42,-118.25,618.2111108953303
9,33.42,-118.08,628.3431979092685
9,34.75,-20.58,329.318642356179
9,38.08,-24.92,376.83682389692825
9,38.92,-17.92,345.6130870472301
9,42.58,-9.75,566.7132651589134
9,42.58,-9.42,848.2582050670277
9,42.92,-14.92,376.77197681773794
9,42.92,-9.58,824.5978698730469
9,45.42,-1.42,654.1230246803977
9,46.92,-62.58,770.2342737371272
9,46.92,-11.75,469.7023870294744
9,47.25,-8.58,469.13992448286575
9,47.25,-7.42,502.4187067205256
9,47.42,-7.42,554.0550648082386
9,47.58,-64.08,829.345966685902
9,47.58,-60.08,608.1946480490944
9,47.58,-8.08,543.495078346946
9,48.25,-10.08,555.1506208939986
9,48.42,-126.92,649.4644719904119
9,48.92,-130.92,485.51986278187144
9,49.08,-138.92,479.7723957408558
9,49.42,-138.92,492.2965642755682
9,49.42,-5.58,708.6438057639382
9,49.42,-0.25,723.7685200084339
9,49.58,-66.08,703.0106575705788
9,49.58,-62.08,622.8564799915661
9,49.92,-145.08,523.3406385941939
9,49.92,-134.92,515.3594665527344
9,62.92,-166.58,627.8991671475497
9,63.92,-172.42,602.2010470303622
9,64.58,-167.25,579.9755110307174
9,65.08,-169.92,671.2577584006569
9,65.08,-169.08,696.6093014803799
9,66.42,-167.75,575.9604533802379
9,66.58,-169.08,595.1947201815518
9,67.92,-169.08,567.1732593883168
9,68.08,-169.08,535.5729897238991
9,69.92,-166.42,476.5764770507813
9,69.92,-163.92,509.6233742453835
9,70.08,-169.08,471.6585027521307
9,70.92,-162.08,439.7469010786577
9,71.08,-160.75,421.597655076247
9,71.25,-163.42,425.9741460626776
9,71.25,-163.08,424.6650029962713
9,71.25,-152.08,448.734130859375
9,71.42,-163.92,416.9504311301491
9,71.42,-158.25,413.4625549316406
9,71.42,-152.08,455.1029212588356
9,71.58,-160.08,388.9368355490944
9,71.58,-155.42,448.8861766996838
9,71.58,-151.92,446.64760044642856
9,71.75,-161.42,377.1917301524769
9,71.75,-158.92,392.88478781960225
9,71.92,-162.58,375.439472545277
9,71.92,-161.92,371.76852139559657
9,71.92,-154.92,451.44955028187144
9,72.08,-158.92,379.156381780451
9,72.08,-156.42,428.9940383911133
9,72.42,-168.92,373.6461500688033
9,72.42,-153.92,369.30330766950334
9,73.08,-152.92,330.38200759887695
9,73.25,-151.42,316.39134216308594
9,73.92,-156.25,283.9443904331752
9,74.92,-165.08,301.040966796875
10,-58.92,61.92,290.3370132446289
10,-52.92,-0.08,317.5500231656161
10,-52.08,61.75,318.8171289617365
10,-48.08,73.42,511.4253803599965
10,-38.58,-38.25,659.8289989124645
10,-33.25,-46.75,547.1532204367898
10,-30.25,-42.58,460.9016418457031
10,-30.08,-27.42,351.45407312566584
10,-27.42,-38.92,465.3984083695845
10,-24.75,-35.25,452.9332968971946
10,-21.92,-31.58,380.1616710316051
10,-19.25,-28.42,313.59246201948685
10,-19.08,-25.08,288.7527195323597
10,-16.58,-25.08,329.4405212402344
10,-13.92,-21.75,399.894887750799
10,-11.08,-18.42,485.27610917524856
10,28.08,-96.42,664.9273210005326
10,28.25,-95.92,601.6828516179866
10,28.58,-95.42,664.4122841574929
10,30.25,-116.58,469.8155545321378
10,32.58,-117.58,511.70223721590907
10,33.42,-118.58,482.4193420410156
10,33.42,-118.25,553.4360601251775
10,33.42,-118.08,560.2688251842152
10,36.25,-72.08,315.0618078058416
10,44.42,37.58,427.7990986217152
10,44.92,-2.08,450.9591799649325
10,44.92,-1.92,446.3238261829723
10,44.92,-1.58,446.263203014027
10,45.08,-2.42,441.0904027765447
10,45.08,-2.08,434.2940507368608
10,45.08,-1.58,448.9097928133878
10,45.25,-1.92,420.25490500710225
10,45.25,-1.58,433.9955042058771
10,45.42,-2.08,424.33590420809657
10,45.42,-1.92,428.0035872025923
10,45.42,-1.75,436.35088833895594
10,45.58,-2.25,426.55042891068894
10,45.58,-2.08,432.78969643332744
10,45.58,-1.58,478.0214385986328
10,45.75,-1.75,476.2222525856712
10,47.58,-64.08,714.2176569158381
10,53.58,0.08,806.0799080984933
10,53.92,0.25,507.4729905561967
10,54.58,-0.42,484.4281532981179
10,55.42,-1.42,417.35586686567825
10,62.08,-167.25,493.711691422896
10,62.25,-167.58,465.63402141224253
10,62.42,-168.08,410.3547973632813
10,62.42,-167.92,439.826774597168
10,62.58,-168.92,423.6680478182706
10,62.58,-168.58,420.1682226007635
10,62.75,-169.08,426.730131669478
10,63.75,-172.08,369.07656305486506
10,63.92,-172.42,415.64233606511897
10,63.92,-172.25,407.63583304665303
10,64.08,-169.58,404.1656546159224
10,64.42,-171.08,372.59120351617986
10,64.42,-170.58,391.3112362948331
10,64.42,-170.42,396.02207149158824
10,64.42,-170.25,399.8277587890625
10,64.42,-169.92,425.50239632346415
10,64.42,-169.75,428.13546510176224
10,64.42,-169.58,456.85339771617544
10,64.42,-169.08,503.9903335571289
10,64.42,-168.92,515.4408333518288
10,64.42,-168.42,483.11585374311966
10,64.42,-167.58,542.0102969082919
10,64.42,-167.25,540.6596402254971
10,64.92,-167.92,501.817985534668
10,65.08,-168.25,479.9225408380682
10,65.58,-168.92,442.03783763538706
10,65.58,-168.75,472.9799853238192
10,65.58,-168.58,481.04378856312144
11,-76.75,-178.42,1023.5647794283352
11,-76.75,169.42,1069.3969116210938
11,-76.58,-178.08,994.3055842472957
11,-76.58,169.75,877.686767578125
11,-76.58,175.92,1197.1887092590332
11,-73.58,176.75,446.0792694091797
11,-69.42,-85.25,430.3527603149414
11,-69.25,-85.25,442.9922892252605
11,-69.08,-85.42,500.2393747965495
11,-69.08,-85.25,486.83311462402344
11,-68.92,-85.42,512.93389892578125
11,-68.92,-85.25,521.3811391194662
11,-68.75,-85.25,538.568603515625
11,-68.58,-85.25,553.5898132324219
11,-68.58,-85.08,560.1830495198568
11,-68.42,-85.08,600.8591744559152
11,-68.25,-85.08,571.5104843139649
11,-68.08,-85.08,652.2698822021484
11,-67.92,-85.08,644.1337086070668
11,-67.75,-85.08,623.6613492098721
11,-67.58,-85.08,575.9386374733665
11,-67.42,-85.08,543.34326171875
11,-67.25,-85.08,514.961423601423
11,-67.08,-85.08,453.5075093587239
11,-66.42,-84.58,434.63118703741776
11,-66.25,-84.58,433.543646561472
11,-66.08,-84.58,424.48717244466144
11,-65.92,-84.75,415.1787318179482
11,-65.92,-84.58,423.4107553582442
11,-65.75,-84.92,403.4173089890253
11,-65.75,-84.75,410.1359209333147
11,-65.58,-85.08,408.1800348191034
11,-65.58,-84.92,404.5963614327567
11,-65.42,-85.25,407.2142530168806
11,-65.42,-85.08,402.4728655133928
11,-65.42,-84.92,395.0216994512649
11,-65.42,-84.75,401.0167272658575
11,-65.42,-84.58,402.3624274844215
11,-65.42,-84.42,400.62800670805433
11,-65.42,-84.25,400.6191747756231
11,-65.42,-84.08,406.7115529378255
11,-65.42,-83.92,412.698473249163
11,-62.92,-62.42,462.421872093564
11,-62.92,-62.25,539.6189609103733
11,-62.75,-62.58,519.6182015158913
11,-62.75,-62.42,510.9989679509943
11,-62.58,-62.75,531.3906263871627
11,-62.58,-62.58,528.6080752286044
11,-61.58,-62.75,452.2478700117631
11,-61.42,-62.75,442.74271046031606
11,-61.25,-62.75,438.10605413263494
11,-61.08,-62.75,436.7458607066761
11,-60.92,-62.75,431.82709433815694
11,-60.58,-62.75,440.6537336869673
11,-60.42,-62.75,454.2853282581676
11,-60.25,-62.75,459.1358642578125
11,-60.08,-62.75,475.0854949951172
11,-60.08,-62.58,481.5217104825106
11,-59.92,-62.58,503.38925032182175
11,-59.75,-62.58,522.1138818914241
11,-59.58,-62.58,505.3835809881037
11,-59.42,-62.58,501.9762628728693
11,-59.25,-62.58,496.8041354092685
11,-59.08,-62.58,486.5182703191584
11,-58.92,-62.58,485.8530481511896
11,-58.75,-62.58,484.5444086248224
11,-58.58,-62.58,481.0454462224787
11,-58.42,-62.75,502.4270740855824
11,-58.42,-62.58,495.45516690340907
11,-58.25,-62.75,527.0091094970703
11,-58.08,-62.75,536.6459891579368
11,-57.92,-62.75,541.4382143887607
11,-57.75,-62.92,557.2467998157848
11,-57.75,-62.75,549.6461514559659
11,-57.58,-62.92,560.3543756658381
11,-57.58,-62.75,554.2382521195846
11,-57.58,-62.58,554.5788033225319
11,-57.42,-62.58,559.4166107177734
11,-57.42,-61.92,552.5768002596768
11,-57.42,-61.75,550.4541542746804
11,-57.42,-61.58,550.2515938498757
11,-57.42,-61.42,550.5217451615767
11,-57.42,-61.08,539.8743147416549
11,-57.25,-62.08,562.3910772150213
11,-57.25,-61.92,558.5192024924538
11,-57.08,-60.58,566.3119132302024
11,-56.92,-60.58,567.0640244917436
11,-56.92,-60.42,569.8082899613814
11,-56.92,-60.25,567.0981805974787
11,-56.75,-60.25,586.3388699618253
11,-56.75,-60.08,589.1195331920277
11,-56.58,-60.08,599.2876115278764
11,-56.42,-59.92,602.7446427778764
11,-56.42,-59.75,598.4164165150036
11,-56.25,-59.58,602.7715287642045
11,-56.08,-59.58,620.0430894331498
11,-56.08,-59.42,621.7014409845525
11,-55.92,-59.42,621.2111899636009
11,-55.75,-59.42,615.5346138694069
11,-55.58,-59.42,635.7377749356357
11,-51.58,-0.08,434.3858046098189
11,15.92,61.92,681.4335105202415
11,17.42,60.42,688.102988503196
11,18.75,57.92,702.2920643199574
11,18.75,58.08,687.5397796630859
11,18.92,58.58,711.1794586181641
11,18.92,58.75,721.8684942072088
11,18.92,58.92,717.857324773615
11,19.08,58.42,706.9691716974431
11,19.25,58.08,757.9610956365412
11,19.42,57.92,839.2198430841619
11,19.42,58.08,816.98406982421875
11,24.42,-64.42,218.77733750776812
11,25.92,-97.08,505.62877863103694
11,25.92,-96.92,489.0065363103693
11,25.92,-96.75,455.418549971147
11,25.92,-96.58,429.49034257368606
11,25.92,-96.42,410.8639581853693
11,26.08,-96.75,472.9678372469816
11,26.08,-96.42,417.8784068714489
11,26.25,-96.92,515.2422055331143
11,26.42,-96.92,500.961538141424
11,26.42,-96.42,415.7701055353338
11,26.58,-97.08,525.8467601429332
11,26.58,-96.58,418.10471135919744
11,26.75,-96.58,411.90823988481
11,26.92,-97.08,488.0200209184126
11,26.92,-96.58,395.4887487238104
11,26.92,-96.42,405.30560302734375
11,27.08,-97.25,545.2578277587891
11,27.08,-97.08,482.8295718106356
11,27.08,-96.92,439.1577550714666
11,27.08,-96.75,418.68274480646306
11,27.08,-96.58,388.3786884654652
11,27.08,-96.42,403.4154413396662
11,27.25,-96.92,444.4810041947798
11,27.25,-96.25,406.333666714755
11,27.42,-96.92,464.5559456565163
11,27.42,-96.08,406.67982344193894
11,27.42,-95.92,406.0292247425426
11,27.42,-94.42,413.0964910333807
11,27.58,-96.58,420.6692158092152
11,27.58,-96.25,397.3938251842152
11,27.58,-96.08,402.6587829589844
11,27.58,-95.92,398.2855737859553
11,27.58,-95.58,407.6701049804687
11,27.58,-95.42,413.1395249800249
11,27.58,-95.25,411.5207977294922
11,27.58,-95.08,412.38144475763494
11,27.58,-94.92,415.8572429310192
11,27.58,-94.75,418.97570384632456
11,27.58,-94.58,412.7322623512962
11,27.58,-94.42,413.2302343195135
11,27.58,-94.08,415.5112443403765
11,27.58,-93.92,422.1141759699041
11,27.58,-93.58,423.5847889293324
11,27.58,-93.42,426.7177165638317
11,27.58,-93.25,430.5325192538175
11,27.58,-93.08,431.7654363458807
11,27.58,-92.08,432.0378945090554
11,27.75,-96.42,418.20569402521306
11,27.75,-95.25,415.2966031161222
11,27.75,-94.42,423.4162764115767
11,27.75,-93.08,436.1707833030007
11,27.75,-92.75,433.4604700261896
11,27.75,-92.58,436.30340298739344
11,27.75,-92.42,436.3328829678622
11,27.75,-92.08,429.93389615145594
11,27.75,-91.92,433.0088833895597
11,27.75,-91.58,434.2666972767223
11,27.75,-90.58,437.60680597478694
11,27.92,-96.58,500.49269797585225
11,27.92,-96.42,461.24391035600144
11,27.92,-96.08,398.7970893166282
11,27.92,-95.92,396.0122486461293
11,27.92,-95.58,397.58219770951706
11,27.92,-95.42,396.9284931529652
11,27.92,-94.25,415.3188643022017
11,27.92,-93.08,440.1893393776634
11,27.92,-92.08,430.50796924937856
11,27.92,-91.42,432.4185985218395
11,27.92,-91.25,433.6372320001776
11,27.92,-91.08,436.50373979048294
11,27.92,-90.75,439.8124042857777
11,27.92,-90.58,441.1392655806108
11,28.08,-95.42,393.8230431296609
11,28.08,-95.08,384.48491738059306
11,28.08,-94.92,392.119780106978
11,28.08,-94.58,389.9482588334517
11,28.08,-94.42,386.86517333984375
11,28.08,-94.08,395.0046844482422
11,28.08,-93.08,425.754619251598
11,28.08,-92.08,422.5189639004794
11,28.08,-91.08,445.9631638960405
11,28.08,-90.92,440.43477977405894
11,28.08,-90.58,444.4025962136009
11,28.25,-95.58,448.9135312167081
11,28.25,-95.42,427.872876253995
11,28.25,-94.75,396.3333421186967
11,28.25,-94.25,393.7694507945667
11,28.25,-94.08,389.1681296608665
11,28.25,-93.75,396.2486391934481
11,28.25,-93.58,399.20741271972656
11,28.25,-93.42,396.1403864080256
11,28.25,-93.08,395.43863331187856
11,28.25,-92.92,403.2581856467507
11,28.25,-92.08,401.5940510142933
11,28.25,-91.58,417.9818004261364
11,28.25,-91.25,439.10235873135656
11,28.25,-90.58,448.0307894620028
11,28.25,-64.42,232.9369492964311
11,28.42,-95.58,515.8741385719993
11,28.42,-94.75,408.6215889670632
11,28.42,-94.08,400.8676355535334
11,28.42,-93.08,385.8760417591442
11,28.42,-92.58,390.55276766690343
11,28.42,-92.42,394.7903317538175
11,28.42,-92.25,393.2346649169922
11,28.42,-92.08,398.4949923428622
11,28.42,-91.75,422.83171636408025
11,28.42,-90.58,489.4063998135653
11,28.58,-95.58,630.2359730113636
11,28.58,-94.92,455.87677279385656
11,28.58,-94.08,414.5885273326527
11,28.58,-93.08,412.7379580411044
11,28.58,-92.08,442.4986169988459
11,28.58,-90.58,580.5391249223189
11,28.75,-94.92,536.2349201549183
11,28.75,-94.08,458.441255049272
11,28.75,-93.08,432.5487129905007
11,28.75,-92.08,511.82763671875
11,28.75,-90.58,714.1477064652877
11,28.92,-94.92,646.1343397660689
11,28.92,-94.08,492.7832558371804
11,28.92,-93.08,479.0335721102628
11,28.92,-92.08,575.2686365300959
11,28.92,-90.58,838.0241865678267
11,29.08,-94.92,716.6553649902344
11,29.08,-94.08,572.145116632635
11,29.08,-93.08,505.9625618674538
11,29.08,-92.08,728.5260037508878
11,29.25,-94.08,683.1918806596236
11,29.25,-93.08,592.6017345081676
11,29.42,-94.08,813.0619007457386
11,29.42,-93.08,707.4841724742543
11,29.75,-64.92,250.4965397227894
11,30.58,-147.42,318.24983631480825
11,30.58,-143.08,311.1938490434126
11,31.08,-81.08,764.6247308904475
11,31.08,-80.92,633.0269511829723
11,31.08,-79.75,417.6345311945135
11,31.25,-81.08,780.0434695157138
11,31.42,-80.92,675.4148004705256
11,31.58,-136.92,296.6141225641424
11,33.42,-118.58,609.61651611328125
11,33.42,-64.42,293.29243954745203
11,34.58,-64.42,310.34318750554866
11,46.92,-62.58,463.48718816583806
11,47.58,-64.08,497.17972217906606
12,-76.58,-178.08,1024.4470764160155
12,-76.58,169.08,1255.3228302001953
12,-76.58,171.92,1360.098788174716
12,-76.58,172.42,1346.3897677334871
12,-76.58,175.92,1264.8145585493608
12,-69.92,-85.58,722.987070719401
12,-69.92,-85.42,696.2818196614584
12,-69.92,-85.25,658.49383544921875
12,-69.75,-85.25,677.4149856567383
12,-69.75,-85.08,644.0915188259548
12,-69.58,-85.25,681.0607503255209
12,-69.58,-85.08,690.1878763834635
12,-69.42,-85.25,668.9963195800781
12,-69.42,-85.08,693.5070983886719
12,-69.25,-85.08,610.199721116286
12,-69.08,-85.25,587.0277364095052
12,-69.08,-85.08,590.2125345865885
12,-68.42,-85.08,661.7569403397409
12,-68.42,-84.92,677.8967253032483
12,-68.25,-85.08,684.4612876490543
12,-68.08,-85.08,676.1307250976563
12,-67.92,-85.08,650.5936177571615
12,-67.75,-85.08,626.0339617047991
12,-67.58,-85.08,658.2937999906994
12,-64.92,-169.42,588.9193850430576
12,-64.42,-169.42,586.4982604980469
12,-63.25,-170.08,604.1023781516335
12,-63.25,-169.92,602.9267259077592
12,-62.58,-169.92,605.7990764271129
12,-61.92,-168.92,601.1988095370206
12,-61.08,-169.42,571.4120608243076
12,-60.42,-170.25,624.8389490300959
12,-56.92,-170.42,568.991249778054
12,-55.92,-171.92,604.0837873979049
12,-54.42,-173.42,650.7090329256924
12,-53.08,-174.92,665.5056193958629
12,-53.08,-174.75,668.0432045676491
12,-49.42,2.08,612.9015891335227
12,-47.08,4.42,691.582949551669
12,-33.92,17.08,745.1502324884588
12,-32.92,16.42,741.2064361572266
12,-32.58,17.58,1600.8851151899858
12,-31.08,15.25,641.6894198330966
12,-30.08,16.92,1664.090243252841
12,-29.58,16.42,1579.6253273703835
12,-29.58,16.58,1677.0839566317472
12,-20.08,79.92,371.4963406649503
12,-19.08,79.92,388.84086470170456
12,-17.08,79.92,437.2537564364347
12,-15.08,79.92,464.4956040815874
12,-13.25,79.92,472.7948719371449
12,-12.08,79.92,472.169960715554
12,-10.08,79.92,455.5634002685547
12,-7.08,79.92,471.79080616344106
12,-5.08,79.92,483.13333546031606
12,-4.08,79.92,489.7473519065163
12,-1.42,79.92,508.718056418679
12,-0.42,79.92,524.512021151456
12,0.42,79.92,544.4992731267756
12,1.92,79.92,527.6710732199929
12,3.58,79.92,543.1808138760654
12,5.08,79.92,547.8439996892756
12,5.58,79.92,556.1935494162819
12,5.75,79.92,570.5793318314986
12,7.92,66.75,514.0651189630681
12,7.92,66.92,509.75377863103694
12,10.08,65.42,555.0673717151989
12,11.92,64.42,627.7568511962891
12,11.92,66.92,549.8606012517756
12,12.42,154.92,335.1708526611328
12,13.92,63.08,660.9293240633878
12,14.08,66.92,557.060302734375
12,15.92,61.92,645.9684420498935
12,16.42,61.58,632.8441689231179
12,16.58,61.42,634.0555156360973
12,17.08,61.42,629.7052473588424
12,19.92,149.92,349.4856442538175
12,19.92,154.92,342.9608917236328
12,21.42,118.42,422.101694280451
12,22.92,159.92,323.85864812677556
12,22.92,179.92,335.2975352894176
12,27.42,-155.08,342.6935438676314
12,28.42,154.92,325.5208767977628
12,29.42,-141.08,289.19279757413
12,30.08,-134.58,275.8588589754972
12,31.58,-123.58,343.4057631059126
12,33.42,-118.58,547.1278483072916
12,47.58,-64.08,422.28953205455434
12,47.58,-60.08,313.55365475741297
