month,lat01,lon01,mean_PAR
1,-78.08,-176.42,34.848544645309445
1,-76.58,-178.25,34.18376078256747
1,-76.58,-178.08,34.202345964385245
1,-76.58,168.92,41.05525224049886
1,-76.58,175.92,37.06344751878218
1,-76.58,176.08,37.011237534609705
1,-76.58,176.92,36.77973444708462
1,-74.08,176.92,36.396766253880095
1,-69.42,-76.42,30.63310175928576
1,-68.92,-77.25,31.450814411557953
1,-68.42,-78.42,32.18179601355444
1,-68.42,-75.25,31.618490755558017
1,-67.92,-76.42,32.05117790322555
1,-67.92,-73.42,33.47724497145501
1,-67.92,-70.08,29.04660960038503
1,-67.58,-71.08,34.52602180838585
1,-67.42,-74.58,33.06905665397644
1,-67.25,-71.58,35.02150297164917
1,-67.08,-69.08,35.67152907631614
1,-66.75,-72.92,33.14140475392342
1,-66.58,-69.58,34.26516972647773
1,-66.08,-68.42,35.838152188521164
1,-65.92,-71.58,35.20820855505673
1,-65.58,-66.42,34.188414573669434
1,-65.42,-69.92,35.42059242725372
1,-65.42,-66.92,34.69555174509684
1,-65.42,52.92,38.07869842529297
1,-65.42,53.08,37.82153221130371
1,-65.08,-67.08,35.946736496764345
1,-65.08,-64.75,35.191848564147946
1,-65.08,-64.58,29.308474949428017
1,-64.92,52.92,35.94694398853877
1,-64.75,-68.42,35.03335013212981
1,-64.08,-64.08,33.330120680067274
1,-63.58,53.58,35.318680654872544
1,-62.25,53.92,36.34641920436513
1,-60.25,54.58,36.50365200909701
1,-58.42,55.08,36.524509798396714
1,-56.42,55.58,36.48878251422536
1,-54.08,56.42,36.46939060904763
1,-50.92,57.42,39.93461249091408
1,-48.75,57.75,41.61415780674327
1,-48.08,57.58,42.06241958791559
1,-45.08,57.58,43.59231129559603
1,-43.08,8.42,46.14810115640814
1,-42.25,57.58,47.229703729802914
1,-40.42,57.58,50.75750502673063
1,-38.42,57.58,53.03608989715576
1,-36.42,57.42,53.43637444756248
1,-35.08,57.25,54.76591459187594
1,-32.25,57.08,55.4634830084714
1,-30.42,55.08,54.37722682952881
1,-23.08,-120.08,59.23015360398726
1,-23.08,-100.08,59.12309650941329
1,27.92,-155.08,26.547639987685464
1,33.42,-118.58,24.519952503117647
1,45.25,-1.58,10.155843946066769
1,45.42,-2.08,9.964088223197244
1,45.42,-1.92,9.991781554438852
1,45.42,-1.75,9.995946266434409
1,45.42,-1.58,9.951270125129009
1,45.42,-1.42,10.028934858062051
1,45.58,-2.58,9.833082610910589
1,45.58,-1.92,10.01173025098714
1,45.58,-1.58,9.997946219010789
1,45.75,-2.25,9.92208264090798
1,45.75,-1.75,10.054503072391856
1,45.92,-2.42,9.789679256352512
1,45.92,-2.08,9.899224649776112
1,45.92,-1.92,9.948094042864712
1,46.08,-2.92,9.526105284690855
1,46.08,-2.58,9.595281438394029
1,46.08,-1.92,9.9235200854865
1,46.25,-2.42,9.773054112087596
1,46.25,-2.08,9.735275769775564
2,-78.08,-176.08,24.43081061542034
2,-76.58,-178.42,19.01870735271557
2,-76.58,-178.08,18.67372077220195
2,-66.25,-168.92,19.81942039444333
2,-64.92,-169.42,20.78475386755807
2,-63.25,-170.08,22.274920531681605
2,-60.42,-170.25,24.786486103421165
2,-58.58,-170.08,26.440646898178827
2,-57.08,-170.42,27.852498372395832
2,-53.08,-174.92,31.348605201357888
2,-2.08,-140.25,56.536606788635254
2,-1.25,-140.58,56.78489848545619
2,-1.08,-140.42,56.71118986038935
2,-1.08,-140.08,56.46408903031122
2,-0.08,-140.58,56.149434135073705
2,-0.08,-140.42,56.291595413571315
2,-0.08,-140.25,56.5997375306629
2,0.92,-140.42,55.71326128641764
2,1.08,-140.42,55.14551744006929
2,1.08,-140.08,54.86654717581613
2,1.25,-140.42,54.642059008280434
2,1.75,-140.08,53.5466244107201
2,1.92,-140.08,52.68602893466041
2,2.92,-140.08,50.626159872327534
2,4.92,-140.08,44.30257022948492
2,6.92,-140.08,40.39985570453462
2,9.08,-140.25,43.16307617369152
2,11.92,-140.08,43.62088607606434
2,27.92,-155.08,33.94698031743368
2,27.92,154.92,33.24899839219593
2,33.42,-118.58,32.95217098508562
2,44.92,-2.08,19.256093070620583
2,44.92,-1.92,19.27674170902797
2,44.92,-1.58,19.363670371827624
2,45.08,-2.42,19.009104898997716
2,45.08,-2.08,19.18930737177531
2,45.08,-1.58,19.359950133732383
2,45.25,-1.92,19.207819212050666
2,45.25,-1.58,19.180253721418836
2,45.42,-2.08,19.028563147499447
2,45.42,-1.92,18.965277705873763
2,45.42,-1.75,18.97699192592076
2,45.42,-1.58,19.00828942798433
2,45.42,-1.42,19.02231916927156
2,45.58,-2.25,18.829021635509672
2,45.58,-2.08,18.93537284079052
2,45.58,-1.58,18.86989070120312
2,45.75,-1.75,18.80033112707592
2,48.42,-126.92,15.052021265029907
2,48.92,-130.92,14.065741567384627
2,49.08,-138.92,13.658307001704262
2,49.42,-138.92,13.236574939319066
2,49.58,-142.58,12.956670170738583
2,49.92,-145.08,12.433205842971802
2,49.92,-134.92,13.341711787950423
3,-71.42,-166.08,7.293078672054202
3,-70.58,-166.08,7.239526560432033
3,-69.42,-168.58,7.675145110776348
3,-67.58,-170.08,8.147670062971704
3,-66.25,-169.92,8.525226285658688
3,-64.92,-169.42,9.646672059254474
3,-63.25,-170.08,10.701449302305658
3,-61.92,-170.25,11.96166006341038
3,-57.58,-0.08,15.015937454729196
3,-55.58,-0.08,16.08917236328125
3,-54.42,-173.42,19.239690539348555
3,-51.92,-0.08,17.807401266442724
3,-50.42,1.08,18.96585336937962
3,-49.08,2.58,19.77000376689865
3,-47.58,4.25,21.072130387087903
3,-46.08,5.75,22.63632319346968
3,-45.08,6.42,23.853666788124176
3,-44.92,6.58,24.05177518545863
3,-42.58,8.75,27.40600418182741
3,-41.25,9.75,28.957064456250293
3,-36.58,12.92,37.11653463524508
3,-34.58,14.25,40.36998666050923
3,-26.58,94.92,43.322510868669994
3,-24.92,94.92,45.17986044826278
3,-22.58,94.92,45.84804102886154
3,-20.92,94.92,47.26733039947877
3,-17.58,94.92,47.355294606771814
3,-12.42,-134.92,52.73293906522085
3,-12.25,-135.08,52.451403100806544
3,-12.25,-134.92,52.39622828472091
3,-12.25,-134.58,52.66314991410956
3,-12.08,-135.08,52.64190908225186
3,-9.08,-137.42,52.05625193952078
3,-7.08,-80.92,55.36444555994976
3,-5.25,-140.25,52.497126062232326
3,-5.25,-140.08,52.74292734444859
3,-5.08,-140.08,52.65299946428782
3,-3.42,-80.92,55.17084273372788
3,-3.08,-140.08,52.751631771225526
3,-3.08,-80.92,54.26191495412804
3,-2.92,-80.92,53.73157174903226
3,-2.58,-81.25,54.0296441503318
3,-2.42,-81.42,53.84264396759401
3,-2.08,-140.92,54.3963909838573
3,-2.08,-140.58,54.54180655421981
3,-0.58,-80.92,51.76463800453278
3,-0.42,-80.75,51.25420995505459
3,-0.08,-80.75,49.846306398690466
3,0.08,-80.75,49.357824256621214
3,0.58,-80.42,47.973462851650744
3,1.42,-79.58,48.18246896582914
3,1.58,-79.42,48.11795080713479
3,1.92,-79.25,47.98027594692736
3,2.42,-79.08,47.33533050353269
3,2.92,-78.75,46.772197815309084
3,3.08,-78.42,47.85084853114852
3,3.25,-78.42,46.67320993722203
3,3.58,-78.08,46.03877046883824
3,4.08,-77.92,44.74776996474668
3,4.25,-77.92,44.53550495009824
3,4.58,-78.08,42.77979425637119
3,5.58,-78.08,42.56366162127759
3,5.92,-78.42,44.597613828728
3,6.92,-78.75,49.88372779754271
3,7.25,-78.92,51.883469087531765
3,7.58,-79.08,53.893023525375916
3,7.92,-79.08,54.15586673782533
3,9.92,64.75,55.572041752826735
3,14.42,64.75,55.87287944196218
3,14.58,64.08,55.92399951061571
3,15.08,63.42,55.82871025728892
3,15.25,68.58,55.3626319241811
3,15.92,61.92,55.81694531727986
3,18.08,67.42,54.85468627745847
3,19.08,66.92,54.51871623763119
3,19.08,67.08,54.42766212555299
3,28.42,-91.08,42.564547297466234
3,28.42,-90.92,42.455257760473046
3,28.42,-90.75,42.68808937072754
3,28.42,-90.58,43.17603506524879
3,28.58,-92.42,42.69739061378571
3,28.58,-92.25,42.75512545941824
3,28.58,-92.08,42.614469045616055
3,28.58,-91.92,42.58689050789339
3,28.58,-91.58,42.67194488249629
3,28.58,-91.42,42.738366253404735
3,28.58,-91.08,42.452956532857506
3,28.58,-90.92,42.30863752709814
3,28.58,-90.75,42.59502318968256
3,28.58,-90.58,42.86420374031527
3,28.75,-92.58,42.46839681878147
3,28.75,-92.42,42.760444824954114
3,28.75,-92.25,42.80331825348268
3,28.75,-92.08,42.55449874142566
3,28.75,-91.92,42.413354207234214
3,28.75,-90.58,42.70953509319259
3,28.75,-90.42,42.901649635958385
3,28.92,-93.08,41.78140833291663
3,28.92,-92.58,42.08317363693053
3,28.92,-92.42,42.38734203936106
3,28.92,-92.25,42.45273976153638
3,28.92,-92.08,42.63204101194818
3,28.92,-91.92,42.5948423132839
3,28.92,-91.58,42.42206522930099
3,28.92,-90.75,42.93327572834061
3,28.92,-90.58,42.88984792778291
3,28.92,-90.08,43.36533629176128
3,28.92,-89.92,43.12322807312012
3,28.92,-89.75,43.03962535168751
3,28.92,-89.58,42.71113133717732
3,29.08,-93.08,41.34518568199801
3,29.08,-92.92,41.59903482643955
3,29.08,-92.75,41.552902198699584
3,29.08,-92.58,41.63737841686571
3,29.08,-92.42,41.77137255381389
3,29.08,-89.92,43.29024606727692
3,33.42,-118.58,43.15657114695354
3,45.08,-1.58,31.85669113067259
3,45.25,-1.58,31.426118597926862
3,45.42,-1.92,31.12152243235025
3,45.42,-1.75,31.147829653268836
3,45.42,-1.58,31.133889853236187
3,45.58,-2.08,31.226383645850493
3,45.58,-1.92,31.216871698218657
3,45.75,-2.42,31.13175756385527
3,45.75,-2.08,30.988395966679217
3,45.75,-1.75,30.843058528670344
3,45.92,-2.42,30.94861278763737
3,45.92,-1.92,30.746739330061946
3,45.92,-1.58,30.5462815732841
3,46.08,-2.42,30.601980140410273
3,46.08,-2.25,30.710865503334137
3,46.08,-1.92,30.848926096077424
3,46.25,-1.92,30.606781580361975
3,46.42,-2.42,30.66252844017672
3,48.42,-126.92,25.851197001445723
3,48.92,-130.92,25.438389743667052
3,49.08,-138.92,24.517443714371648
3,49.42,-138.92,23.91563662563462
3,49.58,-0.42,26.26801603386201
3,49.92,-145.08,22.985232870262788
3,49.92,-134.92,24.582022011998188
3,57.92,-147.92,20.04688342220812
3,58.08,-148.08,19.955443669514484
3,58.25,-148.25,19.72135312873197
3,58.42,-148.42,19.496823241911738
3,58.58,-148.58,19.433720600174137
3,58.92,-148.92,19.510172614132067
3,58.92,-148.75,19.586341225957295
3,58.92,-148.08,19.72680521585855
3,59.08,-149.08,19.44990140845977
3,59.08,-148.92,19.445238779826337
3,59.08,-148.08,19.586154409201747
3,59.25,-149.25,19.33339529152376
3,59.25,-148.08,19.36714834190277
3,59.42,-149.42,19.273913515619483
3,59.42,-149.25,19.144124306828143
3,59.42,-148.92,19.16667857802058
3,59.42,-148.08,19.08577487554895
3,59.58,-149.42,19.099723023428044
3,59.58,-148.92,20.483953885864793
3,59.58,-148.08,20.398793343341712
4,-47.08,-50.42,15.334475189892212
4,-41.58,9.58,19.52446800915163
4,-40.08,10.58,21.64702779855301
4,-31.42,43.92,31.67630431901163
4,-15.42,94.92,42.0365210291165
4,-13.75,94.92,40.983506444674816
4,-11.58,94.92,42.44391689015858
4,-10.42,94.92,42.997580884107904
4,-8.42,94.92,43.65299842606729
4,-6.75,94.92,43.61851376206128
4,-4.58,94.75,45.74461085760771
4,-3.25,94.25,45.76799170650653
4,-2.42,93.92,44.83485734284814
4,0.42,92.92,45.56993925749366
4,1.25,92.08,45.74171521770421
4,2.92,91.58,45.830939477949
4,4.92,90.42,46.15832029883541
4,6.42,89.08,46.657596075712746
4,7.92,88.08,49.32773777975965
4,9.42,86.92,51.41420076854193
4,10.58,87.08,53.38523830584626
4,12.58,88.42,54.84872356813345
4,14.42,-109.42,54.68714124764969
4,14.42,89.42,55.70815687037226
4,15.42,-110.08,54.395469893270466
4,16.42,-107.25,56.24349178485016
4,16.58,60.42,58.28814139294981
4,16.92,89.58,55.31832771870627
4,17.08,59.58,58.39643979428419
4,17.42,-106.08,56.57364136425417
4,17.58,58.92,58.35576048893715
4,17.75,-103.92,57.92382823887156
4,17.92,-110.08,55.20468606521834
4,17.92,57.92,58.16111886323388
4,18.25,57.08,58.17132796102495
4,18.42,-110.08,55.402992419342496
4,18.42,-104.58,57.808074438749856
4,18.58,-104.25,58.05032086728224
4,19.58,-105.92,57.50020889737713
4,19.92,-106.25,57.540529222630745
4,19.92,-106.08,57.60753722689045
4,20.58,-106.25,57.81897712821391
4,20.92,-110.08,56.00591756336725
4,22.58,-110.92,55.69546184255116
4,27.42,-93.08,50.48919330426117
4,27.42,-92.08,50.32256653059775
4,27.58,-94.42,48.63851370740293
4,27.58,-94.08,48.94313314067784
4,27.58,-93.92,49.121245313046586
4,27.58,-93.58,49.18938705102721
4,27.58,-93.42,49.701021393733235
4,27.58,-93.25,50.36367046299265
4,27.58,-93.08,50.15355881648277
4,27.58,-92.08,50.288976811650976
4,27.58,-90.58,50.00102905728924
4,27.75,-93.08,49.79766350361838
4,27.75,-92.75,49.98176805296941
4,27.75,-92.58,50.3812678892221
4,27.75,-92.42,50.46511897756093
4,27.75,-92.08,50.06890231459888
4,27.75,-91.92,49.98986463404413
4,27.75,-90.58,49.878775582384705
4,27.92,-94.25,48.01163346020144
4,27.92,-93.08,49.5370293232932
4,27.92,-92.08,49.68245466431575
4,27.92,-91.42,50.0944772691869
4,27.92,-91.25,50.00240983535994
4,27.92,-91.08,49.63974565534449
4,27.92,-90.75,49.90381297780507
4,27.92,-90.58,49.76681991121662
4,28.08,-93.08,49.4130444882521
4,28.08,-92.08,49.76084250834451
4,28.08,-90.58,49.449737975846475
4,28.25,-94.75,47.48120071638876
4,28.25,-93.08,49.08302147708722
4,28.25,-92.08,49.50498461367479
4,28.25,-90.58,49.91722303362035
4,28.42,-93.08,49.05917859433302
4,28.42,-92.08,49.65545418013388
4,28.42,-91.25,49.77885721690619
4,28.42,-91.08,49.78046192339997
4,28.42,-90.92,49.65679034902089
4,28.42,-90.75,50.11743189683601
4,28.42,-90.58,50.29223806466629
4,28.42,-89.92,50.618506559685095
4,28.58,-94.08,47.96492425719304
4,28.58,-93.08,48.997417165272275
4,28.58,-92.42,48.65110397338867
4,28.58,-92.25,49.10976791381836
4,28.58,-92.08,49.53777523894808
4,28.58,-91.92,49.8219545848334
4,28.58,-91.75,49.797387507424425
4,28.58,-91.58,49.8471113745846
4,28.58,-91.42,49.96413339073978
4,28.58,-91.25,49.771514209348766
4,28.58,-91.08,49.72663375512877
4,28.58,-90.92,49.76841707371954
4,28.58,-90.75,50.08541699309847
4,28.58,-90.58,50.38877546965186
4,28.58,-90.42,50.43799198207571
4,28.58,-90.08,50.443484434440954
4,28.58,-89.75,50.636543900219365
4,28.58,-89.58,50.39597702026367
4,28.75,-94.08,47.967917029537375
4,28.75,-93.08,48.72935747744432
4,28.75,-92.58,48.94583482884649
4,28.75,-92.42,49.223656184637726
4,28.75,-92.25,49.390827463633975
4,28.75,-92.08,49.65380506373163
4,28.75,-91.92,49.912790782416046
4,28.75,-91.58,50.169238190152754
4,28.75,-90.58,50.17630545772723
4,28.75,-90.42,50.314477351174425
4,28.75,-90.08,50.6950068972004
4,28.75,-89.92,50.82705147586652
4,28.75,-89.75,50.85605894629635
4,28.92,-94.08,47.412043841917125
4,28.92,-93.25,48.568469574202354
4,28.92,-93.08,48.53476794797983
4,28.92,-92.58,48.814178381393205
4,28.92,-92.42,49.12749162360804
4,28.92,-92.25,49.2608425368124
4,28.92,-92.08,49.5994767146324
4,28.92,-91.92,49.865364871807955
4,28.92,-91.75,50.2256411082709
4,28.92,-91.58,50.53423081583052
4,28.92,-90.75,49.599909711239945
4,28.92,-90.58,49.80590205406075
4,28.92,-89.92,50.649148400150125
4,28.92,-89.75,50.71026047663902
4,28.92,-89.58,50.56699166369082
4,29.08,-94.08,47.16080537482874
4,29.08,-93.08,48.27241692614199
4,29.08,-92.92,48.5036855669164
4,29.08,-92.75,48.708200853262376
4,29.08,-92.58,48.717208122139546
4,29.08,-92.42,48.735036622232464
4,29.08,-92.08,49.722499221118525
4,29.25,-94.08,47.25836526102095
4,29.25,-93.08,48.39646157222008
4,29.42,-94.08,46.74032735112888
4,29.42,-93.08,48.44397701434235
4,31.08,-79.75,49.70040193244593
4,33.42,-118.58,50.88408119998761
4,36.25,-72.08,42.15234964285324
4,37.08,-76.42,43.693887169681375
4,43.58,-2.08,41.171289785584406
4,43.58,-1.92,40.85037968763665
4,43.92,-2.42,42.56370777870292
4,43.92,-1.92,42.56711854507674
4,44.42,-2.42,42.674491341434305
4,44.42,-1.92,42.96227514921729
4,44.75,-2.42,42.59165584507273
4,44.75,-1.92,42.964909112275535
4,44.92,-3.08,42.73859576324919
4,44.92,-2.08,43.48276744671722
4,44.92,-1.92,43.49273784125029
4,44.92,-1.58,43.29472997295323
4,45.08,-3.58,42.12560357620467
4,45.08,-2.58,43.358998996108326
4,45.08,-2.42,43.24877485588415
4,45.08,-2.25,43.36763330715806
4,45.08,-2.08,43.53543179070772
4,45.08,-1.92,43.52005890234193
4,45.08,-1.58,43.55149940946209
4,45.25,-2.08,43.47607382019954
4,45.25,-1.92,43.52273773079488
4,45.25,-1.58,43.56128980152643
4,45.42,-2.92,42.94717771615555
4,45.42,-2.08,43.14700678925016
4,45.42,-1.92,43.109886824195065
4,45.42,-1.75,43.246103514486286
4,45.42,-1.42,43.32127542638067
4,45.58,-3.92,42.04460317697098
4,45.58,-2.25,43.02488708496094
4,45.58,-2.08,43.28990950513242
4,45.58,-1.75,43.455827029783336
4,45.58,-1.58,43.11212593761843
4,45.75,-3.25,42.56340209049965
4,45.92,-1.75,43.29277488366881
4,46.08,-2.58,42.85859631780368
4,46.92,-62.58,39.92218233744303
4,47.58,-64.08,38.58993128876188
4,49.42,-0.42,39.64514809224143
4,49.58,-66.08,40.806481830144335
4,49.58,-62.08,39.70808044744997
4,58.25,-148.25,31.689654933872507
4,58.42,-148.42,31.46775988678434
4,58.58,-148.58,31.279781939378424
4,58.92,-148.92,30.92999859710238
4,58.92,-148.75,31.196961217851783
4,59.08,-149.08,30.826894076902477
4,59.25,-149.08,30.83704324978501
4,59.42,-149.42,30.025998272112947
4,59.42,-149.25,30.15502832896674
4,59.42,-149.08,30.16329674222576
4,59.58,-149.42,29.61980441079211
4,59.58,-149.08,29.80002818890472
5,-45.42,38.58,10.366965698290477
5,-44.58,-40.58,11.147003747239898
5,-43.42,-45.42,13.187706355807148
5,-43.08,40.75,12.38342786137062
5,-41.08,-41.75,14.065035506139829
5,-39.92,43.92,14.971896280216264
5,-39.08,-38.75,15.742896309381798
5,-38.75,11.58,15.130073499075976
5,-37.92,-37.75,16.453149554095692
5,-36.92,43.92,18.09261166294919
5,-36.08,-34.92,18.010814147659495
5,-34.92,-33.75,19.18461187579964
5,-33.08,-31.08,20.625491504427753
5,-31.42,43.92,25.236055084421665
5,-30.92,-28.42,23.47852330268184
5,-29.58,-27.08,24.88780183429959
5,-28.25,-25.25,26.393953854524636
5,-26.25,-25.08,28.177295636527145
5,-24.42,-25.08,30.357258156885074
5,-21.75,-25.08,33.72339702557914
5,-21.08,-25.08,34.660371756251855
5,-16.75,-25.08,38.73334722881076
5,-14.08,-25.08,41.44136008733435
5,-12.42,-25.08,42.17200520672375
5,-10.75,-25.08,43.89756866648227
5,-4.58,-25.08,45.79683468009852
5,-2.42,-25.08,45.914505149744734
5,-0.25,-25.08,48.29174616367002
5,7.08,-27.92,47.75452461725549
5,11.25,-29.58,51.896695631968825
5,14.58,-30.92,52.0845879663395
5,18.58,-32.42,55.5098094215876
5,22.08,-33.92,56.34256242196771
5,24.92,133.92,48.22662619095814
5,25.92,-97.08,54.90292343912245
5,25.92,-96.92,55.28977184054218
5,25.92,-96.75,55.16907559165472
5,25.92,-96.58,55.07985397532016
5,25.92,-96.42,54.60824000684521
5,25.92,-96.25,54.230271592924865
5,25.92,-96.08,54.691948902757865
5,26.08,-96.42,54.681126558327975
5,26.42,-96.42,54.751638533193855
5,26.58,-96.58,54.196910954728914
5,26.75,-96.58,54.054189174990114
5,26.92,-96.58,54.01213242736044
5,26.92,-96.42,54.16793630092959
5,26.92,-96.25,54.33252498771571
5,26.92,-96.08,54.02455023270619
5,27.08,-97.42,52.84161347980741
5,27.08,-97.25,54.57584134838249
5,27.08,-97.08,54.32533495939231
5,27.08,-96.92,54.03434072566938
5,27.08,-96.75,54.01023951663247
5,27.08,-96.58,53.685576040533526
5,27.08,-96.42,53.941404559944246
5,27.25,-96.25,54.059189084209976
5,27.25,-95.75,53.82108171680306
5,27.42,-96.08,54.15734752220443
5,27.42,-95.92,54.047005472303944
5,27.42,-95.08,54.189126050924955
5,27.42,-94.42,54.75414524802679
5,27.58,-96.25,54.28414501721346
5,27.58,-96.08,54.50187301635742
5,27.58,-95.92,54.187018382398385
5,27.58,-95.58,54.04478459418574
5,27.58,-95.42,53.95187899432605
5,27.58,-95.25,53.97811372974251
5,27.58,-95.08,54.463372870336606
5,27.58,-94.92,54.55076517032671
5,27.58,-94.75,54.52893599980994
5,27.58,-94.58,54.57446136957483
5,27.58,-94.42,54.922113587584676
5,27.75,-96.42,53.9178095950356
5,27.75,-95.25,54.026220587235464
5,27.75,-94.42,54.669891623002066
5,27.92,-96.58,53.830246309690835
5,27.92,-96.42,54.06112603296207
5,27.92,-95.42,54.376771951023535
5,27.92,-94.25,54.61172765417944
5,28.08,-116.08,50.506714446635186
5,28.08,-95.42,54.76671513424644
5,28.08,-94.58,54.669278108620944
5,28.08,-94.08,55.01856284805491
5,28.25,-95.58,54.72868298880662
5,28.25,-95.42,54.72466432595555
5,28.25,-94.75,54.862575724155086
5,28.25,-94.08,55.0164045985741
5,28.42,-95.58,54.67171468614023
5,28.42,-94.75,54.5735180045985
5,28.42,-94.08,54.80362580697748
5,28.42,-91.25,55.768182923522176
5,28.42,-91.08,56.021638846095605
5,28.42,-90.92,56.2250814800021
5,28.42,-90.75,56.187189271178426
5,28.42,-90.58,56.22853745086284
5,28.58,-94.92,54.64922743205783
5,28.58,-92.42,56.1146388959281
5,28.58,-92.25,56.224182949790475
5,28.58,-92.08,56.031822349451765
5,28.58,-91.92,56.363069123859646
5,28.58,-91.75,56.12811332412913
5,28.58,-91.58,56.24405650851093
5,28.58,-91.42,55.93985390964943
5,28.58,-91.08,56.34473366073415
5,28.58,-90.92,56.09624017643023
5,28.58,-90.75,55.94215117828755
5,28.58,-90.58,55.99656281290175
5,28.58,-90.42,55.98153155363059
5,28.75,-94.92,54.177474347850946
5,28.75,-92.42,56.29421461081203
5,28.75,-92.25,56.4006198931344
5,28.75,-92.08,56.190246630318555
5,28.75,-91.92,56.14592346964003
5,28.75,-91.42,55.55392383623727
5,28.75,-90.58,55.75337282011781
5,28.75,-90.42,55.741291142717195
5,28.75,-90.25,55.715746722643885
5,28.92,-94.92,53.94466409803946
5,28.92,-93.08,55.56809461569484
5,28.92,-92.58,55.81836038903345
5,28.92,-92.42,56.0595372356946
5,28.92,-92.25,56.02949330776553
5,28.92,-92.08,55.98278398151639
5,28.92,-91.92,55.9089105823372
5,28.92,-91.58,55.42247429376916
5,28.92,-90.58,55.37654355206067
5,28.92,-90.25,55.33730953554563
5,28.92,-90.08,55.36894863466673
5,28.92,-89.92,55.42742379104035
5,28.92,-89.75,55.33246187620525
5,28.92,-89.58,55.28579055206685
5,29.08,-94.92,53.033163746701014
5,29.08,-94.58,53.96925286401676
5,29.08,-94.42,54.00896159304848
5,29.08,-92.58,55.87241744995117
5,29.08,-92.42,55.85007578209986
5,29.08,-89.75,54.96008184891713
5,29.08,-36.92,56.20534785789779
5,29.42,145.58,44.745081068594246
5,29.92,146.92,43.619923048381565
5,31.08,-80.42,55.26535405991952
5,31.08,-79.75,54.32098036174533
5,31.08,-32.75,55.80173999448366
5,31.08,-32.58,55.99797463718849
5,31.42,-120.42,49.67715767969059
5,31.92,123.92,45.12336615067494
5,32.58,-117.58,51.97721476494512
5,33.42,-118.58,53.34540427485599
5,33.92,147.58,41.99530951584442
5,33.92,151.92,43.111245553704755
5,35.58,-22.92,51.91975248312648
5,37.92,146.92,43.582461079464686
5,38.58,-20.08,50.035328442537335
5,41.92,-18.92,47.22736626637133
5,43.58,-2.08,49.098847691016864
5,43.58,-1.92,48.9691701478596
5,43.92,-2.42,50.5328854428062
5,43.92,-1.92,50.18170180501817
5,44.42,-2.42,51.096986698198926
5,44.42,-1.92,50.94172101081172
5,44.42,37.58,51.312828450263304
5,44.75,-2.42,50.73284772076184
5,44.75,-1.92,50.40191041970555
5,44.92,-3.08,50.95837894874283
5,44.92,-2.08,50.764961290963086
5,44.92,-1.92,50.59303732763363
5,45.08,-3.42,51.285145095632046
5,45.08,-2.58,50.91120171848732
5,45.08,-2.25,51.00665737103812
5,45.08,-2.08,50.968518558936786
5,45.08,-1.92,50.83653746979146
5,45.08,-1.58,50.43889115731928
5,45.25,-2.08,50.9227780692185
5,45.25,-1.75,50.902062862734255
5,45.25,-1.58,51.02084765856779
5,45.42,-2.92,51.00970193404186
5,45.42,-2.08,50.81552457205857
5,45.42,-1.92,50.917265445371214
5,45.42,-1.42,50.329467821724805
5,45.58,-3.92,50.988682614097115
5,45.58,-2.25,51.09414460387411
5,45.58,-2.08,50.83820801746996
5,45.58,-1.75,50.7510750686066
5,45.58,-1.58,50.68609406676474
5,45.92,-4.25,50.40192336070387
5,45.92,-1.75,50.452898266949234
5,46.08,-18.08,43.566340917273415
5,46.08,-17.92,43.39484700070152
5,46.08,-4.58,49.912796793104725
5,46.08,-3.58,50.59972719602947
5,46.08,-2.42,51.059151468397694
5,46.25,-18.08,43.35574582256848
5,46.25,-17.92,43.226568415195125
5,46.25,-17.42,43.2426636611359
5,46.25,-3.08,50.86578398113009
5,46.42,-18.08,43.126676318011704
5,46.42,-5.08,49.443385160422025
5,46.42,-3.92,49.772258565395695
5,46.58,-18.58,43.4496382701246
5,46.58,-5.08,49.42765764646892
5,46.58,-4.92,49.26065744327593
5,46.58,-3.42,50.667695492128786
5,46.75,-4.42,49.53925246226637
5,46.75,-3.58,50.11310673967193
5,46.92,-62.58,45.67088484462303
5,46.92,-5.75,48.53003091449979
5,46.92,-4.92,49.57326517225821
5,46.92,-4.25,49.93005619773382
5,46.92,-2.75,50.821815973595726
5,47.08,-6.08,48.015099972109255
5,47.08,-5.42,49.0411825300772
5,47.08,-3.92,50.200423518313634
5,47.08,-2.92,50.956208144562154
5,47.25,-6.58,48.23134074633634
5,47.25,-4.42,49.46026476123665
5,47.42,-7.42,47.07987845698489
5,47.42,-4.92,49.055258714700045
5,47.42,-4.08,49.71482202071178
5,47.58,-5.75,48.6386766071561
5,47.92,-6.42,47.91006877754308
5,48.08,-7.08,46.87836009641237
5,48.42,-126.92,44.60290418697309
5,48.92,-130.92,41.691575038282174
5,48.92,-16.58,43.251372421844096
5,49.08,-138.92,39.665486106389686
5,49.25,-59.92,44.004448637177674
5,49.42,-138.92,39.18454930752139
5,49.58,-0.42,46.28772682479665
5,49.58,-0.25,45.88494807859011
5,49.92,-145.08,37.94314411018468
5,49.92,-134.92,40.024884960319426
5,55.08,3.08,45.03242927261546
5,55.25,2.58,44.93925857543945
5,55.42,2.75,44.380828108968615
5,55.42,3.08,44.60778376422351
5,55.92,2.42,43.93954972375797
5,56.58,2.25,44.2651636630674
5,56.92,1.92,44.04213806345493
5,57.42,1.25,43.42653095873096
5,57.42,1.75,43.66358781162697
5,57.58,-147.58,38.699555457392826
5,57.92,-147.92,38.43091056920305
5,57.92,1.25,42.66079009333743
5,58.08,-148.08,38.54716356494759
5,58.25,-148.25,38.70557463923587
5,58.25,0.58,42.77037263218361
5,58.42,-148.42,39.1163785185995
5,58.42,0.92,42.24396089964275
5,58.42,1.25,41.99827768832822
5,58.58,-148.58,39.50503677657888
5,58.58,-148.42,39.326119121116925
5,58.75,0.58,42.10969512070282
5,58.92,-148.92,39.24120137661318
5,58.92,-148.75,39.275954234449166
5,59.08,-149.08,38.78682155850567
5,59.08,-148.92,38.75046696240389
5,59.08,-147.25,38.959884715985645
5,59.08,-0.08,41.84365728837025
5,59.08,0.25,42.15093557140495
5,59.25,-149.08,38.19114414649674
5,59.25,-147.25,38.55220145213453
5,59.25,0.58,42.136321538611305
5,59.42,-149.42,37.8522645974461
5,59.42,-149.25,37.96795415274705
5,59.42,-147.25,38.55956222437605
5,59.58,-149.42,37.325049219252186
5,59.58,-0.08,41.45066377181041
5,60.08,0.42,40.41437221478812
5,60.25,-0.08,39.71073261695573
5,60.58,0.25,39.516460587706746
5,60.75,0.92,39.88453020023394
5,60.92,0.25,38.68714450884469
5,60.92,0.58,39.18751185453391
5,64.92,-169.25,35.941341117576314
5,65.58,-168.92,40.28379042943319
5,65.58,-168.75,39.46848462975544
5,65.58,-168.58,37.34849838983445
5,67.42,-169.08,36.94411277770996
5,70.42,-167.58,32.691426685878206
5,70.42,-167.42,30.94631052017212
5,71.08,-162.25,30.784548377990724
5,71.42,-166.08,44.32324981689453
6,-36.42,13.08,15.22546192577907
6,8.42,-30.25,45.95691558292934
6,12.08,-32.42,50.90112436385382
6,14.25,-33.75,50.86049929119291
6,17.92,-35.92,54.346588543483186
6,19.92,159.92,57.038880825042725
6,23.92,136.92,55.33077934810093
6,24.08,140.08,56.48174935295468
6,27.75,-93.58,55.17386282057989
6,27.92,-155.08,58.11716611044748
6,27.92,-93.92,54.755195890154155
6,27.92,-93.42,55.34598768325079
6,28.08,-93.92,54.76159468151274
6,28.08,-93.08,55.02365412030901
6,28.25,-93.92,54.68957101731073
6,28.42,-94.08,54.417386531829834
6,28.42,-92.75,55.08137475876581
6,28.42,-91.08,54.631916182381765
6,28.42,-90.92,54.19412985302153
6,28.42,-90.58,54.087320963541664
6,28.58,-94.42,54.75596400669643
6,28.58,-94.08,54.498809019724526
6,28.58,-93.92,54.23732684907459
6,28.58,-92.58,54.98045185634068
6,28.58,-91.58,54.81226725805374
6,28.58,-91.42,54.3211243947347
6,28.58,-91.08,54.324398426782516
6,28.58,-90.92,54.210166477021716
6,28.58,-90.75,54.23343395051502
6,28.58,-90.58,54.12627892267136
6,28.58,-90.42,54.27679132279896
6,28.58,-90.08,54.37523167473929
6,28.58,-89.75,54.27785694031488
6,28.58,-89.58,54.16785031273251
6,28.75,-94.42,55.091529187701994
6,28.75,-94.25,54.78916041056315
6,28.75,-92.42,54.890124411810014
6,28.75,-92.08,55.382005873180574
6,28.75,-91.92,55.29507673354376
6,28.75,-90.58,54.2428032103039
6,28.75,-90.42,54.433190073285786
6,28.75,-89.92,54.04613045283726
6,28.75,-89.75,53.864826701936266
6,28.92,-94.58,54.83971949986049
6,28.92,-93.75,55.22479731695993
6,28.92,-93.58,55.17320773715065
6,28.92,-92.75,54.91059484935942
6,28.92,-92.08,55.71757702600388
6,28.92,-91.75,55.60917241232736
6,28.92,-91.58,54.840035574776785
6,28.92,-90.58,54.48586252757481
6,28.92,-89.92,53.92705286116827
6,28.92,-89.75,53.20569583347866
6,28.92,-89.58,53.16513032004947
6,29.08,-94.58,55.024065040406725
6,29.08,-93.92,55.06555277960641
6,29.08,-93.25,55.38919015157791
6,29.08,-89.75,53.08702884401594
6,30.92,-155.08,57.4330233165196
6,33.42,-118.58,53.28113630839757
6,34.92,159.92,42.5514931678772
6,37.08,-76.42,53.04479698907761
6,41.92,-10.42,54.80116004035587
6,41.92,-9.92,55.24154685792469
6,41.92,-9.58,55.62051732199533
6,41.92,-9.42,56.10095205761137
6,41.92,-9.25,56.11946973346529
6,41.92,-9.08,55.87303488595145
6,42.08,-9.42,55.96463671184721
6,42.08,-9.25,56.15946347372873
6,42.42,-9.42,55.452201661609465
6,42.58,-10.42,53.77261248089018
6,42.58,-9.92,54.142790930611746
6,42.58,-9.58,54.94721380869547
6,42.58,-9.42,55.114969798496794
6,42.75,-61.92,48.5187786874317
6,42.92,-10.42,52.60802314394997
6,42.92,-9.92,53.21068409511021
6,42.92,-9.58,54.01671972728911
6,43.58,-62.92,48.68967760176886
6,44.42,-19.58,48.601951599121094
6,44.92,-2.58,52.7457910719372
6,44.92,-2.42,52.7425350915818
6,44.92,-2.08,53.20453525724865
6,44.92,-1.92,53.21941012427921
6,44.92,-1.58,53.934082939511256
6,45.08,-2.42,52.908737636747816
6,45.08,-2.08,52.92260083698091
6,45.08,-1.58,54.0649816876366
6,45.25,-1.92,53.77740428561256
6,45.25,-1.58,54.24492200215658
6,45.42,-2.08,53.54751741318476
6,45.42,-1.92,53.47801717122396
6,45.42,-1.75,53.801648049127486
6,45.42,-1.58,54.00543417249407
6,45.42,-1.42,54.217422394525435
6,45.58,-2.25,53.745957374572754
6,45.58,-2.08,53.75876154218401
6,45.58,-1.75,53.75642799195789
6,45.92,-4.25,52.60846964518229
6,46.08,-4.58,52.67011842273531
6,46.42,-3.92,52.3944099062965
6,46.58,-3.42,53.01026103610084
6,46.75,-5.42,52.37302312396822
6,46.75,-3.58,52.6207078297933
6,46.92,-62.58,48.50412993204026
6,46.92,-14.08,47.13218341554914
6,46.92,-2.75,53.08922581445603
6,47.08,-2.92,53.02098710196359
6,47.42,159.92,37.20098100389753
6,47.58,-64.08,49.7896542322068
6,47.58,-60.08,45.63110592251732
6,49.58,-66.08,48.92126110621861
6,49.58,-62.08,48.26710035687401
6,70.92,-159.58,42.67093950159409
6,71.25,-158.25,40.256572008132935
6,71.25,-157.75,40.557284355163574
6,71.25,-154.42,34.001747131347656
6,71.42,-156.25,29.35899829864502
6,71.42,-155.92,29.711746215820312
6,71.42,-154.75,35.52374839782715
6,71.42,-154.08,37.1299991607666
6,71.58,-156.42,37.690500259399414
6,71.58,-155.92,37.81574821472168
6,71.58,-154.92,38.999000549316406
6,71.58,-154.75,37.85799980163574
6,71.58,-154.58,37.303749084472656
6,71.58,-154.42,37.191497802734375
6,71.75,-155.08,37.45724868774414
6,71.75,-154.92,37.173749923706055
6,71.92,-154.75,38.55674743652344
6,71.92,-154.58,38.650997161865234
6,72.08,-154.58,30.944997787475582
6,72.42,-154.58,16.451997756958008
7,-58.58,29.92,2.0900254015895454
7,-53.58,29.92,3.838374891064384
7,-48.08,29.92,6.859585274349559
7,-44.58,21.58,9.656227426095445
7,-43.08,29.92,11.216511623425918
7,-42.75,170.75,12.851443523710424
7,-42.08,21.08,12.034045658328315
7,-41.58,171.42,13.67759702422402
7,-41.42,171.08,13.603753230788492
7,-41.42,171.25,13.84612547267567
7,-41.25,170.92,13.86557712880048
7,-41.08,170.58,13.903051446784628
7,-36.58,18.92,18.92017395929857
7,-18.75,162.92,32.182722785256125
7,19.92,115.08,49.04890827699141
7,20.92,119.92,49.53154745968905
7,22.58,-158.08,56.2943885976618
7,27.58,-94.08,53.794758016412906
7,27.58,-93.92,53.89899665659125
7,27.58,-93.58,53.74317834594033
7,27.58,-93.42,53.74601364135742
7,27.58,-93.25,53.45114133574746
7,27.58,-93.08,53.10208450664174
7,27.58,-92.08,52.56009611216459
7,27.75,-94.08,53.67947933890603
7,27.75,-93.08,53.25846819444136
7,27.75,-92.75,52.88583469390869
7,27.75,-92.58,52.71369574286721
7,27.75,-92.42,52.799320524389096
7,27.75,-92.08,52.65006737275557
7,27.75,-91.92,52.57359294457869
7,27.75,-91.58,51.96029218760404
7,27.75,-90.58,51.42336013100364
7,27.92,-96.08,55.54808204824274
7,27.92,-95.92,55.45410182259299
7,27.92,-95.58,56.01166980916803
7,27.92,-94.08,53.896707187999375
7,27.92,-93.08,53.036232861605555
7,27.92,-92.08,52.7268488407135
7,27.92,-91.42,52.18307304382324
7,27.92,-91.25,52.20142277804288
7,27.92,-91.08,51.682598850943826
7,27.92,-90.75,51.4892491644079
7,27.92,-90.58,51.26344539902427
7,28.08,-95.08,54.7295221415433
7,28.08,-94.92,54.80444539677013
7,28.08,-94.58,54.11441148411144
7,28.08,-94.42,54.07509847120805
7,28.08,-93.08,52.80582072518089
7,28.08,-92.08,52.51470724019137
7,28.08,-91.08,52.0196581103585
7,28.08,-90.92,51.61403055624528
7,28.08,-90.58,51.591078996658325
7,28.25,-94.75,54.4071868983182
7,28.25,-94.25,53.754945581609554
7,28.25,-94.08,53.39942888780074
7,28.25,-93.75,52.76326933774081
7,28.25,-93.58,52.42391703345559
7,28.25,-93.42,52.621485623446375
7,28.25,-93.08,52.51364968039773
7,28.25,-92.92,52.469695177945226
7,28.25,-92.08,52.43829484419389
7,28.25,-91.58,52.1400163823908
7,28.25,-91.25,51.957434090701014
7,28.25,-90.58,51.55054755644365
7,28.42,-93.08,52.201155705885455
7,28.42,-92.58,52.35514365543019
7,28.42,-92.42,52.38025821339
7,28.42,-92.25,52.026786370710894
7,28.42,-92.08,52.179894187233664
7,28.42,-91.75,52.43285419724205
7,28.42,-91.58,52.173732259056784
7,28.42,-91.25,51.66879168423739
7,28.42,-91.08,51.67029465328563
7,28.42,-90.92,51.57810213349082
7,28.42,-90.75,51.287351694974035
7,28.42,-90.58,51.7449141849171
7,28.58,-93.08,51.63583434711803
7,28.58,-92.42,51.949371728030115
7,28.58,-92.25,51.99356486580589
7,28.58,-92.08,52.05076648972251
7,28.58,-91.92,52.1651924089952
7,28.58,-91.75,52.04949365962636
7,28.58,-91.58,51.93986608765342
7,28.58,-91.42,51.777596256949685
7,28.58,-91.08,51.70853051272306
7,28.58,-90.92,51.73728318647905
7,28.58,-90.75,51.68555589155717
7,28.58,-90.58,51.56260416724465
7,28.75,-93.58,52.28338284925981
7,28.75,-93.08,51.51522649418224
7,28.75,-92.92,51.64409906213934
7,28.75,-92.58,52.14381458542564
7,28.75,-92.42,51.92352511666038
7,28.75,-92.25,51.9972038269043
7,28.75,-92.08,51.84488580443642
7,28.75,-91.92,52.260970852591775
7,28.75,-91.58,51.54827211119912
7,28.75,-90.58,51.53612139008262
7,28.92,-93.92,52.81358454444192
7,28.92,-93.58,52.09320137717507
7,28.92,-93.42,51.508996746756814
7,28.92,-93.25,52.04130627892234
7,28.92,-93.08,51.6988488110629
7,28.92,-92.92,51.807828816500574
7,28.92,-92.75,52.409073396162555
7,28.92,-92.58,51.99951327930797
7,28.92,-92.42,51.81280058080499
7,28.92,-92.25,52.08128343928944
7,28.92,-92.08,51.76053361459212
7,28.92,-91.92,51.90247934514826
7,28.92,-91.75,51.64030346003446
7,28.92,-91.58,51.5728405605663
7,28.92,-90.58,51.178576079281896
7,28.92,-90.25,51.641152902082965
7,28.92,-90.08,51.65017253702337
7,29.08,-93.92,52.89954222332347
7,29.08,-93.58,52.92732893336903
7,29.08,-93.42,52.619650320573285
7,29.08,-93.25,52.47015844691884
7,29.08,-93.08,52.36480309746482
7,29.08,-92.92,52.34341439333829
7,29.08,-92.75,52.27960174733942
7,29.08,-92.58,52.29430341720581
7,29.08,-92.42,51.9487810568376
7,29.08,-92.08,51.59310724518516
7,29.25,-93.75,52.918340639634565
7,29.25,-93.58,53.39293709668246
7,29.25,-93.42,53.38735459067605
7,29.25,-93.25,52.685538898814805
7,29.25,-93.08,52.95411881533536
7,29.25,-92.92,52.68108443780379
7,29.25,-92.75,52.3284340988506
7,29.42,-93.75,53.18953639810736
7,29.42,-93.58,53.336922428824685
7,29.42,-93.42,53.08716110749678
7,29.42,-93.25,52.82866707715121
7,29.42,-93.08,52.42377519607544
7,29.42,-92.92,52.00946831703186
7,29.58,-93.58,53.08145692131736
7,29.58,-93.42,52.77166973460805
7,31.08,-80.92,55.645090319893576
7,31.08,-80.58,56.25334622643211
7,31.08,-79.75,54.00923813473094
7,31.25,-81.08,54.74955081939697
7,31.25,-80.92,55.856263637542725
7,31.42,-81.25,51.855831666426226
7,31.42,-80.92,55.3365081873807
7,31.42,-80.58,56.29972674629905
7,33.42,-118.58,55.5762975432656
7,37.08,-76.42,50.75563851269808
7,38.58,-73.08,54.3410249189897
7,42.58,-10.42,53.51764154434204
7,42.58,-9.92,54.48350563916293
7,42.92,-10.42,52.755025213414974
7,42.92,-9.92,53.52459036220204
7,42.92,-9.58,54.27447917244651
7,43.75,-125.08,51.76214668967507
7,43.92,-125.42,50.667544559998944
7,43.92,-124.58,53.19807321375067
7,44.08,-126.08,49.56360387802124
7,44.08,-125.42,50.327908299186014
7,44.25,-125.08,50.94083163954995
7,44.42,-125.42,49.6921893900091
7,44.42,37.75,56.4666444605047
7,44.58,-124.42,52.036772121082656
7,44.92,-125.42,48.58566680821505
7,44.92,-2.08,53.41743954745206
7,44.92,-1.92,53.72186617417769
7,45.08,-2.08,53.074783368544146
7,45.08,-1.58,54.03169267827814
7,45.25,-1.92,53.19315853985873
7,45.25,-1.58,53.9849198514765
7,45.42,-2.08,52.80543968894265
7,45.42,-1.92,53.12670694697987
7,45.42,-1.75,53.213673028078944
7,45.58,-2.25,53.09911879626188
7,45.58,-2.08,52.87938000939109
7,45.75,-1.75,52.91867815364491
7,46.58,-125.25,46.810805949297816
7,46.58,-124.58,48.714138464494184
7,46.92,-62.58,49.53507015921853
7,47.58,-64.08,50.01802232048728
7,47.58,-60.08,45.85989115454934
7,49.25,-59.92,45.50621500882235
7,49.58,-66.08,47.71736268563704
7,49.58,-0.25,49.29174111106179
7,53.42,0.08,38.2711539701982
7,53.42,0.25,39.591149893673986
7,57.92,-147.92,37.67608679424632
7,58.08,-148.08,37.33717183633284
7,58.25,-148.25,37.680845108899206
7,58.42,-148.42,37.70794181390242
7,58.58,-148.58,37.61956353621049
7,58.92,-148.92,37.25002130595121
7,58.92,-148.75,37.03807282447815
7,59.08,-149.08,36.87680838324807
7,59.08,-148.92,36.83513517813249
7,59.08,-147.25,36.24179963632064
7,59.25,-149.08,36.30487901514227
7,59.25,-148.08,36.52486497705633
7,59.25,-147.25,36.34033116427335
7,59.42,-149.42,35.59694169868123
7,59.42,-149.25,35.74580246751959
7,59.42,-149.08,35.90171452002092
7,59.42,-148.42,36.261237382888794
7,59.42,-148.08,36.3237061067061
7,59.42,-147.25,36.33469453724947
7,59.58,-149.08,35.82976280559193
7,59.58,-148.42,35.81971428611062
7,59.58,-148.25,35.96463218602267
7,59.58,-148.08,36.01857542991638
7,59.58,-147.25,36.099061315709896
7,59.75,-147.25,36.08143880150535
7,59.92,-147.25,35.315501559864394
7,59.92,-146.92,36.22151301123879
7,65.42,-168.58,34.41743896224282
7,65.58,-168.92,34.99932521039789
7,65.58,-168.75,34.33372866023671
7,65.58,-168.58,33.86533654819835
7,67.42,-169.08,37.43248176574707
7,68.08,-167.75,37.913103970614344
7,68.42,-167.58,36.76515778628263
7,68.92,-166.92,35.335840463638306
7,69.08,-167.75,35.58901836655357
7,69.08,-167.42,35.48717468435114
7,69.25,-168.25,35.515413609418005
7,69.42,-168.58,35.36272599480369
7,69.58,-169.08,35.41397122903304
7,69.92,-164.58,35.85835787307384
7,70.42,-163.25,35.18448066711426
7,70.42,-149.42,32.515824608180836
7,70.58,-161.08,34.17652141864483
7,70.58,-160.92,34.24745242779071
7,70.58,-151.42,31.986235285914223
7,70.58,-149.42,33.679081583724304
7,70.75,-161.92,32.77050118079552
7,70.75,-159.92,34.033981979870404
7,70.92,-162.58,34.186866339515234
7,70.92,-162.42,34.221079489764044
7,70.92,-160.08,34.16986962159475
7,70.92,-159.75,34.39564462502798
7,70.92,-159.58,34.397884249687195
7,70.92,-159.42,34.75279753548758
7,71.08,-163.08,33.60621056412206
7,71.08,-159.92,34.60022911658654
7,71.08,-159.75,34.63030218466734
7,71.08,-158.08,35.037454223632814
7,71.08,-157.92,34.333074735558554
7,71.08,-152.58,32.673748288835796
7,71.08,-152.42,32.01360122974102
7,71.25,-163.42,33.96387770868117
7,71.25,-160.08,34.184268951416016
7,71.25,-158.25,34.17965131335788
7,71.25,-158.08,34.021293493417595
7,71.25,-157.92,33.8955880678617
7,71.25,-157.75,33.74147343635559
7,71.25,-157.08,32.7023073832194
7,71.25,-152.42,34.50578726254977
7,71.42,-163.58,33.45200938563193
7,71.42,-158.42,33.178376070658366
7,71.42,-157.08,32.90741105079651
7,71.42,-156.92,32.75871926684712
7,71.42,-156.25,34.65221280467753
7,71.42,-156.08,34.038677899342666
7,71.42,-155.92,34.27200788821814
7,71.42,-155.25,32.555304209391274
7,71.42,-155.08,32.85955548967634
7,71.42,-154.58,32.79680149895804
7,71.42,-152.58,32.70529891967774
7,71.42,-152.42,32.63635124206543
7,71.42,-152.25,32.60965342357241
7,71.58,-163.25,34.0512929056205
7,71.58,-162.92,33.57886144226673
7,71.58,-158.58,31.405169537192897
7,71.58,-157.25,31.567215092976888
7,71.58,-156.25,33.1514927148819
7,71.58,-156.08,33.243846488721445
7,71.58,-155.75,33.89207744598389
7,71.58,-155.58,34.009112759640345
7,71.58,-155.42,33.84013911297447
7,71.58,-155.08,33.48051306780647
7,71.58,-154.42,32.986958013998496
7,71.58,-152.08,34.01118830976815
7,71.75,-155.92,34.20310198027512
7,71.75,-155.08,31.680465235028947
7,71.75,-154.42,31.719676744370233
7,71.75,-154.25,31.09275876558744
7,71.75,-152.08,35.435105908301566
7,71.75,-151.92,34.6546817779541
7,71.92,-162.58,33.850123622200705
7,71.92,-162.42,33.47565032111274
7,71.92,-158.58,32.16610919104682
7,71.92,-158.42,31.54585613923914
7,71.92,-154.92,31.76545406790341
7,71.92,-154.42,31.85183132056034
7,71.92,-154.25,31.79174111106179
7,71.92,-154.08,32.93959707021713
7,71.92,-151.92,34.67717016896894
7,72.08,-162.08,33.15377224059332
7,72.08,-158.25,31.748154732488818
7,72.08,-154.42,32.65770537277748
7,72.08,-154.08,33.07156760117103
7,72.08,-152.08,34.52761191706504
7,72.08,-151.75,33.1521821975708
7,72.25,-161.92,32.6017641723156
7,72.25,-158.08,32.754784774780276
7,72.25,-153.92,32.39392450120714
7,72.25,-151.58,33.79221043219933
7,72.42,-161.58,32.83475799560547
7,72.42,-158.08,31.482902980986097
7,72.42,-157.92,32.489423751831055
7,72.42,-153.92,32.531036817110504
7,72.42,-153.42,33.34268508911133
7,72.42,-151.58,33.62243388249324
7,72.58,-161.42,30.679976504781973
7,72.58,-161.08,30.92283959822221
7,72.58,-157.75,30.940974462599986
7,72.58,-157.58,30.697241002863105
7,72.58,-153.08,33.54959360758463
7,72.58,-152.75,33.2978948865618
7,72.58,-151.92,32.71633919802579
7,72.75,-160.92,31.507150732952617
7,72.75,-157.42,31.012006441752117
7,72.92,-160.92,30.953968221491035
7,72.92,-160.75,30.219125384376163
7,72.92,-160.58,29.04708671569824
7,72.92,-157.42,31.94755132574784
7,72.92,-157.08,31.190120998181794
7,72.92,-152.42,31.23389094216483
7,73.08,-160.58,30.136802112354953
7,73.08,-160.42,30.191351273480585
7,73.08,-160.25,30.99608198801677
7,73.08,-160.08,29.54872046576606
7,73.08,-157.08,31.71876049041748
7,73.08,-156.92,32.44890299297514
7,73.25,-160.08,30.98544562490363
7,73.42,-159.92,31.62590675354004
7,73.42,-159.75,31.873448514938353
7,73.42,-156.75,30.263665040334065
7,73.42,-156.58,30.31352604760064
7,73.58,-159.58,29.357909707462085
7,73.58,-159.42,29.16947234304328
7,73.58,-156.75,29.41645203696357
7,73.75,-159.25,29.27048954963684
7,73.75,-157.92,30.13497013515896
7,73.75,-157.25,28.8849704530504
7,73.92,-158.92,30.926842212677
7,73.92,-158.42,30.681812061982995
8,-56.08,-0.08,6.929113954305649
8,17.92,57.92,50.57695388793945
8,18.42,57.08,52.39438620480624
8,22.58,-158.25,54.65309910340743
8,22.58,-158.08,54.83119864897294
8,25.92,-97.08,52.183757695284754
8,25.92,-96.92,53.44967278567228
8,25.92,-96.75,53.37905892458829
8,25.92,-96.58,52.936280727386475
8,25.92,-96.42,52.76534305919301
8,26.08,-96.75,53.04701883142645
8,26.08,-96.42,52.292859771034934
8,26.25,-96.92,53.21712723645297
8,26.42,-96.92,52.98545386574485
8,26.42,-96.42,52.155198313973166
8,26.58,-97.08,53.08768985488198
8,26.58,-96.58,52.18388548764315
8,26.75,-96.58,52.40551101077687
8,26.92,-97.08,53.2653375972401
8,26.92,-96.58,52.34295376864347
8,26.92,-96.42,51.9778432412581
8,27.08,-97.42,50.90747941624034
8,27.08,-97.25,53.05023811080239
8,27.08,-97.08,53.3213321945884
8,27.08,-96.92,53.31673236326738
8,27.08,-96.75,52.947959596460514
8,27.08,-96.58,52.616905602541834
8,27.08,-96.42,52.220260576768354
8,27.25,-96.92,53.43781193819913
8,27.25,-96.25,51.93832319433039
8,27.42,-96.92,53.47000789642334
8,27.42,-96.08,51.305530764839865
8,27.42,-95.92,51.1521241014654
8,27.58,-96.58,52.36294260892001
8,27.58,-96.25,51.979294603521176
8,27.58,-96.08,51.76548823443326
8,27.58,-95.92,51.53952221436934
8,27.58,-95.58,51.15355012633584
8,27.58,-95.42,50.94244525649331
8,27.58,-95.25,50.54046830264005
8,27.58,-95.08,50.216766422445126
8,27.58,-94.92,50.3821980302984
8,27.58,-94.75,50.7587580464103
8,27.58,-94.58,50.84954768961126
8,27.58,-94.42,50.14044837518172
8,27.58,-94.08,50.012647065249354
8,27.58,-93.92,50.0981217731129
8,27.58,-93.75,49.83718674833124
8,27.58,-93.58,49.75018642165444
8,27.75,-96.42,52.24337733875621
8,27.75,-95.25,51.15670958432284
8,27.75,-94.58,50.47361011938615
8,27.75,-94.42,50.21583437919617
8,27.75,-93.92,50.17855035174977
8,27.75,-93.75,49.99921803040938
8,27.75,-93.58,50.04859282753685
8,27.92,-155.08,53.762101736935705
8,27.92,-96.58,52.41640021584251
8,27.92,-96.42,52.06297657706521
8,27.92,-95.42,51.161908171393655
8,27.92,-94.58,49.92718976194208
8,27.92,-94.25,49.97144508361816
8,27.92,-93.92,49.91856431961059
8,27.92,-93.75,49.42371494119818
8,27.92,-93.58,50.10310968485746
8,28.08,-95.42,51.06258752129295
8,28.08,-94.58,49.7808831171556
8,28.08,-94.08,49.633493531834
8,28.25,-95.42,51.17603325843811
8,28.25,-94.75,50.06839708848433
8,28.25,-94.08,49.27682883089239
8,28.42,-95.58,51.05116688121449
8,28.42,-94.75,50.12088563225486
8,28.42,-94.08,49.22384849461642
8,28.42,-91.25,47.61642016064037
8,28.42,-91.08,47.56662982160395
8,28.42,-90.92,47.53722626512701
8,28.42,-90.75,47.32023787498474
8,28.42,-90.58,47.394939639351584
8,28.42,-89.92,47.5243287303231
8,28.58,-95.58,50.698700948195025
8,28.58,-94.92,50.358527486974545
8,28.58,-94.08,49.311146844517104
8,28.58,-92.42,48.88169830495661
8,28.58,-92.25,49.18001935698769
8,28.58,-92.08,49.10992808775468
8,28.58,-91.92,48.43259596824646
8,28.58,-91.58,47.96813841299577
8,28.58,-91.42,47.91087105057456
8,28.58,-91.25,47.84382037682967
8,28.58,-91.08,47.5604820468209
8,28.58,-90.92,47.498689738186926
8,28.58,-90.75,47.46697367321361
8,28.58,-90.58,47.38720096241344
8,28.58,-90.42,47.35544774749062
8,28.58,-89.75,47.8233343037692
8,28.58,-89.58,47.89382022077387
8,28.75,-94.92,50.299357414245605
8,28.75,-94.08,49.35317262736234
8,28.75,-92.58,48.69901895523071
8,28.75,-92.42,48.6295560056513
8,28.75,-92.25,48.75190836733038
8,28.75,-92.08,48.64708144014532
8,28.75,-91.92,48.20726862820712
8,28.75,-91.75,48.1348090171814
8,28.75,-91.58,47.864410942251034
8,28.75,-91.42,47.89567804336548
8,28.75,-90.58,48.21456172249534
8,28.75,-90.42,48.138959191062234
8,28.75,-89.92,47.37303313342008
8,28.75,-89.75,47.84521542895924
8,28.92,-94.92,50.145672191273086
8,28.92,-94.08,49.67067241668701
8,28.92,-93.92,49.236490444703534
8,28.92,-93.58,49.43231489441611
8,28.92,-93.42,49.06602217934349
8,28.92,-93.25,48.45834003795277
8,28.92,-92.92,48.75115838917819
8,28.92,-92.75,48.7245417508212
8,28.92,-92.58,48.86145661093972
8,28.92,-92.42,48.60460736534812
8,28.92,-92.25,48.57626934485002
8,28.92,-92.08,48.71506175127897
8,28.92,-91.92,48.31779748743231
8,28.92,-91.58,48.38891688260165
8,28.92,-90.75,48.16399338028648
8,28.92,-90.58,48.42480577122081
8,28.92,-90.42,48.483757734298706
8,28.92,-90.08,47.98759265379472
8,28.92,-89.92,47.62674635106867
8,28.92,-89.75,47.481626987457275
8,28.92,-89.58,47.79139393026178
8,29.08,-94.92,49.329425573349
8,29.08,-94.08,49.30518943613226
8,29.08,-93.92,49.59137450564992
8,29.08,-93.58,49.2647293697704
8,29.08,-93.42,49.15819272128019
8,29.08,-93.25,48.80636869777333
8,29.08,-93.08,48.84265271100131
8,29.08,-92.92,49.07253031297164
8,29.08,-92.75,48.78676323457198
8,29.08,-92.58,48.53662167895924
8,29.08,-92.42,48.59670352935791
8,29.25,-94.08,49.176130294799805
8,29.25,-93.75,49.473135623064906
8,29.25,-93.58,49.22934278574857
8,29.25,-92.75,48.83463833548806
8,29.42,-94.08,49.10680311376398
8,29.42,-93.75,49.15746530619535
8,29.42,-93.42,49.29483745314858
8,29.42,-93.25,49.14873508973555
8,29.42,-93.08,48.95236279747703
8,29.58,-93.58,48.4159337607297
8,29.92,-150.08,52.62097952582619
8,30.75,-79.08,48.00793385505676
8,30.92,-78.92,47.72648447210138
8,31.08,-81.08,49.58137726783752
8,31.08,-80.92,50.45153617858887
8,31.08,-80.58,50.779874021356754
8,31.08,-79.92,48.98005052046342
8,31.08,-79.75,48.08799630945379
8,31.25,-81.08,49.46235164729032
8,31.25,-80.92,50.38672954385931
8,31.25,-80.08,49.55413562601263
8,31.25,-79.42,47.61130911653692
8,31.42,-81.25,46.436073086478494
8,31.42,-81.08,48.58286554163153
8,31.42,-80.75,50.54862416874278
8,31.42,-79.92,49.396848851984196
8,32.42,-66.08,49.79199101708152
8,33.08,-78.75,48.8692234212702
8,33.08,-77.58,46.48139383576133
8,33.08,-76.58,44.68373177268288
8,33.08,-76.25,44.692899378863245
8,33.08,-75.75,45.02465837652033
8,33.42,-118.58,52.91118418086659
8,33.42,-118.08,54.62949683449485
8,33.42,-74.58,45.58462966572154
8,33.58,-70.08,48.49834858287465
8,33.92,-77.58,48.542902426286176
8,33.92,-76.42,46.633269028230146
8,33.92,-75.92,46.34730579636314
8,33.92,-75.42,45.81902183185924
8,34.42,-76.58,48.80027458884499
8,34.42,-75.58,47.11067498813976
8,34.42,-74.58,45.523666403510354
8,34.92,-75.92,48.29261550036344
8,34.92,-75.08,47.72290279648521
8,34.92,-74.08,45.51420066573403
8,35.42,-72.42,45.73094233599576
8,35.58,-74.58,47.49362147938121
8,35.58,-73.58,45.81485418839888
8,35.92,-75.08,48.49381169405851
8,36.08,-75.75,46.89105330814015
8,36.08,-74.42,48.35104489326477
8,36.08,-73.92,47.73674371025779
8,36.08,-72.42,45.78900473768061
8,36.42,-71.42,45.33794546127319
8,36.75,-74.92,48.84533461657438
8,36.75,-73.92,48.43487713553689
8,37.08,-76.42,45.38356976075606
8,37.58,-74.92,48.00381181456826
8,37.58,-74.08,48.113376985896714
8,38.08,-72.75,47.190788919275455
8,38.08,-72.42,46.91819544271989
8,38.25,-72.75,47.42360990697687
8,38.25,-72.58,47.227714863690466
8,38.58,-72.42,47.12836016308177
8,38.92,-150.08,45.57474353096702
8,41.58,-10.25,48.124410976063125
8,41.75,-10.08,48.0113714391535
8,41.75,-9.92,47.95741402019154
8,41.75,-9.42,48.3220531723716
8,41.92,-9.58,48.16107312115756
8,42.08,-9.58,47.95520095391707
8,42.25,-9.42,47.88076597994024
8,43.75,-150.08,37.50961520455101
8,48.42,-126.08,40.520572727376766
8,48.58,-128.92,38.98849602179094
8,49.08,-134.92,33.878771023316816
8,49.42,-0.58,39.074941851876
8,49.92,-144.92,31.175549658862028
8,53.42,0.08,31.40775034644387
8,53.42,0.25,32.73813199996948
8,64.25,-166.58,26.51191573793238
8,65.92,-167.42,23.81705486774445
8,66.42,-168.92,24.896233894608237
8,66.42,-167.92,24.851915630427275
8,66.92,-168.42,25.716577562418852
8,67.42,-169.08,25.74819985303012
8,67.42,-167.42,26.29638170112263
8,67.92,-168.92,24.866310585628856
8,67.92,-168.08,25.292276469143953
8,68.08,-167.42,24.850234096700493
8,68.08,-167.25,24.969381494955584
8,68.58,-168.42,23.06661447611722
8,68.92,-169.08,21.9465292041952
8,70.25,-164.42,20.68484739823775
8,70.25,-163.92,20.953853021968495
8,70.25,-163.42,21.275230841203168
8,70.42,-168.42,20.45419116453691
8,70.42,-167.92,20.470728028904308
8,70.42,-167.42,20.44233600659804
8,70.42,-166.92,20.287807421250776
8,70.42,-166.42,20.409287517721
8,70.42,-165.92,20.346557573838663
8,70.42,-165.42,20.27848649024963
8,70.42,-164.92,20.328270522030916
8,70.58,-168.92,20.50023651123047
8,70.58,-168.58,20.477730946107343
8,70.58,-166.58,20.291597366333008
8,70.58,-161.58,21.403883593423025
8,70.58,-161.42,21.532583509172714
8,70.75,-168.25,20.11993809179826
8,70.92,-167.92,19.927753600207243
8,70.92,-160.08,20.658181618671023
8,70.92,-149.42,19.85847635622378
8,71.08,-167.58,19.819960897619072
8,71.08,-167.25,19.81901479851116
8,71.08,-160.75,20.679907555275776
8,71.08,-157.42,19.610273088727677
8,71.08,-152.75,20.006997774517725
8,71.08,-152.58,20.07284592043969
8,71.08,-152.42,20.23045873641968
8,71.08,-149.42,19.658609809546636
8,71.25,-166.92,19.778679728507996
8,71.25,-157.58,19.723671896117075
8,71.25,-152.42,19.876626241774787
8,71.25,-149.25,19.87280466079712
8,71.42,-166.58,19.918787717819217
8,71.42,-163.58,20.12710410150988
8,71.42,-161.42,20.256092432068616
8,71.42,-157.92,19.629430375009218
8,71.42,-155.25,19.24383482725724
8,71.42,-155.08,19.267057461525077
8,71.42,-152.75,19.84334160387516
8,71.42,-152.58,20.045140584309895
8,71.42,-152.42,19.651032543182374
8,71.42,-152.25,19.866147724787393
8,71.42,-149.25,20.177147136794197
8,71.42,-149.08,19.943575362084616
8,71.58,-166.08,19.84133323756131
8,71.58,-164.58,20.113759446418147
8,71.58,-159.42,19.2997786570818
8,71.58,-158.75,19.59736959750836
8,71.58,-158.58,19.43774999716343
8,71.58,-158.25,19.40493015050888
8,71.58,-157.92,19.89666255712509
8,71.58,-157.75,19.85590635857931
8,71.58,-157.42,19.663235041830276
8,71.58,-157.25,19.438846027149875
8,71.58,-157.08,19.243418118532965
8,71.58,-156.75,19.058979385039382
8,71.58,-155.75,19.37634499867757
8,71.58,-155.58,19.37556953141183
8,71.58,-155.42,19.25387991391695
8,71.58,-155.08,19.218369007110596
8,71.58,-152.58,19.985281647862617
8,71.58,-152.42,19.82899435905561
8,71.58,-152.08,19.868658583504818
8,71.58,-149.08,20.174953353237097
8,71.75,-159.08,19.74233105069115
8,71.75,-158.92,19.65720009803772
8,71.75,-156.58,19.331064112046185
8,71.75,-156.25,19.13327082120455
8,71.75,-155.92,19.251140700446236
8,71.75,-152.08,20.07234636494811
8,71.75,-149.08,20.300097819737022
8,71.92,-166.08,19.22283305905082
8,71.92,-163.58,19.71887607135992
8,71.92,-162.42,19.963571042899627
8,71.92,-161.08,19.69406422482261
8,71.92,-159.75,19.76378740915438
8,71.92,-159.58,19.740262349446613
8,71.92,-159.42,19.748018125208414
8,71.92,-155.58,19.15818081439381
8,71.92,-155.42,19.567941182454422
8,71.92,-155.25,19.52809991200765
8,71.92,-155.08,19.121630817264705
8,71.92,-153.75,20.189236351206333
8,71.92,-152.42,20.259170290449976
8,71.92,-151.92,19.775860464069204
8,71.92,-148.92,20.338538127786972
8,72.08,-166.08,19.42036420648748
8,72.08,-160.08,19.782475495949768
8,72.08,-159.92,19.802026386502423
8,72.08,-159.75,19.64761641086676
8,72.08,-159.42,19.4624884724617
8,72.08,-154.08,20.271084492023174
8,72.08,-151.92,20.00561760177075
8,72.08,-151.75,19.938106953258245
8,72.25,-164.25,19.388167304554205
8,72.25,-160.58,19.273085396011155
8,72.25,-159.75,19.80995777675084
8,72.25,-159.58,19.796114187974197
8,72.25,-159.08,19.49903180864122
8,72.25,-153.58,19.733164362005287
8,72.25,-152.08,19.55642307668493
8,72.42,-166.08,19.492571744051848
8,72.42,-164.08,19.143640429474587
8,72.42,-161.58,19.30679168199238
8,72.42,-161.08,19.368035666550263
8,72.42,-159.58,19.448348974879785
8,72.42,-159.42,19.553625643253326
8,72.42,-159.25,19.56951020087725
8,72.42,-159.08,19.50861963033676
8,72.42,-158.92,19.517382061481477
8,72.42,-158.75,19.49579781293869
8,72.42,-152.08,19.386459122533385
8,72.58,-166.08,19.137678422123553
8,72.58,-163.92,19.04519654542972
8,72.58,-161.92,18.89629588371668
8,72.58,-161.75,19.13985635104932
8,72.58,-161.58,19.11148105621338
8,72.58,-161.42,19.13963995615641
8,72.58,-161.25,19.057552274068197
8,72.58,-159.25,19.32305098772049
8,72.58,-159.08,19.59203531742096
8,72.58,-158.92,19.709629201889037
8,72.58,-158.75,19.759092617034913
8,72.58,-158.58,19.69040044924108
8,72.58,-158.42,19.678850394028885
8,72.58,-153.08,19.719513519950535
8,72.75,-163.75,18.761033454498687
8,72.75,-162.08,18.77121540787932
8,72.75,-161.75,18.919275163095207
8,72.75,-158.92,19.86225094029933
8,72.75,-158.42,19.672401850736595
8,72.92,-169.08,18.966197078292435
8,72.92,-168.58,18.74471203692548
8,72.92,-167.92,18.56933980173879
8,72.92,-167.42,19.2152816669361
8,72.92,-166.08,18.53826436360677
8,72.92,-163.58,18.662470177428364
8,72.92,-163.08,18.75995112101237
8,72.92,-161.92,19.081466155716136
8,72.92,-161.75,19.04643095731735
8,72.92,-160.92,18.962506840868695
8,72.92,-160.75,18.992350187646338
8,72.92,-160.58,19.002732521150172
8,72.92,-158.08,19.37639518884512
8,73.08,-166.92,18.4730047575185
8,73.08,-166.08,18.15241565443065
8,73.08,-165.75,18.583072949762215
8,73.08,-165.58,18.64264159006615
8,73.08,-165.08,18.47992238606492
8,73.08,-164.58,18.393055521647135
8,73.08,-163.42,18.709848255306095
8,73.08,-162.58,18.726041926613338
8,73.08,-162.42,18.95325402021408
8,73.08,-162.25,19.18956874329367
8,73.08,-162.08,19.111180631125844
8,73.08,-161.92,19.190933739266743
8,73.08,-160.42,19.46974472883271
8,73.08,-160.25,19.558909451089253
8,73.25,-166.08,18.24448378656951
8,73.25,-164.08,18.62242641696682
8,73.25,-163.42,18.68792081490541
8,73.25,-163.08,18.73427625245686
8,73.25,-162.92,18.8224281600759
8,73.25,-157.58,19.807833138998458
8,73.42,-166.08,18.13009869884437
8,73.42,-165.58,18.185012068067277
8,73.42,-162.92,19.055410265922543
8,73.42,-159.75,19.44404263496399
8,73.42,-159.58,19.510695754707633
8,73.58,-166.08,17.964046425289578
8,73.58,-162.58,19.665960712197386
8,73.58,-159.25,19.009111416804327
8,73.58,-159.08,19.20108549935477
8,73.58,-156.92,19.13902517867415
8,73.75,-166.08,18.29959230165224
8,73.75,-162.42,19.310744634488735
8,73.75,-158.08,19.120258135338354
8,73.92,-166.08,17.986783697798444
8,73.92,-165.92,17.981975542704266
8,73.92,-165.58,17.77144075419805
8,73.92,-162.08,19.07714804896602
8,74.08,-165.08,17.88118567936857
8,74.08,-164.58,18.092851943439907
8,74.25,-164.08,18.06936928885324
9,-54.08,-0.08,15.66792071171296
9,-26.08,13.42,45.73721478202126
9,-24.08,13.92,44.123004783283584
9,-8.08,-14.92,49.13453314521096
9,-6.75,-25.08,52.12021524255926
9,-4.58,-12.75,52.02651617743752
9,-2.25,-13.25,52.80450469797308
9,-1.58,-12.92,52.966420043598525
9,1.25,-15.08,51.67719221115112
9,4.92,-17.08,39.30861806869507
9,7.75,66.92,48.050454053011805
9,7.75,67.08,48.34450496326793
9,7.92,66.92,47.82390824231234
9,8.58,-19.08,44.367675282738425
9,10.08,65.42,49.38828910480846
9,11.75,64.25,48.99166378107938
9,11.92,64.42,48.887874126434326
9,11.92,66.92,47.82643064585599
9,12.58,-20.92,48.75161296671087
9,13.92,63.08,47.96039113131437
9,14.08,66.92,47.03353370319713
9,15.08,64.42,47.396430882540614
9,15.75,62.08,46.899567647413775
9,15.92,61.92,47.082760247317225
9,17.42,60.42,48.22157326611605
9,18.58,58.75,49.183692541989416
9,18.92,58.92,49.79598210074685
9,19.08,58.42,50.03796516765248
9,19.25,58.08,51.68990273909135
9,19.42,58.08,52.104510654102675
9,21.92,-21.08,48.17926034060392
9,21.92,-20.75,48.532942511818625
9,22.58,-158.25,50.076703721826725
9,26.08,-21.92,47.39943651719527
9,26.08,-20.92,47.6111184683713
9,26.92,-96.92,45.05159564451738
9,26.92,-96.75,45.25256143916737
9,27.08,-152.92,46.847766095941715
9,27.08,-97.25,45.01201042261991
9,27.08,-97.08,44.92403296990828
9,27.25,-96.58,44.375334371219985
9,27.42,-97.42,41.975811676545575
9,27.42,-96.58,44.029044010422446
9,27.58,-97.08,44.31061834638769
9,27.58,-96.92,44.554703744975
9,27.58,-96.08,43.21068640188737
9,27.58,-93.92,42.370493455366656
9,27.58,-93.75,42.54901586879384
9,27.58,-93.58,42.79597037488764
9,27.75,-96.25,43.443419608202845
9,27.75,-95.92,42.91181716051969
9,27.75,-93.92,41.95342529903758
9,27.75,-93.75,42.21657260981473
9,27.92,-96.75,44.12194178321145
9,27.92,-96.42,43.75538531216708
9,27.92,-95.58,42.54063522815704
9,27.92,-94.08,41.361396464434534
9,27.92,-93.92,41.628436305306174
9,27.92,-93.75,41.89565760439093
9,28.08,-96.42,43.27738516980951
9,28.08,-95.75,42.99758436463096
9,28.08,-95.08,41.863118323412806
9,28.08,-94.92,41.80647026408803
9,28.08,-94.75,41.738674814050846
9,28.08,-94.58,41.4437431638891
9,28.08,-94.42,41.19693619554693
9,28.08,-93.92,41.83947077664462
9,28.25,-95.92,43.23731140656905
9,28.25,-95.25,42.221294446425006
9,28.25,-94.25,41.55580009113658
9,28.25,-93.92,41.61252182180231
9,28.25,-91.75,42.767288793217055
9,28.25,-91.42,42.59030556678772
9,28.42,-95.58,42.842248699881814
9,28.42,-95.42,42.58336801962419
9,28.42,-92.92,42.51155584508722
9,28.42,-92.58,42.81195907159285
9,28.42,-92.08,43.10144795070995
9,28.42,-91.75,43.13154979185624
9,28.42,-91.42,42.51407835700295
9,28.42,-91.08,42.89018665660512
9,28.42,-90.92,42.89660661870783
9,28.42,-90.75,42.826691909269854
9,28.58,-95.42,42.95215264233675
9,28.58,-94.42,41.70193060961637
9,28.58,-94.25,41.48441951925104
9,28.58,-92.92,42.37948174910112
9,28.58,-92.58,42.700646140358664
9,28.58,-92.42,42.804607066241175
9,28.58,-92.25,43.00776011293585
9,28.58,-92.08,43.30123205618425
9,28.58,-91.75,43.06049877947027
9,28.58,-91.58,42.9935781955719
9,28.58,-91.42,42.866674813357264
9,28.58,-91.08,43.160782683979384
9,28.58,-90.92,42.917129494927146
9,28.58,-90.58,42.819885210557416
9,28.75,-94.42,41.725720860741355
9,28.75,-92.92,42.39773730798201
9,28.75,-92.58,42.81724892963063
9,28.75,-92.42,43.0389020876451
9,28.75,-92.25,43.15814100612294
9,28.75,-92.08,43.197839455171064
9,28.75,-91.92,43.17798735878685
9,28.75,-91.75,43.11818075180054
9,28.75,-90.58,43.32824338566173
9,28.92,-95.25,42.05098186839711
9,28.92,-95.08,42.3920955657959
9,28.92,-94.92,42.253311612389304
9,28.92,-94.58,41.89437385038896
9,28.92,-92.92,42.70268067446622
9,28.92,-92.58,43.03669222918424
9,28.92,-92.42,43.43967487595298
9,28.92,-92.25,43.65570924498818
9,28.92,-92.08,43.33110664107583
9,28.92,-91.92,43.560186407782815
9,28.92,-91.58,43.59381142529574
9,28.92,-90.75,43.268140987916425
9,29.08,-94.75,42.325504779815674
9,29.08,-93.08,42.46038547429171
9,29.08,-92.92,42.610226197676226
9,29.08,-92.75,43.129129301417954
9,29.08,-92.58,43.43028315630826
9,29.08,-92.42,43.67332863807678
9,29.25,-92.92,42.650533025914974
9,29.42,-92.92,42.73189670389349
9,30.42,-21.58,44.25339612093839
9,31.08,-80.92,41.203521663492374
9,31.08,-80.58,40.95199320533059
9,31.08,-79.75,39.217947634783656
9,31.25,-81.08,40.53574874184349
9,31.25,-80.92,40.77887949076566
9,31.42,-81.25,39.72849895737388
9,31.42,-80.92,40.56511831283569
9,31.42,-80.58,40.60564090988853
9,33.08,-118.08,44.49228288910606
9,33.42,-118.58,43.2290329282934
9,33.42,-118.25,45.14343669197776
9,33.42,-118.08,44.83381147818132
9,34.75,-20.58,41.18270915204828
9,38.08,-24.92,37.39381696961143
9,38.92,-17.92,36.17862365462563
9,42.58,-9.75,35.64010060917247
9,42.58,-9.42,35.596555558117956
9,42.92,-14.92,31.511009628122505
9,42.92,-9.58,35.15762955492193
9,45.42,-1.42,33.39269160140645
9,46.92,-62.58,29.083663290197197
9,46.92,-11.75,28.428555076772515
9,47.25,-8.58,29.167992678555574
9,47.25,-7.42,29.307270786978982
9,47.42,-7.42,29.371060837398876
9,47.58,-64.08,28.91542447697033
9,47.58,-60.08,27.457969665527344
9,47.58,-8.08,28.964305010708895
9,48.25,-10.08,27.69193569096652
9,48.42,-126.92,28.346009796315972
9,48.92,-130.92,25.604236656969245
9,49.08,-138.92,23.8161344203082
9,49.42,-138.92,23.57669118317691
9,49.42,-5.58,27.62306625192815
9,49.42,-0.25,27.32320831038735
9,49.58,-66.08,26.52443586696278
9,49.58,-62.08,26.568475517359648
9,49.92,-145.08,22.12923666563901
9,49.92,-134.92,24.508452675559305
9,62.92,-166.58,14.836929494684393
9,63.92,-172.42,14.6628610979427
9,64.58,-167.25,14.95524753223766
9,65.08,-169.92,14.30305438150059
9,65.08,-169.08,13.882804328745062
9,66.42,-167.75,13.067014455795288
9,66.58,-169.08,12.730792983011764
9,67.92,-169.08,12.344440682367845
9,68.08,-169.08,12.001986113461582
9,69.92,-166.42,10.11391208930449
9,69.92,-163.92,10.774707561189478
9,70.08,-169.08,10.081008732318878
9,70.92,-162.08,9.260298444466155
9,71.08,-160.75,9.594438468708711
9,71.25,-163.42,9.285997331142426
9,71.25,-163.08,9.290639454668218
9,71.25,-152.08,9.291520573372065
9,71.42,-163.92,9.159753051671116
9,71.42,-158.25,9.903157045443852
9,71.42,-152.08,9.14435394697411
9,71.58,-160.08,8.959405378363599
9,71.58,-155.42,8.305259788036347
9,71.58,-151.92,9.099332576639512
9,71.75,-161.42,8.98599159032449
9,71.75,-158.92,8.802326806566931
9,71.92,-162.58,8.7901848283681
9,71.92,-161.92,8.824755882394724
9,71.92,-154.92,8.567107771718225
9,72.08,-158.92,8.467389337041162
9,72.08,-156.42,8.355540575804534
9,72.42,-168.92,8.159247303550893
9,72.42,-153.92,8.343119446621385
9,73.08,-152.92,8.307413954001207
9,73.25,-151.42,8.159443870568888
9,73.92,-156.25,7.716904203613083
9,74.92,-165.08,6.854405750588673
10,-58.92,61.92,20.920164575382156
10,-52.92,-0.08,24.333885488375813
10,-52.08,61.75,26.52332904976858
10,-48.08,73.42,33.55191410763163
10,-38.58,-38.25,41.03012584632551
10,-33.25,-46.75,45.15821722863426
10,-30.25,-42.58,43.82778753361232
10,-30.08,-27.42,45.596175180354585
10,-27.42,-38.92,45.87608342775157
10,-24.75,-35.25,46.5116966408743
10,-21.92,-31.58,50.53009796142578
10,-19.25,-28.42,53.92666851634711
10,-19.08,-25.08,54.05088682577644
10,-16.58,-25.08,56.10535909088565
10,-13.92,-21.75,53.404301979172395
10,-11.08,-18.42,50.07242197385976
10,28.08,-96.42,36.105378997158
10,28.25,-95.92,35.68999161518796
10,28.58,-95.42,36.10068173475669
10,30.25,-116.58,35.74671702317789
10,32.58,-117.58,33.811420897362936
10,33.42,-118.58,33.21240699123329
10,33.42,-118.25,34.20963915972642
10,33.42,-118.08,34.01096325189295
10,36.25,-72.08,25.6690402501066
10,37.08,-76.42,25.73318141614887
10,44.42,37.58,22.03031472756829
10,44.92,-2.08,20.98570912320849
10,44.92,-1.92,21.02837112587942
10,44.92,-1.58,21.111286781203574
10,45.08,-2.42,20.720321749297664
10,45.08,-2.08,20.88499799916442
10,45.08,-1.58,21.033899293818944
10,45.25,-1.92,20.719504893665583
10,45.25,-1.58,20.71303320602632
10,45.42,-2.08,20.6532652680303
10,45.42,-1.92,20.606166933623836
10,45.42,-1.75,20.529983816012532
10,45.58,-2.25,20.166878122678945
10,45.58,-2.08,20.408709082804936
10,45.58,-1.58,20.55913882188394
10,45.75,-1.75,20.183371020035004
10,47.58,-64.08,17.229476391429632
10,52.92,0.75,12.62981440315784
10,53.58,-0.08,11.964760350509428
10,53.58,0.08,12.11566644990948
10,53.92,0.25,12.304539687196971
10,54.58,-0.42,11.56740588873205
10,55.42,-1.42,10.667687456372756
10,62.08,-167.25,6.392356301697207
10,62.25,-167.58,6.353645066140404
10,62.42,-168.08,6.330194402748431
10,62.42,-167.92,6.378771875945615
10,62.58,-168.92,6.384398621572575
10,62.58,-168.58,6.325870497125975
10,62.75,-169.08,6.4818633979474995
10,63.75,-172.08,5.830553689310627
10,63.92,-172.42,6.227694328625997
10,63.92,-172.25,6.044036691471682
10,64.08,-169.58,5.645743642054813
10,64.42,-171.08,5.71335680652083
10,64.42,-170.58,5.511680231967443
10,64.42,-170.42,5.5156732411451745
10,64.42,-170.25,5.508215455941751
10,64.42,-169.92,5.49784220440287
10,64.42,-169.75,5.504968911829129
10,64.42,-169.58,5.549257661255313
10,64.42,-169.08,5.611877379283099
10,64.42,-168.92,5.623666157185192
10,64.42,-168.42,5.578764764355942
10,64.42,-167.58,5.668067556031993
10,64.42,-167.25,5.670328170480863
10,64.92,-167.92,5.916242621161721
10,65.08,-168.25,5.616370043512118
10,65.58,-168.92,5.461840276624642
10,65.58,-168.75,5.423575611675487
10,65.58,-168.58,5.464973313467843
11,-76.75,-178.42,38.774198627471925
11,-76.75,169.42,50.15777587890625
11,-76.58,-178.08,40.99369324578179
11,-76.58,169.75,41.83145761489868
11,-76.58,175.92,43.063383505894585
11,-73.58,176.75,36.15949630737305
11,-69.42,-85.25,28.86220693588257
11,-69.25,-85.25,27.539897791544597
11,-69.08,-85.42,28.39387542323062
11,-69.08,-85.25,27.74570023386102
11,-68.92,-85.42,27.477156187358656
11,-68.92,-85.25,27.668998617874948
11,-68.75,-85.25,29.265117554437545
11,-68.58,-85.25,30.098783856346493
11,-68.58,-85.08,29.884664626348588
11,-68.42,-85.08,31.68328102775242
11,-68.25,-85.08,28.79383815251864
11,-68.08,-85.08,29.122459540000328
11,-67.92,-85.08,30.43558750833784
11,-67.75,-85.08,30.064256733861463
11,-67.58,-85.08,30.578615061442058
11,-67.42,-85.08,30.567164675394693
11,-67.25,-85.08,30.064441517421177
11,-67.08,-85.08,29.55173642294747
11,-66.42,-84.58,31.25522958078692
11,-66.25,-84.58,30.804053157567974
11,-66.08,-84.58,30.67115698920356
11,-65.92,-84.75,30.584649779579856
11,-65.92,-84.58,30.784649791139543
11,-65.75,-84.92,30.37233649509054
11,-65.75,-84.75,30.169119562421525
11,-65.58,-85.08,30.551470098361165
11,-65.58,-84.92,30.670674579244263
11,-65.42,-85.25,30.570340482812178
11,-65.42,-85.08,30.600533650716145
11,-65.42,-84.92,30.600768604794062
11,-65.42,-84.75,30.784778467814128
11,-65.42,-84.58,30.959097121891222
11,-65.42,-84.42,31.20863662267986
11,-65.42,-84.25,31.485484935141898
11,-65.42,-84.08,31.333219841735005
11,-65.42,-83.92,31.41005258302431
11,-62.92,-62.42,28.89698559198624
11,-62.92,-62.25,32.86779235391056
11,-62.75,-62.58,32.58239200115204
11,-62.75,-62.42,32.64867164515242
11,-62.58,-62.75,33.3636020567359
11,-62.58,-62.58,33.0288541375137
11,-61.58,-62.75,34.49538391756724
11,-61.42,-62.75,34.48269152354045
11,-61.25,-62.75,34.94928787415286
11,-61.08,-62.75,35.11133007830884
11,-60.92,-62.75,35.38958296718368
11,-60.58,-62.75,36.310101221842935
11,-60.42,-62.75,36.70437222216503
11,-60.25,-62.75,36.80690236838467
11,-60.08,-62.75,36.89229370025267
11,-60.08,-62.58,36.79149260003883
11,-59.92,-62.58,37.30155901162021
11,-59.75,-62.58,37.401131342692544
11,-59.58,-62.58,37.70416135673063
11,-59.42,-62.58,37.91793228057494
11,-59.25,-62.58,37.99581764405032
11,-59.08,-62.58,38.09942638443177
11,-58.92,-62.58,38.24431780160192
11,-58.75,-62.58,38.31054694394031
11,-58.58,-62.58,38.388420403721824
11,-58.42,-62.75,38.26699879657792
11,-58.42,-62.58,38.22322176737958
11,-58.25,-62.75,37.998727476740456
11,-58.08,-62.75,37.85450455079596
11,-57.92,-62.75,38.06814924492893
11,-57.75,-62.92,38.22632394354027
11,-57.75,-62.75,37.95235996935741
11,-57.58,-62.92,38.29579992179411
11,-57.58,-62.75,38.10843219527279
11,-57.58,-62.58,38.13367944740387
11,-57.42,-62.58,38.56817978548716
11,-57.42,-61.92,38.023685524262575
11,-57.42,-61.75,38.25089601723545
11,-57.42,-61.58,38.11636621406279
11,-57.42,-61.42,38.18934792208384
11,-57.42,-61.08,38.485589199755566
11,-57.25,-62.08,38.354016476366894
11,-57.25,-61.92,38.48669771401279
11,-57.08,-60.58,38.558269615632945
11,-56.92,-60.58,39.16566692490176
11,-56.92,-60.42,39.0657758368067
11,-56.92,-60.25,38.82848656895649
11,-56.75,-60.25,39.23594435726304
11,-56.75,-60.08,39.05987220212638
11,-56.58,-60.08,39.63515504584255
11,-56.42,-59.92,39.81202879296728
11,-56.42,-59.75,39.75668560165957
11,-56.25,-59.58,39.62844441884972
11,-56.08,-59.58,39.77323373541775
11,-56.08,-59.42,39.66417946872941
11,-55.92,-59.42,39.74240859158068
11,-55.75,-59.42,40.03355292814324
11,-55.58,-59.42,40.291594884481775
11,-51.58,-0.08,33.31047428085143
11,15.92,61.92,42.65747497742434
11,17.42,60.42,41.96510691815112
11,18.75,57.92,41.864083347550356
11,18.75,58.08,41.71560172575066
11,18.92,58.58,41.37839066838644
11,18.92,58.75,41.3950527604804
11,18.92,58.92,41.38020968149944
11,19.08,58.42,41.33970973003341
11,19.25,58.08,41.442794110401564
11,19.42,57.92,41.49402282898684
11,19.42,58.08,41.381667631218235
11,24.42,-64.42,32.25664290462632
11,25.92,-97.08,27.651124678462384
11,25.92,-96.92,27.77549813741661
11,25.92,-96.75,27.792961970869317
11,25.92,-96.58,27.84249841161521
11,25.92,-96.42,27.659016379390856
11,26.08,-96.75,27.881817335105804
11,26.08,-96.42,27.49461263633636
11,26.25,-96.92,27.919377579746477
11,26.42,-96.92,27.751467946064043
11,26.42,-96.42,27.7504862704909
11,26.58,-97.08,27.804781327764672
11,26.58,-96.58,27.670914040990624
11,26.75,-96.58,27.361449885081097
11,26.92,-97.08,27.922166847320923
11,26.92,-96.58,27.1839800225683
11,26.92,-96.42,27.47636574434947
11,27.08,-97.42,27.21591381279819
11,27.08,-97.25,27.798251324389355
11,27.08,-97.08,27.78116090039173
11,27.08,-96.92,27.362419783350933
11,27.08,-96.75,27.208642729793688
11,27.08,-96.58,27.026618727718493
11,27.08,-96.42,27.00053437933864
11,27.25,-96.92,27.530425899000058
11,27.25,-96.25,27.04578748955784
11,27.42,-96.92,27.47937774658203
11,27.42,-96.08,26.998684653316637
11,27.42,-95.92,26.77587780320501
11,27.42,-94.42,27.34231758117676
11,27.58,-96.58,26.929871765964
11,27.58,-96.25,26.664251086223555
11,27.58,-96.08,26.679823427315217
11,27.58,-95.92,26.628570200449012
11,27.58,-95.58,26.86748005970415
11,27.58,-95.42,27.046660986291357
11,27.58,-95.25,26.919636852769965
11,27.58,-95.08,26.879395749195513
11,27.58,-94.92,27.075154867516943
11,27.58,-94.75,27.252956045679294
11,27.58,-94.58,27.20317903771458
11,27.58,-94.42,27.27502842409065
11,27.58,-94.08,27.372564568577044
11,27.58,-93.92,27.407088578465473
11,27.58,-93.58,27.561612634773713
11,27.58,-93.42,27.626823586153694
11,27.58,-93.25,27.586474257779408
11,27.58,-93.08,27.776962441134167
11,27.58,-92.08,27.93811253467238
11,27.75,-96.42,26.441534272159437
11,27.75,-95.25,26.691293544079883
11,27.75,-94.42,27.008805608174885
11,27.75,-93.08,27.71194397110537
11,27.75,-92.75,27.976088650255317
11,27.75,-92.58,27.677600573344403
11,27.75,-92.42,27.695618675415773
11,27.75,-92.08,27.861269341893944
11,27.75,-91.92,27.870438081672393
11,27.75,-91.58,27.941196981682836
11,27.75,-90.58,28.04213096434811
11,27.92,-96.58,26.93960051938712
11,27.92,-96.42,26.736510069973495
11,27.92,-96.08,26.531576650688447
11,27.92,-95.92,26.561184825667414
11,27.92,-95.58,26.58075123522655
11,27.92,-95.42,26.56492599809026
11,27.92,-94.25,26.954004000468423
11,27.92,-93.08,27.56285977650838
11,27.92,-92.08,27.7371969567724
11,27.92,-91.42,27.704950079860456
11,27.92,-91.25,27.70931150827063
11,27.92,-91.08,27.909817396876324
11,27.92,-90.75,28.267124888408613
11,27.92,-90.58,28.172209245612823
11,28.08,-95.42,26.675853602857476
11,28.08,-95.08,26.506124553910222
11,28.08,-94.92,26.575022364237224
11,28.08,-94.58,26.703769293176123
11,28.08,-94.42,26.687281229409827
11,28.08,-94.08,26.83269702957337
11,28.08,-93.08,27.59343201281077
11,28.08,-92.08,27.64554013401629
11,28.08,-91.08,27.799311442547538
11,28.08,-90.92,27.784528330147985
11,28.08,-90.58,28.08317290156721
11,28.25,-95.58,26.682702949248164
11,28.25,-95.42,26.71238990002368
11,28.25,-94.75,26.473058367350017
11,28.25,-94.25,26.78272712661559
11,28.25,-94.08,26.849486086741987
11,28.25,-93.75,27.156305336090455
11,28.25,-93.58,27.228383673242774
11,28.25,-93.42,27.30197422762951
11,28.25,-93.08,27.402901615004943
11,28.25,-92.92,27.403853634753855
11,28.25,-92.08,27.586516368820007
11,28.25,-91.58,27.60381128701819
11,28.25,-91.25,27.779666877654662
11,28.25,-90.58,27.919540623584425
11,28.25,-64.42,28.249034123248364
11,28.42,-95.58,26.86717283869364
11,28.42,-94.75,26.728799486734783
11,28.42,-94.08,26.965371878750354
11,28.42,-93.08,27.146787229790743
11,28.42,-92.58,27.39276324122785
11,28.42,-92.42,27.336437926234968
11,28.42,-92.25,27.46134165108922
11,28.42,-92.08,27.66702834669366
11,28.42,-91.75,27.59223294545369
11,28.42,-90.58,27.79342590469912
11,28.58,-95.58,26.944383713136236
11,28.58,-94.92,26.887793230723187
11,28.58,-94.08,27.07216095062623
11,28.58,-93.08,27.19090789197439
11,28.58,-92.08,27.713233212390577
11,28.58,-90.58,27.88166061079646
11,28.75,-94.92,27.12217299909477
11,28.75,-94.08,26.897877601255853
11,28.75,-93.08,27.00011874968747
11,28.75,-92.08,27.729540365288056
11,28.75,-90.58,28.029715158853183
11,28.92,-94.92,27.106293471462756
11,28.92,-94.08,26.91109442423625
11,28.92,-93.08,27.16729948894087
11,28.92,-92.08,27.528076677437287
11,28.92,-90.58,28.20751626807523
11,29.08,-94.92,27.059208881424137
11,29.08,-94.08,26.879275253020136
11,29.08,-93.08,27.16844395557082
11,29.08,-92.08,27.45487760061241
11,29.25,-94.08,27.15641986892884
11,29.25,-93.08,27.285697040787664
11,29.42,-94.08,27.042010261351805
11,29.42,-93.08,27.18729948710246
11,29.75,-64.92,26.46390168063612
11,30.58,-147.42,26.058612501764873
11,30.58,-143.08,25.64551624619817
11,31.08,-81.08,25.764166728559747
11,31.08,-80.92,25.563022062002897
11,31.08,-79.75,23.536648554974292
11,31.25,-81.08,25.77815485575113
11,31.42,-80.92,25.58449202847768
11,31.58,-136.92,23.90211844157023
11,33.42,-118.58,26.694245028208535
11,33.42,-64.42,22.066606452666132
11,34.58,-64.42,21.04239558024579
11,46.92,-62.58,9.28810222796452
11,47.58,-64.08,9.635888886738972
12,-76.58,-178.08,42.52460401936581
12,-76.58,169.08,51.64900727499099
12,-76.58,171.92,50.31501086922579
12,-76.58,172.42,49.95271988802178
12,-76.58,175.92,46.66574036093319
12,-69.92,-85.58,43.73762026700106
12,-69.92,-85.42,42.75245354392312
12,-69.92,-85.25,41.47115166982015
12,-69.75,-85.25,40.96249888493465
12,-69.75,-85.08,42.03626492818197
12,-69.58,-85.25,40.04352643754747
12,-69.58,-85.08,42.62956213951111
12,-69.42,-85.25,40.93161755516415
12,-69.42,-85.08,42.61161284013228
12,-69.25,-85.08,43.50799934952347
12,-69.08,-85.25,41.82265062043161
12,-69.08,-85.08,41.51696829362349
12,-68.42,-85.08,36.79956506093343
12,-68.42,-84.92,36.61243193944295
12,-68.25,-85.08,36.00307409224972
12,-68.08,-85.08,36.59811048365351
12,-67.92,-85.08,36.11596859825982
12,-67.75,-85.08,35.599257469177246
12,-67.58,-85.08,35.60823896333769
12,-64.92,-169.42,34.27512079874675
12,-64.42,-169.42,34.85028414499192
12,-63.25,-170.08,36.35539519649812
12,-63.25,-169.92,36.593831730985094
12,-62.58,-169.92,37.4140213619579
12,-61.92,-168.92,37.07225422425704
12,-61.08,-169.42,38.264725945212625
12,-60.42,-170.25,38.12394200671803
12,-56.92,-170.42,41.717299764806576
12,-55.92,-171.92,43.80764120275324
12,-54.42,-173.42,44.915527213703506
12,-53.08,-174.92,44.98909005251798
12,-53.08,-174.75,45.209726376967
12,-49.42,2.08,38.34541318633339
12,-47.08,4.42,42.17732852155512
12,-33.92,17.08,63.77893174778331
12,-32.92,16.42,63.91729519583962
12,-32.58,17.58,65.2869369766929
12,-31.08,15.25,63.821499997919254
12,-30.08,16.92,64.10654020309448
12,-29.58,16.42,64.48517088456587
12,-29.58,16.58,64.190636027943
12,-20.08,79.92,59.70857928015969
12,-19.08,79.92,59.00759055397727
12,-17.08,79.92,57.835045250979334
12,-15.08,79.92,55.88086891174317
12,-13.25,79.92,54.65605614402077
12,-12.08,79.92,54.0837836265564
12,-10.08,79.92,51.26240342313593
12,-7.08,79.92,47.79424372586337
12,-5.08,79.92,45.61698766188188
12,-4.08,79.92,45.19764713807539
12,-1.42,79.92,45.33748754588041
12,-0.42,79.92,44.590339703993365
12,0.42,79.92,44.69603328271346
12,1.92,79.92,42.42431148615751
12,3.58,79.92,41.970055471767076
12,5.08,79.92,42.591459252617575
12,5.58,79.92,43.1373225775632
12,5.75,79.92,43.242368242957376
12,7.92,66.75,41.29238486289978
12,7.92,66.92,41.239197904413395
12,10.08,65.42,40.75507833740928
12,11.92,64.42,40.929152185266666
12,11.92,66.92,41.27179423245517
12,12.42,154.92,40.97272049296986
12,13.92,63.08,40.040157773277976
12,14.08,66.92,40.38436248085715
12,15.92,61.92,39.25037362358787
12,16.42,61.58,38.61756730079651
12,16.58,61.42,38.63388503681529
12,17.08,61.42,38.37236252698031
12,19.92,149.92,34.64883362163197
12,19.92,154.92,35.331833839416504
12,21.42,118.42,20.685412634502757
12,22.92,159.92,31.80344715985385
12,22.92,179.92,31.840816844593395
12,27.42,-155.08,25.373742428692903
12,28.42,154.92,22.661173993890937
12,29.42,-141.08,22.96977069161155
12,30.08,-134.58,21.446111462332983
12,31.58,-123.58,21.685486457564615
12,33.42,-118.58,21.764270641586997
12,47.58,-64.08,6.608008552681316
12,47.58,-60.08,5.164173250848597
12,49.58,-66.08,5.108311851819356
12,49.58,-62.08,5.626439218935759
